  ⚠️  decks/antithrombotic-therapy: house-style advisory [deck_visual_count] deck: ai-visual 3장 < 4
  ⚠️  low-contrast: 'ANTITHROMBOTIC THERAPY ·' 1.0:1 (<4.5) — div.slide__chapter
  ⚠️  low-contrast: '2026.6' 1.4:1 (<4.5) — strong
  ⚠️  low-contrast: '광교바른내과 · Gwanggyo Barun Internal' 1.0:1 (<4.5) — span.slide__source
  ⚠️  low-contrast: '01 / 26' 1.0:1 (<4.5) — span.slide__page
  ⚠️  low-contrast: 'TYPE · 01' 3.0:1 (<4.5) — div.tile__index
  ⚠️  low-contrast: 'TYPE · 02' 2.8:1 (<4.5) — div.tile__index
  ⚠️  low-contrast: 'TYPE · 03' 3.0:1 (<4.5) — div.tile__index
  ⚠️  low-contrast: '동맥 · WHITE THROMBUS' 3.0:1 (<4.5) — div.tile__index
  ⚠️  low-contrast: '정맥·심장 · RED THROMBUS' 2.8:1 (<4.5) — div.tile__index
  ⚠️  low-contrast: 'DRUG · 01' 3.0:1 (<4.5) — div.tile__index
  ⚠️  low-contrast: 'DRUG · 02' 3.0:1 (<4.5) — div.tile__index
  ⚠️  low-contrast: 'DRUG · 03' 3.0:1 (<4.5) — div.tile__index
  ⚠️  low-contrast: 'DRUG · 05' 3.0:1 (<4.5) — div.tile__index
  ⚠️  low-contrast: 'DRUG · 06' 2.8:1 (<4.5) — div.tile__index
  ⚠️  low-contrast: 'DOAC (4종)' 3.0:1 (<4.5) — div.compare-col__header
  ⚠️  low-contrast: 'D' 2.5:1 (<4.5) — span.compare-col__marker
  ⚠️  low-contrast: 'INJECTABLE · 01' 3.0:1 (<4.5) — div.tile__index
  ⚠️  low-contrast: 'INJECTABLE · 02' 3.0:1 (<4.5) — div.tile__index
  ⚠️  low-contrast: 'INJECTABLE · 03' 3.0:1 (<4.5) — div.tile__index
  ⚠️  low-contrast: 'TICAGRELOR' 3.0:1 (<4.5) — div.tile__index
  ⚠️  low-contrast: 'PLATO · NEJM 2009' 2.8:1 (<4.5) — span.evchip
  ⚠️  low-contrast: 'PRASUGREL' 3.0:1 (<4.5) — div.tile__index
  ⚠️  low-contrast: 'TRITON-TIMI 38 · 2007' 2.8:1 (<4.5) — span.evchip
  ⚠️  low-contrast: 'HEAD-TO-HEAD' 2.8:1 (<4.5) — div.tile__index
  ⚠️  low-contrast: 'ISAR-REACT 5 · 2019' 2.8:1 (<4.5) — span.evchip
  ⚠️  low-contrast: 'EAST ASIAN PARADOX' 3.0:1 (<4.5) — div.pattern-hero-number__detail-label
  ⚠️  low-contrast: 'HOST-EXAM · Lancet 2021' 2.8:1 (<4.5) — span.evchip
  ⚠️  low-contrast: 'IPD meta · Lancet 2025' 2.8:1 (<4.5) — span.evchip
  ⚠️  low-contrast: 'COMPASS · NEJM 2017' 3.0:1 (<4.5) — div.pattern-hero-number__detail-label
  ⚠️  low-contrast: '2차 예방 — 변함없이 권고' 3.0:1 (<4.5) — div.compare-col__header
  ⚠️  low-contrast: '2' 2.5:1 (<4.5) — span.compare-col__marker
  ⚠️  low-contrast: 'DAPT란' 3.0:1 (<4.5) — div.tile__index
  ⚠️  low-contrast: '기간' 3.0:1 (<4.5) — div.tile__index
  ⚠️  low-contrast: '위험도 평가' 3.0:1 (<4.5) — div.tile__index
  ⚠️  low-contrast: '약 선택' 3.0:1 (<4.5) — div.tile__index
  ⚠️  low-contrast: 'TREATMENT · 01' 3.0:1 (<4.5) — div.tile__index
  ⚠️  low-contrast: 'TREATMENT · 02' 3.0:1 (<4.5) — div.tile__index
  ⚠️  low-contrast: 'PRIMARY CARE · 03' 3.0:1 (<4.5) — div.tile__index
  ⚠️  low-contrast: 'REFERRAL · 04' 2.8:1 (<4.5) — div.tile__index
  ⚠️  low-contrast: 'GROUP · 01' 3.0:1 (<4.5) — div.tile__index
  ⚠️  low-contrast: 'GROUP · 02' 3.0:1 (<4.5) — div.tile__index
  ⚠️  low-contrast: 'GROUP · 03' 3.0:1 (<4.5) — div.tile__index
  ⚠️  low-contrast: 'GROUP · 05' 3.0:1 (<4.5) — div.tile__index
  ⚠️  low-contrast: 'GROUP · 06' 3.0:1 (<4.5) — div.tile__index
  ⚠️  low-contrast: 'GI · 01' 3.0:1 (<4.5) — div.tile__index
  ⚠️  low-contrast: 'GI · 03' 3.0:1 (<4.5) — div.tile__index
  ⚠️  low-contrast: 'GI · 04' 3.0:1 (<4.5) — div.tile__index
  ⚠️  low-contrast: 'ANTIDOTE · 04' 2.8:1 (<4.5) — div.tile__index
  ⚠️  low-contrast: '01' 3.0:1 (<4.5) — div.check-item__num
  ⚠️  low-contrast: '02' 3.0:1 (<4.5) — div.check-item__num
  ⚠️  low-contrast: '03' 3.0:1 (<4.5) — div.check-item__num
  ⚠️  low-contrast: '04' 3.0:1 (<4.5) — div.check-item__num
  ⚠️  low-contrast: '05' 3.0:1 (<4.5) — div.check-item__num
  ⚠️  low-contrast: '06' 3.0:1 (<4.5) — div.check-item__num
  ⚠️  low-contrast: '07' 3.0:1 (<4.5) — div.check-item__num
  ℹ️  preview antithrombotic-therapy-preview.png: 18720px > 16384px → 2조각 분할 캡처 후 이어붙임
  ⚠️  low-contrast: '· ENDOCRINOLOGY' 1.0:1 (<4.5) — div.slide__chapter
  ⚠️  low-contrast: 'PATIENT EDUCATION' 1.4:1 (<4.5) — strong
  ⚠️  low-contrast: 'Graves' disease · TRAb · Antithy' 1.0:1 (<4.5) — span.slide__source
  ⚠️  low-contrast: '광교바른내과 일반내과' 1.0:1 (<4.5) — span.slide__page
  ⚠️  low-contrast: 'SYMPTOM · 01' 3.0:1 (<4.5) — div.tile__index
  ⚠️  low-contrast: 'SYMPTOM · 02' 3.0:1 (<4.5) — div.tile__index
  ⚠️  low-contrast: 'SYMPTOM · 03' 3.0:1 (<4.5) — div.tile__index
  ⚠️  low-contrast: 'SYMPTOM · 04' 3.0:1 (<4.5) — div.tile__index
  ⚠️  low-contrast: 'SYMPTOM · 05 · 그레이브스 특징' 3.0:1 (<4.5) — div.tile__index
  ⚠️  low-contrast: 'SYMPTOM · 06 · 그레이브스 특징' 3.0:1 (<4.5) — div.tile__index
  ⚠️  low-contrast: 'STEP · 01 · 선별' 3.0:1 (<4.5) — div.tile__index
  ⚠️  low-contrast: 'STEP · 02 · 확인' 3.0:1 (<4.5) — div.tile__index
  ⚠️  low-contrast: 'STEP · 03 · 확진' 3.0:1 (<4.5) — div.tile__index
  ⚠️  low-contrast: 'STEP · 04 · 영상' 3.0:1 (<4.5) — div.tile__index
  ⚠️  low-contrast: 'STEP · 05 · 보조' 3.0:1 (<4.5) — div.tile__index
  ⚠️  low-contrast: 'OPTION · 01' 3.0:1 (<4.5) — div.tile__index
  ⚠️  low-contrast: 'OPTION · 02' 3.0:1 (<4.5) — div.tile__index
  ⚠️  low-contrast: 'OPTION · 03' 3.0:1 (<4.5) — div.tile__index
  ⚠️  low-contrast: '누구에게 · 01' 3.0:1 (<4.5) — div.tile__index
  ⚠️  low-contrast: '누구에게 · 02' 3.0:1 (<4.5) — div.tile__index
  ⚠️  low-contrast: '누구에게 · 03' 3.0:1 (<4.5) — div.tile__index
  ⚠️  low-contrast: '부작용 · 02 · 드묾' 3.0:1 (<4.5) — div.tile__index
  ⚠️  low-contrast: '부작용 · 03 · 비교적 흔함' 3.0:1 (<4.5) — div.tile__index
  ⚠️  low-contrast: '부작용 · 04 · 관찰 시점' 3.0:1 (<4.5) — div.tile__index
  ⚠️  low-contrast: '방사성요오드 (RAI)' 3.0:1 (<4.5) — div.compare-col__header
  ⚠️  low-contrast: '+' 2.5:1 (<4.5) — span.compare-col__marker
  ⚠️  low-contrast: '안병증 · 01' 3.0:1 (<4.5) — div.tile__index
  ⚠️  low-contrast: '안병증 · 02 · 핵심' 3.0:1 (<4.5) — div.tile__index
  ⚠️  low-contrast: '안병증 · 03 · 치료' 3.0:1 (<4.5) — div.tile__index
  ⚠️  low-contrast: '안병증 · 04 · 신약' 3.0:1 (<4.5) — div.tile__index
  ⚠️  low-contrast: '01' 3.0:1 (<4.5) — div.check-item__num
  ⚠️  low-contrast: '02' 3.0:1 (<4.5) — div.check-item__num
  ⚠️  low-contrast: '03' 3.0:1 (<4.5) — div.check-item__num
  ⚠️  low-contrast: '04' 3.0:1 (<4.5) — div.check-item__num
  ⚠️  low-contrast: '05' 3.0:1 (<4.5) — div.check-item__num
  ⚠️  low-contrast: '06' 3.0:1 (<4.5) — div.check-item__num
  ⚠️  low-contrast: '07' 3.0:1 (<4.5) — div.check-item__num
  ⚠️  low-contrast: '08' 3.0:1 (<4.5) — div.check-item__num
  ⚠️  decks/lp-a-cv-risk: house-style advisory [deck_min_count] deck: 슬라이드 8장 < 10
  ⚠️  decks/lp-a-cv-risk: house-style advisory [deck_tile_min_count] deck: tile 블록 5개 < 6
  ⚠️  decks/lp-a-cv-risk: house-style advisory [deck_visual_count] deck: ai-visual 3장 < 4
  ⚠️  low-contrast: '· CARDIOLOGY' 1.0:1 (<4.5) — div.slide__chapter
  ⚠️  low-contrast: 'PATIENT EDUCATION' 1.4:1 (<4.5) — strong
  ⚠️  low-contrast: 'Lipoprotein(a) · Cardiovascular ' 1.0:1 (<4.5) — span.slide__source
  ⚠️  low-contrast: '광교바른내과 순환기·일반내과' 1.0:1 (<4.5) — span.slide__page
  ⚠️  low-contrast: '관상동맥 사건' 2.8:1 (<4.5) — div.tile__index
  ⚠️  low-contrast: '심근경색 (MI)' 2.8:1 (<4.5) — div.tile__index
  ⚠️  low-contrast: '허혈성 뇌졸중' 3.0:1 (<4.5) — div.tile__index
  ⚠️  low-contrast: 'Who & how long' 3.0:1 (<4.5) — div.pattern-hero-number__detail-label
  ⚠️  low-contrast: 'Lp(a)가 높은 그룹' 2.8:1 (<4.5) — div.tile__index
  ⚠️  low-contrast: 'Lp(a)가 낮은 그룹' 2.8:1 (<4.5) — div.tile__index
  ⚠️  low-contrast: '01' 3.0:1 (<4.5) — div.check-item__num
  ⚠️  low-contrast: '02' 3.0:1 (<4.5) — div.check-item__num
  ⚠️  low-contrast: '03' 3.0:1 (<4.5) — div.check-item__num
  ⚠️  low-contrast: '04' 3.0:1 (<4.5) — div.check-item__num
  ⚠️  low-contrast: '05' 3.0:1 (<4.5) — div.check-item__num
  ⚠️  decks/pcsk9-oral-inhibitor: house-style advisory [deck_min_count] deck: 슬라이드 8장 < 10
  ⚠️  decks/pcsk9-oral-inhibitor: house-style advisory [deck_tile_min_count] deck: tile 블록 5개 < 6
  ⚠️  decks/pcsk9-oral-inhibitor: house-style advisory [deck_visual_count] deck: ai-visual 3장 < 4
  ⚠️  low-contrast: '· CARDIOLOGY' 1.0:1 (<4.5) — div.slide__chapter
  ⚠️  low-contrast: 'PATIENT EDUCATION' 1.4:1 (<4.5) — strong
  ⚠️  low-contrast: 'Oral PCSK9 inhibitor (AZD0780, L' 1.0:1 (<4.5) — span.slide__source
  ⚠️  low-contrast: '광교바른내과 순환기·일반내과' 1.0:1 (<4.5) — span.slide__page
  ⚠️  low-contrast: '지금의 PCSK9 치료' 3.0:1 (<4.5) — div.tile__index
  ⚠️  low-contrast: '이번 연구의 후보' 2.8:1 (<4.5) — div.tile__index
  ⚠️  low-contrast: 'How it was tested' 3.0:1 (<4.5) — div.pattern-hero-number__detail-label
  ⚠️  low-contrast: '스타틴만' 3.0:1 (<4.5) — div.tile__index
  ⚠️  low-contrast: '+ 알약 1mg' 2.8:1 (<4.5) — div.tile__index
  ⚠️  low-contrast: '+ 알약 30mg' 2.8:1 (<4.5) — div.tile__index
  ⚠️  low-contrast: '스타틴 추가 −29%' 3.0:1 (<4.5) — div.bar-label__addon
  ⚠️  low-contrast: '스타틴 추가 −51%' 3.0:1 (<4.5) — div.bar-label__addon
  ⚠️  low-contrast: '01' 3.0:1 (<4.5) — div.check-item__num
  ⚠️  low-contrast: '02' 3.0:1 (<4.5) — div.check-item__num
  ⚠️  low-contrast: '03' 3.0:1 (<4.5) — div.check-item__num
  ⚠️  low-contrast: '04' 3.0:1 (<4.5) — div.check-item__num
  ⚠️  low-contrast: '05' 3.0:1 (<4.5) — div.check-item__num
  ⚠️  decks/hiit-hepatitis-b-steatosis: house-style advisory [deck_min_count] deck: 슬라이드 8장 < 10
  ⚠️  decks/hiit-hepatitis-b-steatosis: house-style advisory [deck_tile_min_count] deck: tile 블록 2개 < 6
  ⚠️  decks/hiit-hepatitis-b-steatosis: house-style advisory [deck_visual_count] deck: ai-visual 3장 < 4
  ⚠️  low-contrast: '· GASTROENTEROLOGY / HEPATOLOGY' 1.0:1 (<4.5) — div.slide__chapter
  ⚠️  low-contrast: 'PATIENT EDUCATION' 1.4:1 (<4.5) — strong
  ⚠️  low-contrast: 'HIIT · Chronic Hepatitis B · Hep' 1.0:1 (<4.5) — span.slide__source
  ⚠️  low-contrast: '광교바른내과 소화기·일반내과' 1.0:1 (<4.5) — span.slide__page
  ⚠️  low-contrast: 'What it means' 3.0:1 (<4.5) — div.pattern-hero-number__detail-label
  ⚠️  low-contrast: '심폐 체력 (VO₂max)' 2.8:1 (<4.5) — div.tile__index
  ⚠️  low-contrast: '정서적 안녕감' 2.8:1 (<4.5) — div.tile__index
  ⚠️  low-contrast: '01' 3.0:1 (<4.5) — div.check-item__num
  ⚠️  low-contrast: '02' 3.0:1 (<4.5) — div.check-item__num
  ⚠️  low-contrast: '03' 3.0:1 (<4.5) — div.check-item__num
  ⚠️  low-contrast: '04' 3.0:1 (<4.5) — div.check-item__num
  ⚠️  low-contrast: '05' 3.0:1 (<4.5) — div.check-item__num
  ⚠️  low-contrast: 'CHRONIC HEPATITIS B ·' 1.0:1 (<4.5) — div.slide__chapter
  ⚠️  low-contrast: '2026' 1.4:1 (<4.5) — strong
  ⚠️  low-contrast: '광교바른내과 · Gwanggyo Barun Internal' 1.0:1 (<4.5) — span.slide__source
  ⚠️  low-contrast: '01 / 13' 1.0:1 (<4.5) — span.slide__page
  ⚠️  low-contrast: '치료율 22.2%' 2.8:1 (<4.5) — span.evchip
  ⚠️  low-contrast: '간암 1위 원인' 2.8:1 (<4.5) — span.evchip
  ⚠️  low-contrast: '감염 경로' 3.0:1 (<4.5) — div.tile__index
  ⚠️  low-contrast: '증상' 2.8:1 (<4.5) — div.tile__index
  ⚠️  low-contrast: '확인 방법' 3.0:1 (<4.5) — div.tile__index
  ⚠️  low-contrast: 'STEP 01' 3.0:1 (<4.5) — div.tile__index
  ⚠️  low-contrast: 'STEP 02' 3.0:1 (<4.5) — div.tile__index
  ⚠️  low-contrast: 'STEP 03' 2.8:1 (<4.5) — div.tile__index
  ⚠️  low-contrast: 'STEP 04' 3.0:1 (<4.5) — div.tile__index
  ⚠️  low-contrast: '많음 · HIGH' 3.0:1 (<4.5) — div.tile__index
  ⚠️  low-contrast: '중간 · MODERATE' 2.8:1 (<4.5) — div.tile__index
  ⚠️  low-contrast: '적음 · LOW' 3.0:1 (<4.5) — div.tile__index
  ⚠️  low-contrast: '예전 기준 (~2022)' 1.0:1 (<4.5) — div.compare-col__header
  ⚠️  low-contrast: '새 기준 (2026)' 1.0:1 (<4.5) — div.compare-col__header
  ⚠️  low-contrast: '관찰' 3.0:1 (<4.5) — span.dtable__tag.dtable__tag--watch
  ⚠️  low-contrast: '1차 치료제' 3.0:1 (<4.5) — div.tile__index
  ⚠️  low-contrast: '효과' 2.8:1 (<4.5) — div.tile__index
  ⚠️  low-contrast: '맞춤 선택' 3.0:1 (<4.5) — div.tile__index
  ⚠️  low-contrast: '6개월마다' 2.8:1 (<4.5) — div.tile__index
  ⚠️  low-contrast: '정기적으로' 3.0:1 (<4.5) — div.tile__index
  ⚠️  low-contrast: '관찰 대상도' 3.0:1 (<4.5) — div.tile__index
  ⚠️  low-contrast: '임신 · 01' 3.0:1 (<4.5) — div.tile__index
  ⚠️  low-contrast: '임신 · 02' 3.0:1 (<4.5) — div.tile__index
  ⚠️  low-contrast: '항암·면역억제 · 03' 2.8:1 (<4.5) — div.tile__index
  ⚠️  low-contrast: '가족 · 04' 3.0:1 (<4.5) — div.tile__index
  ⚠️  low-contrast: '01' 3.0:1 (<4.5) — div.check-item__num
  ⚠️  low-contrast: '02' 3.0:1 (<4.5) — div.check-item__num
  ⚠️  low-contrast: '03' 3.0:1 (<4.5) — div.check-item__num
  ⚠️  low-contrast: '04' 3.0:1 (<4.5) — div.check-item__num
  ⚠️  low-contrast: '05' 3.0:1 (<4.5) — div.check-item__num
  ⚠️  low-contrast: '06' 3.0:1 (<4.5) — div.check-item__num
  ⚠️  low-contrast: '07' 3.0:1 (<4.5) — div.check-item__num
  ⚠️  low-contrast: '· GYNECOLOGY' 1.0:1 (<4.5) — div.slide__chapter
  ⚠️  low-contrast: 'PATIENT EDUCATION' 1.4:1 (<4.5) — strong
  ⚠️  low-contrast: 'ROMA · HE4 + CA-125 + 폐경 상태 · 위험' 1.0:1 (<4.5) — span.slide__source
  ⚠️  low-contrast: '광교바른내과 일반내과' 1.0:1 (<4.5) — span.slide__page
  ⚠️  low-contrast: '채혈' 3.0:1 (<4.5) — div.stats3-cell__sub
  ⚠️  low-contrast: 'HE4' 3.0:1 (<4.5) — em
  ⚠️  low-contrast: 'CA-125' 3.0:1 (<4.5) — em
  ⚠️  low-contrast: '폐경 전·후' 3.0:1 (<4.5) — em
  ⚠️  low-contrast: 'CA-125 (MUC16 점액 단백)' 3.0:1 (<4.5) — div.compare-col__header
  ⚠️  low-contrast: '+' 2.5:1 (<4.5) — span.compare-col__marker
  ⚠️  low-contrast: '대상 · 01' 3.0:1 (<4.5) — div.tile__index
  ⚠️  low-contrast: '대상 · 02' 3.0:1 (<4.5) — div.tile__index
  ⚠️  low-contrast: '방법 · 03' 3.0:1 (<4.5) — div.tile__index
  ⚠️  low-contrast: '목적 · 04' 3.0:1 (<4.5) — div.tile__index
  ⚠️  low-contrast: '민감도' 3.0:1 (<4.5) — div.stats3-cell__sub
  ⚠️  low-contrast: '%' 3.0:1 (<4.5) — span
  ⚠️  low-contrast: '메타 민감도 / 특이도' 3.0:1 (<4.5) — div.stats3-cell__sub
  ⚠️  low-contrast: '부인과 · 01' 3.0:1 (<4.5) — div.tile__index
  ⚠️  low-contrast: '부인과 · 02' 3.0:1 (<4.5) — div.tile__index
  ⚠️  low-contrast: '부인과 · 03' 3.0:1 (<4.5) — div.tile__index
  ⚠️  low-contrast: '부인과 외 · 04' 3.0:1 (<4.5) — div.tile__index
  ⚠️  low-contrast: '부인과 외 · 05' 3.0:1 (<4.5) — div.tile__index
  ⚠️  low-contrast: 'HE4 · 06' 3.0:1 (<4.5) — div.tile__index
  ⚠️  low-contrast: '01' 3.0:1 (<4.5) — div.check-item__num
  ⚠️  low-contrast: '02' 3.0:1 (<4.5) — div.check-item__num
  ⚠️  low-contrast: '03' 3.0:1 (<4.5) — div.check-item__num
  ⚠️  low-contrast: '04' 3.0:1 (<4.5) — div.check-item__num
  ⚠️  low-contrast: '05' 3.0:1 (<4.5) — div.check-item__num
  ⚠️  low-contrast: '06' 3.0:1 (<4.5) — div.check-item__num
  ⚠️  low-contrast: '07' 3.0:1 (<4.5) — div.check-item__num
  ⚠️  low-contrast: '08' 3.0:1 (<4.5) — div.check-item__num
  ⚠️  low-contrast: '· GASTROENTEROLOGY' 1.0:1 (<4.5) — div.slide__chapter
  ⚠️  low-contrast: 'PATIENT EDUCATION' 1.4:1 (<4.5) — strong
  ⚠️  low-contrast: 'GERD · Gastroesophageal Reflux D' 1.0:1 (<4.5) — span.slide__source
  ⚠️  low-contrast: '광교바른내과 소화기내과' 1.0:1 (<4.5) — span.slide__page
  ⚠️  low-contrast: 'Why it matters' 3.0:1 (<4.5) — div.pattern-hero-number__detail-label
  ⚠️  low-contrast: 'TYPICAL · 01' 3.0:1 (<4.5) — div.tile__index
  ⚠️  low-contrast: 'TYPICAL · 02' 3.0:1 (<4.5) — div.tile__index
  ⚠️  low-contrast: 'TYPICAL · 03' 2.8:1 (<4.5) — div.tile__index
  ⚠️  low-contrast: 'ATYPICAL · 04' 3.0:1 (<4.5) — div.tile__index
  ⚠️  low-contrast: 'ATYPICAL · 05' 3.0:1 (<4.5) — div.tile__index
  ⚠️  low-contrast: 'ATYPICAL · 06' 3.0:1 (<4.5) — div.tile__index
  ⚠️  low-contrast: 'FACTOR · 01' 3.0:1 (<4.5) — div.tile__index
  ⚠️  low-contrast: 'FACTOR · 02' 3.0:1 (<4.5) — div.tile__index
  ⚠️  low-contrast: 'FACTOR · 03' 3.0:1 (<4.5) — div.tile__index
  ⚠️  low-contrast: 'FACTOR · 04' 3.0:1 (<4.5) — div.tile__index
  ⚠️  low-contrast: 'FACTOR · 05' 3.0:1 (<4.5) — div.tile__index
  ⚠️  low-contrast: 'FACTOR · 06' 3.0:1 (<4.5) — div.tile__index
  ⚠️  low-contrast: 'FIRST LINE' 3.0:1 (<4.5) — div.tile__index
  ⚠️  low-contrast: 'RAPID ONSET' 2.8:1 (<4.5) — div.tile__index
  ⚠️  low-contrast: 'ADJUNCT' 3.0:1 (<4.5) — div.tile__index
  ⚠️  low-contrast: '권장' 3.0:1 (<4.5) — div.compare-col__header
  ⚠️  low-contrast: '+' 2.5:1 (<4.5) — span.compare-col__marker
  ⚠️  low-contrast: 'HABIT · 01' 3.0:1 (<4.5) — div.tile__index
  ⚠️  low-contrast: 'HABIT · 02' 3.0:1 (<4.5) — div.tile__index
  ⚠️  low-contrast: 'HABIT · 03' 2.8:1 (<4.5) — div.tile__index
  ⚠️  low-contrast: 'HABIT · 04' 3.0:1 (<4.5) — div.tile__index
  ⚠️  low-contrast: 'HABIT · 05' 3.0:1 (<4.5) — div.tile__index
  ⚠️  low-contrast: 'HABIT · 06' 3.0:1 (<4.5) — div.tile__index
  ⚠️  low-contrast: '01' 3.0:1 (<4.5) — div.check-item__num
  ⚠️  low-contrast: '02' 3.0:1 (<4.5) — div.check-item__num
  ⚠️  low-contrast: '03' 3.0:1 (<4.5) — div.check-item__num
  ⚠️  low-contrast: '04' 3.0:1 (<4.5) — div.check-item__num
  ⚠️  low-contrast: '05' 3.0:1 (<4.5) — div.check-item__num
  ⚠️  low-contrast: '06' 3.0:1 (<4.5) — div.check-item__num
  ⚠️  low-contrast: '07' 3.0:1 (<4.5) — div.check-item__num
  ⚠️  low-contrast: '· 소화기내과' 1.0:1 (<4.5) — div.slide__chapter
  ⚠️  low-contrast: 'PATIENT EDUCATION' 1.4:1 (<4.5) — strong
  ⚠️  low-contrast: '본 자료는 일반 건강정보이며 개인별 진단·처방을 대신하지 ' 1.0:1 (<4.5) — span.slide__source
  ⚠️  low-contrast: '광교바른내과 소화기내과' 1.0:1 (<4.5) — span.slide__page
  ⚠️  low-contrast: 'STRONG · 01' 2.8:1 (<4.5) — div.tile__index
  ⚠️  low-contrast: 'CONDITIONAL · 02' 3.0:1 (<4.5) — div.tile__index
  ⚠️  low-contrast: 'WEAK · 03' 3.0:1 (<4.5) — div.tile__index
  ⚠️  low-contrast: '한국 · 04' 3.0:1 (<4.5) — div.tile__index
  ⚠️  low-contrast: '한국 · 05' 3.0:1 (<4.5) — div.tile__index
  ⚠️  low-contrast: '원칙 · 06' 3.0:1 (<4.5) — div.tile__index
  ⚠️  low-contrast: '대표 증상 · 01' 2.8:1 (<4.5) — div.tile__index
  ⚠️  low-contrast: '대표 증상 · 02' 3.0:1 (<4.5) — div.tile__index
  ⚠️  low-contrast: '대표 증상 · 03' 3.0:1 (<4.5) — div.tile__index
  ⚠️  low-contrast: '기전 · 01' 2.8:1 (<4.5) — div.tile__index
  ⚠️  low-contrast: '역학 · 02' 3.0:1 (<4.5) — div.tile__index
  ⚠️  low-contrast: '중재 · 03' 3.0:1 (<4.5) — div.tile__index
  ⚠️  low-contrast: '허리둘레 · 05' 3.0:1 (<4.5) — div.tile__index
  ⚠️  low-contrast: '⚠️ 주의 · 06' 3.0:1 (<4.5) — div.tile__index
  ⚠️  low-contrast: '왜 · 01' 2.8:1 (<4.5) — div.tile__index
  ⚠️  low-contrast: '무엇을 · 02' 3.0:1 (<4.5) — div.tile__index
  ⚠️  low-contrast: '어떻게 · 03' 3.0:1 (<4.5) — div.tile__index
  ⚠️  low-contrast: '먼저 · 04' 3.0:1 (<4.5) — div.tile__index
  ⚠️  low-contrast: '같이 · 05' 3.0:1 (<4.5) — div.tile__index
  ⚠️  low-contrast: '주의 · 06' 3.0:1 (<4.5) — div.tile__index
  ⚠️  low-contrast: '언제 · 02' 3.0:1 (<4.5) — div.tile__index
  ⚠️  low-contrast: '현실적으로 · 03' 3.0:1 (<4.5) — div.tile__index
  ⚠️  low-contrast: '무엇을 · 04' 3.0:1 (<4.5) — div.tile__index
  ⚠️  low-contrast: '자세 · 05' 3.0:1 (<4.5) — div.tile__index
  ⚠️  low-contrast: '확인 · 06' 3.0:1 (<4.5) — div.tile__index
  ⚠️  low-contrast: '좌측위 · 01' 2.8:1 (<4.5) — div.tile__index
  ⚠️  low-contrast: '좌측위 근거 · 02' 3.0:1 (<4.5) — div.tile__index
  ⚠️  low-contrast: '상체거상 · 03' 3.0:1 (<4.5) — div.tile__index
  ⚠️  low-contrast: '상체거상 근거 · 04' 3.0:1 (<4.5) — div.tile__index
  ⚠️  low-contrast: '⚠️ 상체거상 · 05' 3.0:1 (<4.5) — div.tile__index
  ⚠️  low-contrast: '조합 · 06' 3.0:1 (<4.5) — div.tile__index
  ⚠️  low-contrast: '아침 · 점심' 3.0:1 (<4.5) — div.tile__index
  ⚠️  low-contrast: '저녁' 2.8:1 (<4.5) — div.tile__index
  ⚠️  low-contrast: '취침 전' 3.0:1 (<4.5) — div.tile__index
  ⚠️  low-contrast: '원칙 · 01' 2.8:1 (<4.5) — div.tile__index
  ⚠️  low-contrast: '실험 · 02' 3.0:1 (<4.5) — div.tile__index
  ⚠️  low-contrast: '탄수화물 · 03' 3.0:1 (<4.5) — div.tile__index
  ⚠️  low-contrast: '고지방 · 04' 3.0:1 (<4.5) — div.tile__index
  ⚠️  low-contrast: '⚠️ 커피 · 05' 3.0:1 (<4.5) — div.tile__index
  ⚠️  low-contrast: '한국 · 06' 3.0:1 (<4.5) — div.tile__index
  ⚠️  low-contrast: '금연 · 01' 2.8:1 (<4.5) — div.tile__index
  ⚠️  low-contrast: '절주 · 02' 3.0:1 (<4.5) — div.tile__index
  ⚠️  low-contrast: '운동 · 03' 3.0:1 (<4.5) — div.tile__index
  ⚠️  low-contrast: '⚠️ 운동 · 04' 3.0:1 (<4.5) — div.tile__index
  ⚠️  low-contrast: '호흡 · 05' 3.0:1 (<4.5) — div.tile__index
  ⚠️  low-contrast: '호흡 · 06' 3.0:1 (<4.5) — div.tile__index
  ⚠️  low-contrast: '01 · 가장 확실한 한 수' 2.8:1 (<4.5) — div.tile__index
  ⚠️  low-contrast: '02 · 야간 증상에 먼저 듣는 것' 3.0:1 (<4.5) — div.tile__index
  ⚠️  low-contrast: '03 · 금지 목록 대신' 3.0:1 (<4.5) — div.tile__index
  ⚠️  low-contrast: '약물치료와 함께 실천하는 교정' 1.4:1 (<4.5) — div
  ⚠️  low-contrast: '하루 일정에 넣는 법' 1.4:1 (<4.5) — div
  ⚠️  low-contrast: '~21시' 3.0:1 (<4.5) — span.box
  ⚠️  low-contrast: '→' 2.8:1 (<4.5) — span.arw
  ⚠️  low-contrast: '23시' 3.0:1 (<4.5) — span.box
  ⚠️  decks/refractory-dyspepsia: house-style advisory [deck_closing_template] deck: closing 템플릿 권고 요소 누락 ['contact-card']
  ⚠️  low-contrast: '· GASTROENTEROLOGY' 1.0:1 (<4.5) — div.slide__chapter
  ⚠️  low-contrast: 'PATIENT EDUCATION' 1.4:1 (<4.5) — strong
  ⚠️  low-contrast: '기능성 소화불량 · 역류 과민성 · 기능성 가슴쓰림 (DG' 1.0:1 (<4.5) — span.slide__source
  ⚠️  low-contrast: '광교바른내과 일반내과' 1.0:1 (<4.5) — span.slide__page
  ⚠️  low-contrast: '弛緩 장애' 3.0:1 (<4.5) — div.stats3-cell__cap
  ⚠️  low-contrast: '→ 산을 넘어 을 함께 다스려야 합니다.' 3.0:1 (<4.5) — p.tile__truth
  ⚠️  low-contrast: '신경 과민' 3.0:1 (<4.5) — strong
  ⚠️  low-contrast: '→ 야간 증상은 대개 이 원인입니다.' 3.0:1 (<4.5) — p.tile__truth
  ⚠️  low-contrast: '역류·신경 과민' 3.0:1 (<4.5) — strong
  ⚠️  low-contrast: '→ 의지 문제가 아니라 입니다.' 3.0:1 (<4.5) — p.tile__truth
  ⚠️  low-contrast: '치료가 되는 병' 3.0:1 (<4.5) — strong
  ⚠️  low-contrast: '01' 3.0:1 (<4.5) — div.check-item__num
  ⚠️  low-contrast: '02' 3.0:1 (<4.5) — div.check-item__num
  ⚠️  low-contrast: '03' 3.0:1 (<4.5) — div.check-item__num
  ⚠️  low-contrast: '04' 3.0:1 (<4.5) — div.check-item__num
  ⚠️  low-contrast: '05' 3.0:1 (<4.5) — div.check-item__num
  ⚠️  low-contrast: '06' 3.0:1 (<4.5) — div.check-item__num
  ⚠️  low-contrast: 'TYPE · 01' 3.0:1 (<4.5) — div.tile__index
  ⚠️  low-contrast: 'TYPE · 02' 3.0:1 (<4.5) — div.tile__index
  ⚠️  low-contrast: 'TYPE · 03' 3.0:1 (<4.5) — div.tile__index
  ⚠️  low-contrast: '(진료 참고용)' 3.0:1 (<4.5) — span
  ⚠️  low-contrast: '저용량 취침 전 시작, 천천히 증량' 3.0:1 (<4.5) — div.dt-row__note
  ⚠️  low-contrast: '취침 전 복용, 혈구 이상 시 점검' 3.0:1 (<4.5) — div.dt-row__note
  ⚠️  low-contrast: '비교적 순함, 식전 위 이완 목적' 3.0:1 (<4.5) — div.dt-row__note
  ⚠️  low-contrast: '식전 복용, 간수치 필요시 확인' 3.0:1 (<4.5) — div.dt-row__note
  ⚠️  low-contrast: 'ADD-ON · 01' 3.0:1 (<4.5) — div.tile__index
  ⚠️  low-contrast: 'ADD-ON · 02' 3.0:1 (<4.5) — div.tile__index
  ⚠️  low-contrast: 'ADD-ON · 03' 3.0:1 (<4.5) — div.tile__index
  ⚠️  low-contrast: 'ADD-ON · 04' 3.0:1 (<4.5) — div.tile__index
  ⚠️  low-contrast: '01' 3.0:1 (<4.5) — div.lsm-item__num
  ⚠️  low-contrast: '— 식후 특히' 3.0:1 (<4.5) — span.tag
  ⚠️  low-contrast: '02' 3.0:1 (<4.5) — div.lsm-item__num
  ⚠️  low-contrast: '03' 3.0:1 (<4.5) — div.lsm-item__num
  ⚠️  low-contrast: '04' 3.0:1 (<4.5) — div.lsm-item__num
  ⚠️  low-contrast: '05' 3.0:1 (<4.5) — div.lsm-item__num
  ⚠️  low-contrast: '방법 · 01' 3.0:1 (<4.5) — div.tile__index
  ⚠️  low-contrast: '방법 · 02' 3.0:1 (<4.5) — div.tile__index
  ⚠️  low-contrast: '방법 · 03' 3.0:1 (<4.5) — div.tile__index
  ⚠️  decks/hpylori: 2 grandfathered large_internal_gap (non-blocking, pre-existing 부채): [{'slide': 6, 'kind': 'large_internal_gap', 'detail': '201px between children', 'sample': 'tile'}, {'slide': 7, 'kind': 'large_internal_gap', 'detail': '172px between children', 'sample': 'tile'}]
  ⚠️  low-contrast: '· GASTROENTEROLOGY' 1.0:1 (<4.5) — div.slide__chapter
  ⚠️  low-contrast: 'PATIENT EDUCATION' 1.4:1 (<4.5) — strong
  ⚠️  low-contrast: 'H. pylori · Helicobacter pylori ' 1.0:1 (<4.5) — span.slide__source
  ⚠️  low-contrast: '광교바른내과 소화기내과' 1.0:1 (<4.5) — span.slide__page
  ⚠️  low-contrast: 'Why eradication matters' 2.8:1 (<4.5) — div.pattern-hero-number__detail-label
  ⚠️  low-contrast: 'INVASIVE · 01' 2.8:1 (<4.5) — div.tile__index
  ⚠️  low-contrast: 'INVASIVE · 02' 3.0:1 (<4.5) — div.tile__index
  ⚠️  low-contrast: 'INVASIVE · 03' 3.0:1 (<4.5) — div.tile__index
  ⚠️  low-contrast: 'NON-INVASIVE · 04' 3.0:1 (<4.5) — div.tile__index
  ⚠️  low-contrast: 'NON-INVASIVE · 05' 3.0:1 (<4.5) — div.tile__index
  ⚠️  low-contrast: 'NON-INVASIVE · 06' 3.0:1 (<4.5) — div.tile__index
  ⚠️  low-contrast: 'STRONG · 01' 2.8:1 (<4.5) — div.tile__index
  ⚠️  low-contrast: 'STRONG · 02' 2.8:1 (<4.5) — div.tile__index
  ⚠️  low-contrast: 'STRONG · 03' 2.8:1 (<4.5) — div.tile__index
  ⚠️  low-contrast: 'CONDITIONAL · 04' 3.0:1 (<4.5) — div.tile__index
  ⚠️  low-contrast: 'CONDITIONAL · 05' 3.0:1 (<4.5) — div.tile__index
  ⚠️  low-contrast: 'CONDITIONAL · 06' 3.0:1 (<4.5) — div.tile__index
  ⚠️  low-contrast: 'OPTION · A' 3.0:1 (<4.5) — div.tile__index
  ⚠️  low-contrast: '7 – 14 days' 3.0:1 (<4.5) — div.tile__duration
  ⚠️  low-contrast: 'OPTION · B · PREFERRED' 2.8:1 (<4.5) — div.tile__index
  ⚠️  low-contrast: '10 – 14 days' 2.8:1 (<4.5) — div.tile__duration
  ⚠️  low-contrast: 'OPTION · C' 3.0:1 (<4.5) — div.tile__index
  ⚠️  low-contrast: '7 – 10 days' 3.0:1 (<4.5) — div.tile__duration
  ⚠️  low-contrast: '2ND LINE · A' 2.8:1 (<4.5) — div.tile__index
  ⚠️  low-contrast: '1차에 미사용 시 우선' 2.8:1 (<4.5) — div.tile__duration
  ⚠️  low-contrast: '2ND LINE · B' 3.0:1 (<4.5) — div.tile__index
  ⚠️  low-contrast: '10 – 14 days' 3.0:1 (<4.5) — div.tile__duration
  ⚠️  low-contrast: '3RD LINE' 3.0:1 (<4.5) — div.tile__index
  ⚠️  low-contrast: '감수성 기반 선택' 3.0:1 (<4.5) — div.tile__duration
  ⚠️  low-contrast: 'RULE · 01' 2.8:1 (<4.5) — div.tile__index
  ⚠️  low-contrast: 'RULE · 02' 3.0:1 (<4.5) — div.tile__index
  ⚠️  low-contrast: 'RULE · 03' 3.0:1 (<4.5) — div.tile__index
  ⚠️  low-contrast: 'RULE · 04' 3.0:1 (<4.5) — div.tile__index
  ⚠️  low-contrast: 'COMMON · 01' 3.0:1 (<4.5) — div.tile__index
  ⚠️  low-contrast: 'COMMON · 02' 3.0:1 (<4.5) — div.tile__index
  ⚠️  low-contrast: 'COMMON · 03' 2.8:1 (<4.5) — div.tile__index
  ⚠️  low-contrast: 'COMMON · 04' 3.0:1 (<4.5) — div.tile__index
  ⚠️  low-contrast: 'COMMON · 05' 3.0:1 (<4.5) — div.tile__index
  ⚠️  low-contrast: '01' 3.0:1 (<4.5) — div.check-item__num
  ⚠️  low-contrast: '02' 3.0:1 (<4.5) — div.check-item__num
  ⚠️  low-contrast: '03' 3.0:1 (<4.5) — div.check-item__num
  ⚠️  low-contrast: '04' 3.0:1 (<4.5) — div.check-item__num
  ⚠️  low-contrast: '05' 3.0:1 (<4.5) — div.check-item__num
  ⚠️  low-contrast: '06' 3.0:1 (<4.5) — div.check-item__num
  ⚠️  low-contrast: '07' 3.0:1 (<4.5) — div.check-item__num
  ⚠️  decks/masld-fatty-liver: house-style advisory [deck_tile_min_count] deck: tile 블록 4개 < 6
  ⚠️  decks/masld-fatty-liver: house-style advisory [deck_visual_count] deck: ai-visual 0장 < 4
  ⚠️  low-contrast: '· GASTROENTEROLOGY' 1.0:1 (<4.5) — div.slide__chapter
  ⚠️  low-contrast: 'PATIENT EDUCATION' 1.4:1 (<4.5) — strong
  ⚠️  low-contrast: 'MASLD · 대사질환 · 심혈관 위험 · 섬유화 단계가 ' 1.0:1 (<4.5) — span.slide__source
  ⚠️  low-contrast: '광교바른내과 소화기내과' 1.0:1 (<4.5) — span.slide__page
  ⚠️  low-contrast: '당뇨 환자' 3.0:1 (<4.5) — div.stats3-cell__sub
  ⚠️  low-contrast: '핵심 · 01' 3.0:1 (<4.5) — div.tile__index
  ⚠️  low-contrast: '식사 · 02' 3.0:1 (<4.5) — div.tile__index
  ⚠️  low-contrast: '운동 · 03' 3.0:1 (<4.5) — div.tile__index
  ⚠️  low-contrast: 'MASLD (대사이상 지방간질환)' 3.0:1 (<4.5) — div.compare-col__header
  ⚠️  low-contrast: '+' 2.5:1 (<4.5) — span.compare-col__marker
  ⚠️  low-contrast: '01' 3.0:1 (<4.5) — div.check-item__num
  ⚠️  low-contrast: '02' 3.0:1 (<4.5) — div.check-item__num
  ⚠️  low-contrast: '03' 3.0:1 (<4.5) — div.check-item__num
  ⚠️  low-contrast: '04' 3.0:1 (<4.5) — div.check-item__num
  ⚠️  low-contrast: '05' 3.0:1 (<4.5) — div.check-item__num
  ⚠️  low-contrast: '06' 3.0:1 (<4.5) — div.check-item__num
  ⚠️  low-contrast: '07' 3.0:1 (<4.5) — div.check-item__num
  ⚠️  low-contrast: '08' 3.0:1 (<4.5) — div.check-item__num
  ⚠️  decks/morning-htn: house-style advisory [v1_thin_body] deck: 본문이 얇은 슬라이드 #2(139자)
  ⚠️  low-contrast: '· CARDIOLOGY' 1.0:1 (<4.5) — div.slide__chapter
  ⚠️  low-contrast: 'PATIENT EDUCATION' 1.4:1 (<4.5) — strong
  ⚠️  low-contrast: 'Morning Hypertension · Home Bloo' 1.0:1 (<4.5) — span.slide__source
  ⚠️  low-contrast: '광교바른내과 순환기내과' 1.0:1 (<4.5) — span.slide__page
  ⚠️  low-contrast: '한국 일차진료' 3.0:1 (<4.5) — div.stats3-cell__unit
  ⚠️  low-contrast: 'SUBTYPE · 01' 3.0:1 (<4.5) — div.tile__index
  ⚠️  low-contrast: 'SUBTYPE · 02' 3.0:1 (<4.5) — div.tile__index
  ⚠️  low-contrast: 'SUBTYPE · 03' 3.0:1 (<4.5) — div.tile__index
  ⚠️  low-contrast: 'DIAGNOSIS · KEY' 2.8:1 (<4.5) — div.tile__index
  ⚠️  low-contrast: 'RISK · 01' 3.0:1 (<4.5) — div.tile__index
  ⚠️  low-contrast: 'RISK · 02' 3.0:1 (<4.5) — div.tile__index
  ⚠️  low-contrast: 'RISK · 03' 3.0:1 (<4.5) — div.tile__index
  ⚠️  low-contrast: 'RISK · 04' 3.0:1 (<4.5) — div.tile__index
  ⚠️  low-contrast: 'METHOD · 01' 3.0:1 (<4.5) — div.tile__index
  ⚠️  low-contrast: 'INDICATION · 02' 2.8:1 (<4.5) — div.tile__index
  ⚠️  low-contrast: 'REFERENCE · 03' 3.0:1 (<4.5) — div.tile__index
  ⚠️  low-contrast: 'UNIQUE VALUE · 04' 3.0:1 (<4.5) — div.tile__index
  ⚠️  low-contrast: 'GENERAL · 01' 3.0:1 (<4.5) — div.tile__index
  ⚠️  low-contrast: 'RATIONALE · 03' 3.0:1 (<4.5) — div.tile__index
  ⚠️  low-contrast: 'PERSONALIZE · 04' 2.8:1 (<4.5) — div.tile__index
  ⚠️  low-contrast: 'PRINCIPLE · 01' 3.0:1 (<4.5) — div.tile__index
  ⚠️  low-contrast: 'PRINCIPLE · 02' 2.8:1 (<4.5) — div.tile__index
  ⚠️  low-contrast: 'PRINCIPLE · 03' 3.0:1 (<4.5) — div.tile__index
  ⚠️  low-contrast: 'PRINCIPLE · 04' 3.0:1 (<4.5) — div.tile__index
  ⚠️  low-contrast: 'mg 이하' 3.0:1 (<4.5) — div.stats3-cell__unit
  ⚠️  low-contrast: '이렇게 하세요' 3.0:1 (<4.5) — div.compare-col__header
  ⚠️  low-contrast: '+' 2.5:1 (<4.5) — span.compare-col__marker
  ⚠️  low-contrast: '01' 3.0:1 (<4.5) — div.check-item__num
  ⚠️  low-contrast: '02' 3.0:1 (<4.5) — div.check-item__num
  ⚠️  low-contrast: '03' 3.0:1 (<4.5) — div.check-item__num
  ⚠️  low-contrast: '04' 3.0:1 (<4.5) — div.check-item__num
  ⚠️  low-contrast: '05' 3.0:1 (<4.5) — div.check-item__num
  ⚠️  low-contrast: '06' 3.0:1 (<4.5) — div.check-item__num
  ⚠️  low-contrast: '07' 3.0:1 (<4.5) — div.check-item__num
  ⚠️  low-contrast: '08' 3.0:1 (<4.5) — div.check-item__num
  ⚠️  decks/htn-2025-aha-acc: 1 grandfathered large_internal_gap (non-blocking, pre-existing 부채): [{'slide': 10, 'kind': 'large_internal_gap', 'detail': '162px between children', 'sample': 'split__left'}]
  ⚠️  low-contrast: '· CARDIOLOGY' 1.0:1 (<4.5) — div.slide__chapter
  ⚠️  low-contrast: 'PATIENT EDUCATION' 1.4:1 (<4.5) — strong
  ⚠️  low-contrast: 'Hypertension · 2025 AHA/ACC · SP' 1.0:1 (<4.5) — span.slide__source
  ⚠️  low-contrast: '광교바른내과 일반내과' 1.0:1 (<4.5) — span.slide__page
  ⚠️  low-contrast: '<120' 3.0:1 (<4.5) — div.bp-row__bp
  ⚠️  low-contrast: '<80' 3.0:1 (<4.5) — div.bp-row__bp
  ⚠️  low-contrast: '120-129' 3.0:1 (<4.5) — div.bp-row__bp
  ⚠️  low-contrast: '130-139' 3.0:1 (<4.5) — div.bp-row__bp
  ⚠️  low-contrast: '80-89' 3.0:1 (<4.5) — div.bp-row__bp
  ⚠️  low-contrast: '≥140' 3.0:1 (<4.5) — div.bp-row__bp
  ⚠️  low-contrast: '≥90' 3.0:1 (<4.5) — div.bp-row__bp
  ⚠️  low-contrast: '≥180' 3.0:1 (<4.5) — div.bp-row__bp
  ⚠️  low-contrast: '≥120' 3.0:1 (<4.5) — div.bp-row__bp
  ⚠️  low-contrast: 'LIFESTYLE · 01' 3.0:1 (<4.5) — div.tile__index
  ⚠️  low-contrast: 'LIFESTYLE · 02' 3.0:1 (<4.5) — div.tile__index
  ⚠️  low-contrast: 'LIFESTYLE · 03' 3.0:1 (<4.5) — div.tile__index
  ⚠️  low-contrast: 'LIFESTYLE · 04' 3.0:1 (<4.5) — div.tile__index
  ⚠️  low-contrast: 'LIFESTYLE · 05' 3.0:1 (<4.5) — div.tile__index
  ⚠️  low-contrast: 'LIFESTYLE · 06' 3.0:1 (<4.5) — div.tile__index
  ⚠️  low-contrast: 'DRUG · 01' 3.0:1 (<4.5) — div.tile__index
  ⚠️  low-contrast: 'DRUG · 02' 3.0:1 (<4.5) — div.tile__index
  ⚠️  low-contrast: 'DRUG · 03' 3.0:1 (<4.5) — div.tile__index
  ⚠️  low-contrast: 'DRUG · 04' 3.0:1 (<4.5) — div.tile__index
  ⚠️  low-contrast: '01' 3.0:1 (<4.5) — div.check-item__num
  ⚠️  low-contrast: '02' 3.0:1 (<4.5) — div.check-item__num
  ⚠️  low-contrast: '03' 3.0:1 (<4.5) — div.check-item__num
  ⚠️  low-contrast: '04' 3.0:1 (<4.5) — div.check-item__num
  ⚠️  low-contrast: '05' 3.0:1 (<4.5) — div.check-item__num
  ⚠️  low-contrast: '06' 3.0:1 (<4.5) — div.check-item__num
  ⚠️  low-contrast: '07' 3.0:1 (<4.5) — div.check-item__num
  ⚠️  decks/oh-management-2026: house-style advisory [deck_closing_template] deck: closing 템플릿 권고 요소 누락 ['contact-card', 'qr-block']
  ⚠️  low-contrast: '· GENERAL INTERNAL MEDICINE' 1.0:1 (<4.5) — div.slide__chapter
  ⚠️  low-contrast: 'CLINICAL REVIEW' 1.4:1 (<4.5) — strong
  ⚠️  low-contrast: '발표자 정지환 · 광교바른내과' 1.0:1 (<4.5) — span.slide__source
  ⚠️  low-contrast: 'DATE · ____' 1.0:1 (<4.5) — span.slide__page
  ⚠️  low-contrast: 'nursing home' 3.0:1 (<4.5) — div.stats3-cell__unit
  ⚠️  low-contrast: 'CLASSICAL · 01' 2.8:1 (<4.5) — div.tile__index
  ⚠️  low-contrast: 'VARIANT · 02' 3.0:1 (<4.5) — div.tile__index
  ⚠️  low-contrast: 'VARIANT · 03' 3.0:1 (<4.5) — div.tile__index
  ⚠️  low-contrast: 'VARIANT · 04' 3.0:1 (<4.5) — div.tile__index
  ⚠️  low-contrast: 'Non-neurogenic OH' 3.0:1 (<4.5) — div.compare-col__header
  ⚠️  low-contrast: 'non-N' 2.5:1 (<4.5) — span.compare-col__marker
  ⚠️  low-contrast: 'DRUG · 01' 3.0:1 (<4.5) — div.tile__index
  ⚠️  low-contrast: 'DRUG · 02' 3.0:1 (<4.5) — div.tile__index
  ⚠️  low-contrast: 'DRUG · 03' 3.0:1 (<4.5) — div.tile__index
  ⚠️  low-contrast: 'DRUG · 04' 3.0:1 (<4.5) — div.tile__index
  ⚠️  low-contrast: 'DRUG · 05' 3.0:1 (<4.5) — div.tile__index
  ⚠️  low-contrast: 'DRUG · 06' 3.0:1 (<4.5) — div.tile__index
  ⚠️  low-contrast: 'MEASURE · 01' 3.0:1 (<4.5) — div.tile__index
  ⚠️  low-contrast: 'MEASURE · 02' 3.0:1 (<4.5) — div.tile__index
  ⚠️  low-contrast: 'MEASURE · 03' 3.0:1 (<4.5) — div.tile__index
  ⚠️  low-contrast: 'MEASURE · 04' 3.0:1 (<4.5) — div.tile__index
  ⚠️  low-contrast: 'MEASURE · 05' 3.0:1 (<4.5) — div.tile__index
  ⚠️  low-contrast: 'STEP · 01 · FIRST-LINE' 2.8:1 (<4.5) — div.tile__index
  ⚠️  low-contrast: '식사와 함께 아침 1회' 2.8:1 (<4.5) — div.tile__duration
  ⚠️  low-contrast: 'STEP · 02' 3.0:1 (<4.5) — div.tile__index
  ⚠️  low-contrast: 'Supine HTN 회피 — 시간 엄수' 3.0:1 (<4.5) — div.tile__duration
  ⚠️  low-contrast: 'STEP · 03' 3.0:1 (<4.5) — div.tile__index
  ⚠️  low-contrast: '미국 FDA 승인 (2014)' 3.0:1 (<4.5) — div.tile__duration
  ⚠️  low-contrast: 'PRINCIPLE · 01' 3.0:1 (<4.5) — div.tile__index
  ⚠️  low-contrast: 'PRINCIPLE · 02' 3.0:1 (<4.5) — div.tile__index
  ⚠️  low-contrast: 'PRINCIPLE · 04' 3.0:1 (<4.5) — div.tile__index
  ⚠️  low-contrast: 'PROFILE · 01' 3.0:1 (<4.5) — div.tile__index
  ⚠️  low-contrast: 'EXAM · 02' 3.0:1 (<4.5) — div.tile__index
  ⚠️  low-contrast: 'DIAGNOSIS · 03' 2.8:1 (<4.5) — div.tile__index
  ⚠️  low-contrast: 'PLAN · 04' 3.0:1 (<4.5) — div.tile__index
  ⚠️  decks/endoscopy-cpr-training: 1 grandfathered large_internal_gap (non-blocking, pre-existing 부채): [{'slide': 9, 'kind': 'large_internal_gap', 'detail': '151px between children', 'sample': 'tile'}]
  ⚠️  low-contrast: '· EMERGENCY RESPONSE' 1.0:1 (<4.5) — div.slide__chapter
  ⚠️  low-contrast: 'STAFF TRAINING' 1.4:1 (<4.5) — strong
  ⚠️  low-contrast: 'AHA 2020 ACLS · KACPR 2020 · ASG' 1.0:1 (<4.5) — span.slide__source
  ⚠️  low-contrast: '광교바른내과 · 분기별 교육' 1.0:1 (<4.5) — span.slide__page
  ⚠️  low-contrast: 'Why this room matters' 3.0:1 (<4.5) — div.pattern-hero-number__detail-label
  ⚠️  low-contrast: 'CAUSE · 01' 2.8:1 (<4.5) — div.tile__index
  ⚠️  low-contrast: 'CAUSE · 02' 3.0:1 (<4.5) — div.tile__index
  ⚠️  low-contrast: 'CAUSE · 03' 3.0:1 (<4.5) — div.tile__index
  ⚠️  low-contrast: 'CAUSE · 04' 3.0:1 (<4.5) — div.tile__index
  ⚠️  low-contrast: 'CAUSE · 05' 3.0:1 (<4.5) — div.tile__index
  ⚠️  low-contrast: 'ROLE · 01' 2.8:1 (<4.5) — div.tile__index
  ⚠️  low-contrast: 'ROLE · 02' 3.0:1 (<4.5) — div.tile__index
  ⚠️  low-contrast: 'ROLE · 03' 3.0:1 (<4.5) — div.tile__index
  ⚠️  low-contrast: 'ROLE · 04' 3.0:1 (<4.5) — div.tile__index
  ⚠️  low-contrast: 'ROLE · 05' 3.0:1 (<4.5) — div.tile__index
  ⚠️  low-contrast: 'ROLE · 06' 3.0:1 (<4.5) — div.tile__index
  ⚠️  low-contrast: 'STEP · 01' 3.0:1 (<4.5) — div.tile__index
  ⚠️  low-contrast: 'STEP · 02' 2.8:1 (<4.5) — div.tile__index
  ⚠️  low-contrast: 'STEP · 03' 3.0:1 (<4.5) — div.tile__index
  ⚠️  low-contrast: 'STEP · 04' 3.0:1 (<4.5) — div.tile__index
  ⚠️  low-contrast: 'PEA / Asystole — 압박 + 원인' 3.0:1 (<4.5) — div.compare-col__header
  ⚠️  low-contrast: '→' 2.5:1 (<4.5) — span.compare-col__marker
  ⚠️  low-contrast: 'CORE · ALL RHYTHMS' 2.8:1 (<4.5) — div.tile__index
  ⚠️  low-contrast: 'All cardiac arrest' 2.8:1 (<4.5) — div.tile__duration
  ⚠️  low-contrast: 'SHOCKABLE · BACKUP' 3.0:1 (<4.5) — div.tile__index
  ⚠️  low-contrast: 'Refractory VF / pVT' 3.0:1 (<4.5) — div.tile__duration
  ⚠️  low-contrast: 'SEDATION REVERSAL' 3.0:1 (<4.5) — div.tile__index
  ⚠️  low-contrast: 'Endoscopy-specific' 3.0:1 (<4.5) — div.tile__duration
  ⚠️  low-contrast: 'PITFALL · 01' 3.0:1 (<4.5) — div.tile__index
  ⚠️  low-contrast: 'PITFALL · 02' 3.0:1 (<4.5) — div.tile__index
  ⚠️  low-contrast: 'PITFALL · 03' 3.0:1 (<4.5) — div.tile__index
  ⚠️  low-contrast: 'PITFALL · 04' 3.0:1 (<4.5) — div.tile__index
  ⚠️  low-contrast: 'PITFALL · 05' 3.0:1 (<4.5) — div.tile__index
  ⚠️  low-contrast: '01' 3.0:1 (<4.5) — div.check-item__num
  ⚠️  low-contrast: '02' 3.0:1 (<4.5) — div.check-item__num
  ⚠️  low-contrast: '03' 3.0:1 (<4.5) — div.check-item__num
  ⚠️  low-contrast: '04' 3.0:1 (<4.5) — div.check-item__num
  ⚠️  low-contrast: '05' 3.0:1 (<4.5) — div.check-item__num
  ⚠️  low-contrast: '06' 3.0:1 (<4.5) — div.check-item__num
  ⚠️  low-contrast: '07' 3.0:1 (<4.5) — div.check-item__num
  ⚠️  decks/baxdrostat-baxhtn: house-style advisory [deck_closing_template] deck: closing 템플릿 권고 요소 누락 ['contact-card']
  ⚠️  low-contrast: '· CARDIOLOGY · HYPERTENSION' 1.0:1 (<4.5) — div.slide__chapter
  ⚠️  low-contrast: 'PAPER REVIEW' 1.4:1 (<4.5) — strong
  ⚠️  low-contrast: 'BaxHTN Phase 3 · NEJM · FDA appr' 1.0:1 (<4.5) — span.slide__source
  ⚠️  low-contrast: '위약 대비' 3.0:1 (<4.5) — small
  ⚠️  low-contrast: '선택성' 1.0:1 (<4.5) — small
  ⚠️  low-contrast: '−15.7 mmHg' 4.4:1 (<4.5) — div.tbl__num
  ⚠️  low-contrast: '−9.8 mmHg' 4.4:1 (<4.5) — div.tbl__num
  ⚠️  low-contrast: '−14.5 mmHg' 3.0:1 (<4.5) — div.tbl__num
  ⚠️  low-contrast: '−8.7 mmHg' 3.0:1 (<4.5) — div.tbl__num
  ⚠️  low-contrast: 'CYP11B1 영향 없음 (100×)' 4.4:1 (<4.5) — span.tag.tag--good
  ⚠️  low-contrast: '여성형 유방 거의 없음' 4.4:1 (<4.5) — span.tag.tag--good
  ⚠️  low-contrast: '코르티솔 정상' 4.4:1 (<4.5) — span.tag.tag--good
  ⚠️  low-contrast: 'SAFETY · 01 · 모니터 필수' 2.8:1 (<4.5) — div.tile__index
  ⚠️  low-contrast: 'SAFETY · 02 · 우수' 2.6:1 (<4.5) — div.tile__index
  ⚠️  low-contrast: '✓ 코르티솔 결핍 (~0%)' 4.4:1 (<4.5) — h3.tile__title
  ⚠️  low-contrast: 'SAFETY · 03 · 우수' 2.6:1 (<4.5) — div.tile__index
  ⚠️  low-contrast: '✓ 간기능' 4.4:1 (<4.5) — h3.tile__title
  ⚠️  low-contrast: 'SAFETY · 04 · 약한 신호' 2.8:1 (<4.5) — div.tile__index
  ⚠️  low-contrast: 'SAFETY · 05 · 우수' 2.6:1 (<4.5) — div.tile__index
  ⚠️  low-contrast: '✓ 여성형 유방·성기능' 4.4:1 (<4.5) — h3.tile__title
  ⚠️  low-contrast: 'SAFETY · 06 · 모니터' 2.8:1 (<4.5) — div.tile__index
  ⚠️  low-contrast: '새 작용점' 4.3:1 (<4.5) — strong
  ⚠️  low-contrast: '최우선 대안' 4.3:1 (<4.5) — strong
  ⚠️  low-contrast: '칼륨 모니터링 필수' 4.3:1 (<4.5) — strong
  ⚠️  low-contrast: '현재는 기존 치료 최적화' 4.3:1 (<4.5) — strong
  ⚠️  decks/tramadol-bmj: house-style advisory [deck_closing_template] deck: closing 템플릿 권고 요소 누락 ['contact-card']
  ⚠️  low-contrast: '· PAIN MANAGEMENT · GERIATRICS' 1.0:1 (<4.5) — div.slide__chapter
  ⚠️  low-contrast: 'PAPER REVIEW' 1.4:1 (<4.5) — strong
  ⚠️  low-contrast: 'BMJ 2026.05 · Systematic review ' 1.0:1 (<4.5) — span.slide__source
  ⚠️  low-contrast: '심혈관·골절' 1.0:1 (<4.5) — small
  ⚠️  low-contrast: '+ SNRI' 3.0:1 (<4.5) — small
  ⚠️  low-contrast: '호흡억제 ↑' 3.0:1 (<4.5) — small
  ⚠️  low-contrast: '의원·정형·통증' 3.0:1 (<4.5) — small
  ⚠️  low-contrast: 'RISK · 04' 2.8:1 (<4.5) — div.tile__index
  ⚠️  low-contrast: 'RISK · 05' 2.8:1 (<4.5) — div.tile__index
  ⚠️  low-contrast: '1차 약제에서 빼야 한다' 4.3:1 (<4.5) — strong
  ⚠️  low-contrast: '노인·심혈관·SSRI 복용자' 4.3:1 (<4.5) — strong
  ⚠️  low-contrast: '비약물 → NSAID(평가 후) → 가바펜틴/둘록세틴 → ' 4.3:1 (<4.5) — strong
  ⚠️  low-contrast: '점진적 감량 + 대안 마련 후 중단' 4.3:1 (<4.5) — strong
  ⚠️  decks/sglt2-glp1-combo: house-style advisory [deck_closing_template] deck: closing 템플릿 권고 요소 누락 ['contact-card']
  ⚠️  low-contrast: '· ENDOCRINOLOGY · CARDIOLOGY' 1.0:1 (<4.5) — div.slide__chapter
  ⚠️  low-contrast: 'PAPER REVIEW' 1.4:1 (<4.5) — strong
  ⚠️  low-contrast: 'Cardiovascular Diabetology 2026 ' 1.0:1 (<4.5) — span.slide__source
  ⚠️  low-contrast: '% MACE' 1.0:1 (<4.5) — small
  ⚠️  low-contrast: '% 사망' 3.0:1 (<4.5) — small
  ⚠️  low-contrast: '0.70 (0.65–0.75)' 4.4:1 (<4.5) — div.tbl__num
  ⚠️  low-contrast: '−30%' 4.4:1 (<4.5) — div.tbl__num
  ⚠️  low-contrast: '0.65–0.75' 4.4:1 (<4.5) — div.tbl__num
  ⚠️  low-contrast: '−25~35%' 4.4:1 (<4.5) — div.tbl__num
  ⚠️  low-contrast: '0.65–0.70' 4.4:1 (<4.5) — div.tbl__num
  ⚠️  low-contrast: '−30~35%' 4.4:1 (<4.5) — div.tbl__num
  ⚠️  low-contrast: '~0.80' 4.4:1 (<4.5) — div.tbl__num
  ⚠️  low-contrast: '−20%' 4.4:1 (<4.5) — div.tbl__num
  ⚠️  low-contrast: 'METABOLIC · 01' 2.6:1 (<4.5) — div.tile__index
  ⚠️  low-contrast: '📊 HbA1c' 4.4:1 (<4.5) — h3.tile__title
  ⚠️  low-contrast: 'METABOLIC · 02' 2.6:1 (<4.5) — div.tile__index
  ⚠️  low-contrast: '⚖️ 체중' 4.4:1 (<4.5) — h3.tile__title
  ⚠️  low-contrast: 'METABOLIC · 03' 2.6:1 (<4.5) — div.tile__index
  ⚠️  low-contrast: '💉 수축기혈압' 4.4:1 (<4.5) — h3.tile__title
  ⚠️  low-contrast: 'METABOLIC · 04' 2.6:1 (<4.5) — div.tile__index
  ⚠️  low-contrast: '🩺 알부민뇨' 4.4:1 (<4.5) — h3.tile__title
  ⚠️  low-contrast: 'SUBGROUP · 01 · 최대 이득' 2.6:1 (<4.5) — div.tile__index
  ⚠️  low-contrast: '🫀 ASCVD 동반' 4.4:1 (<4.5) — h3.tile__title
  ⚠️  low-contrast: 'SUBGROUP · 02 · 신장 보호' 2.6:1 (<4.5) — div.tile__index
  ⚠️  low-contrast: '🩺 CKD (eGFR 30–60)' 4.4:1 (<4.5) — h3.tile__title
  ⚠️  low-contrast: 'SUBGROUP · 03 · HF 보호' 2.6:1 (<4.5) — div.tile__index
  ⚠️  low-contrast: '💗 심부전 (HFpEF·HFrEF)' 4.4:1 (<4.5) — h3.tile__title
  ⚠️  low-contrast: 'SUBGROUP · 04 · 비만·대사' 2.6:1 (<4.5) — div.tile__index
  ⚠️  low-contrast: '⚖️ BMI ≥35 + HbA1c ≥8%' 4.4:1 (<4.5) — h3.tile__title
  ⚠️  low-contrast: '차이 없음' 4.4:1 (<4.5) — div.tbl__num
  ⚠️  low-contrast: '<2%' 4.4:1 (<4.5) — div.tbl__num
  ⚠️  low-contrast: '단독과 동일' 3.0:1 (<4.5) — div.tbl__num
  ⚠️  low-contrast: '초기 20–30%' 3.0:1 (<4.5) — div.tbl__num
  ⚠️  low-contrast: '5–10%' 3.0:1 (<4.5) — div.tbl__num
  ⚠️  low-contrast: '희귀' 3.0:1 (<4.5) — div.tbl__num
  ⚠️  low-contrast: 'SGLT-2i + GLP-1RA 병용' 4.3:1 (<4.5) — strong
  ⚠️  low-contrast: '새로운 3제 표준' 4.3:1 (<4.5) — strong
  ⚠️  low-contrast: '동시 시작 X' 4.3:1 (<4.5) — strong
  ⚠️  low-contrast: 'ASCVD→GLP-1RA / CKD·HF→SGLT-2i' 4.3:1 (<4.5) — strong
  ⚠️  decks/teen-height-growth: house-style advisory [deck_tile_min_count] deck: tile 블록 2개 < 6
  ⚠️  decks/teen-height-growth: house-style advisory [deck_closing_template] deck: closing 템플릿 권고 요소 누락 ['contact-card']
  ⚠️  low-contrast: '· GROWTH · 중학생 가이드' 1.0:1 (<4.5) — div.slide__chapter
  ⚠️  low-contrast: 'TEEN HEALTH' 1.4:1 (<4.5) — strong
  ⚠️  low-contrast: '근거 — KNHANES (국민건강영양조사) · 한국식약처(' 1.0:1 (<4.5) — span.slide__source
  ⚠️  low-contrast: '% 비타민D 결핍' 1.0:1 (<4.5) — small
  ⚠️  low-contrast: '% 칼슘 부족' 1.0:1 (<4.5) — small
  ⚠️  low-contrast: '% 영양·환경' 1.0:1 (<4.5) — small
  ⚠️  low-contrast: '☀️ 비타민 D' 4.4:1 (<4.5) — div.ntbl__name
  ⚠️  low-contrast: '🦴 칼슘 (Ca)' 4.4:1 (<4.5) — div.ntbl__name
  ⚠️  low-contrast: 'PRIORITY 2 · 01 · 아연' 2.8:1 (<4.5) — div.tile__index
  ⚠️  low-contrast: 'PRIORITY 2 · 02 · HT042' 2.8:1 (<4.5) — div.tile__index
  ⚠️  low-contrast: '시간' 1.0:1 (<4.5) — small
  ⚠️  low-contrast: '청소년 권장 수면 8-10시간. 11시 이전 취침 필수.' 1.0:1 (<4.5) — div.sleep-hero__lbl
  ⚠️  low-contrast: '핵심 원리 —' 4.4:1 (<4.5) — strong
  ⚠️  low-contrast: '혈액검사 먼저' 4.3:1 (<4.5) — strong
  ⚠️  low-contrast: '비타민D + 칼슘' 4.3:1 (<4.5) — strong
  ⚠️  low-contrast: '수면 (11시 취침) + 야외 활동 2시간 + 점프 운동' 4.3:1 (<4.5) — strong
  ⚠️  low-contrast: '탄산음료·늦은 밤 스마트폰·실내 게임 OUT' 4.3:1 (<4.5) — strong
  ⚠️  decks/pm-fitline-ebm: house-style advisory [deck_closing_template] deck: closing 템플릿 권고 요소 누락 ['contact-card', 'qr-block']
  ⚠️  low-contrast: '· SUPPLEMENT COUNSELING' 1.1:1 (<4.5) — div.slide__chapter
  ⚠️  low-contrast: 'GWANGGYO BARUN IM' 1.2:1 (<4.5) — strong
  ⚠️  low-contrast: '제품 사진과 라벨을 먼저 확인하고, 혈당·위장·카페인·상호' 1.1:1 (<4.5) — p.slide__subtitle
  ⚠️  low-contrast: 'HELPFUL' 1.2:1 (<4.5) — span
  ⚠️  low-contrast: 'CAUTION' 1.2:1 (<4.5) — span
  ⚠️  low-contrast: 'SIDE EFFECTS' 1.2:1 (<4.5) — span
  ⚠️  low-contrast: 'TESTING' 1.2:1 (<4.5) — span
  ⚠️  low-contrast: '정보 기준: 2026-06 · 진료실 설명용' 2.9:1 (<4.5) — div.date
  ⚠️  low-contrast: '광교바른내과 · 소화기내과/일반내과 외래 상담용' 1.1:1 (<4.5) — span.slide__source
  ⚠️  low-contrast: '01 / 12' 1.1:1 (<4.5) — span.slide__page
  ⚠️  low-contrast: '· TAKE HOME' 1.1:1 (<4.5) — div.slide__chapter
  ⚠️  low-contrast: '복용 여부는 환자가 결정하더라도, 치료 대체와 위험 신호 ' 1.1:1 (<4.5) — p.slide__subtitle
  ⚠️  low-contrast: '제품 사진, 라벨, 약봉투, 복용 시간 기록' 1.1:1 (<4.5) — span
  ⚠️  low-contrast: '혈당, 속쓰림/설사, 두근거림, 수면 변화' 1.1:1 (<4.5) — span
  ⚠️  low-contrast: '혈변·황달·흉통·실신·호흡곤란·혈당 악화' 1.1:1 (<4.5) — span
  ⚠️  low-contrast: '광교바른내과 · 환자 설명용 자료' 1.1:1 (<4.5) — span.slide__source
  ⚠️  low-contrast: '12 / 12' 1.1:1 (<4.5) — span.slide__page
  ⚠️  decks/soy-legumes-htn: house-style advisory [deck_tile_min_count] deck: tile 블록 4개 < 6
  ⚠️  decks/soy-legumes-htn: house-style advisory [deck_closing_template] deck: closing 템플릿 권고 요소 누락 ['contact-card']
  ⚠️  low-contrast: '· NUTRITION · PREVENTIVE MEDICIN' 1.0:1 (<4.5) — div.slide__chapter
  ⚠️  low-contrast: 'PAPER REVIEW' 1.4:1 (<4.5) — strong
  ⚠️  low-contrast: 'BMJ Nutrition, Prevention & Heal' 1.0:1 (<4.5) — span.slide__source
  ⚠️  low-contrast: '두류/일' 1.0:1 (<4.5) — small
  ⚠️  low-contrast: '% 고혈압 위험' 3.0:1 (<4.5) — small
  ⚠️  low-contrast: '1.00 (기준)' 3.0:1 (<4.5) — div.tbl__num
  ⚠️  low-contrast: '기준선' 3.0:1 (<4.5) — div.tbl__num
  ⚠️  low-contrast: '0.92' 3.0:1 (<4.5) — div.tbl__num
  ⚠️  low-contrast: '−1~2 mmHg' 3.0:1 (<4.5) — div.tbl__num
  ⚠️  low-contrast: '0.80~0.85' 4.4:1 (<4.5) — div.tbl__num
  ⚠️  low-contrast: '−2~4 mmHg' 4.4:1 (<4.5) — div.tbl__num
  ⚠️  low-contrast: '0.78 (plateau)' 3.0:1 (<4.5) — div.tbl__num
  ⚠️  low-contrast: '−3~5 mmHg' 3.0:1 (<4.5) — div.tbl__num
  ⚠️  low-contrast: 'mg/100g' 3.0:1 (<4.5) — small
  ⚠️  low-contrast: 'g/100g' 3.0:1 (<4.5) — small
  ⚠️  low-contrast: 'CANDIDATE · 01 · 최적' 2.6:1 (<4.5) — div.tile__index
  ⚠️  low-contrast: '📊 전고혈압 (SBP 120–129)' 4.4:1 (<4.5) — h3.tile__title
  ⚠️  low-contrast: 'CANDIDATE · 02 · 시너지' 2.6:1 (<4.5) — div.tile__index
  ⚠️  low-contrast: '⚖️ 비만·대사증후군' 4.4:1 (<4.5) — h3.tile__title
  ⚠️  low-contrast: 'CANDIDATE · 03 · 식이섬유' 2.6:1 (<4.5) — div.tile__index
  ⚠️  low-contrast: '👴 노인 식이섬유 부족' 4.4:1 (<4.5) — h3.tile__title
  ⚠️  low-contrast: 'CANDIDATE · 04 · 보강' 2.6:1 (<4.5) — div.tile__index
  ⚠️  low-contrast: '💊 약물 + 식이 병행' 4.4:1 (<4.5) — h3.tile__title
  ⚠️  low-contrast: '안전' 4.4:1 (<4.5) — div.tbl__num
  ⚠️  low-contrast: '상한 없음' 4.4:1 (<4.5) — div.tbl__num
  ⚠️  low-contrast: '주의' 3.0:1 (<4.5) — div.tbl__num
  ⚠️  low-contrast: '제한' 3.0:1 (<4.5) — div.tbl__num
  ⚠️  low-contrast: '흡수 영향' 3.0:1 (<4.5) — div.tbl__num
  ⚠️  low-contrast: '시간차' 3.0:1 (<4.5) — div.tbl__num
  ⚠️  low-contrast: '개별' 3.0:1 (<4.5) — div.tbl__num
  ⚠️  low-contrast: '회피' 3.0:1 (<4.5) — div.tbl__num
  ⚠️  low-contrast: '초기 흔함' 3.0:1 (<4.5) — div.tbl__num
  ⚠️  low-contrast: '점진 증량' 3.0:1 (<4.5) — div.tbl__num
  ⚠️  low-contrast: '두류 170 g + 콩 60-80 g/일' 2.5:1 (<4.5) — strong
  ⚠️  low-contrast: '전고혈압·1단계 약물 시작 전 1순위 식이 개입' 2.5:1 (<4.5) — strong
  ⚠️  low-contrast: '잡곡밥·두부·두유·콩요리' 2.5:1 (<4.5) — strong
  ⚠️  low-contrast: 'CKD G4-5·갑상선약 복용·콩 알레르기' 2.5:1 (<4.5) — strong
  ⚠️  decks/rsv-realworld: house-style advisory [deck_tile_min_count] deck: tile 블록 4개 < 6
  ⚠️  decks/rsv-realworld: house-style advisory [deck_closing_template] deck: closing 템플릿 권고 요소 누락 ['contact-card']
  ⚠️  low-contrast: '· VACCINOLOGY · GERIATRICS' 1.0:1 (<4.5) — div.slide__chapter
  ⚠️  low-contrast: 'PAPER REVIEW' 1.4:1 (<4.5) — strong
  ⚠️  low-contrast: 'JAMA Internal Medicine Vol 186 N' 1.0:1 (<4.5) — span.slide__source
  ⚠️  low-contrast: '% 입원 예방' 1.0:1 (<4.5) — small
  ⚠️  low-contrast: 'GBS' 3.0:1 (<4.5) — small
  ⚠️  low-contrast: '30–60%' 3.0:1 (<4.5) — div.tbl__num
  ⚠️  low-contrast: '1–2일' 3.0:1 (<4.5) — div.tbl__num
  ⚠️  low-contrast: '20–40%' 3.0:1 (<4.5) — div.tbl__num
  ⚠️  low-contrast: '1–9/M' 2.8:1 (<4.5) — div.tbl__num
  ⚠️  low-contrast: '접종 후 6주' 2.8:1 (<4.5) — div.tbl__num
  ⚠️  low-contrast: '신호 약함' 2.8:1 (<4.5) — div.tbl__num
  ⚠️  low-contrast: '접종 후 4주' 2.8:1 (<4.5) — div.tbl__num
  ⚠️  low-contrast: '극희귀' 3.0:1 (<4.5) — div.tbl__num
  ⚠️  low-contrast: '즉시' 3.0:1 (<4.5) — div.tbl__num
  ⚠️  low-contrast: '만/1회' 3.0:1 (<4.5) — small
  ⚠️  low-contrast: 'OK' 3.0:1 (<4.5) — small
  ⚠️  low-contrast: '가을 시즌 전' 3.0:1 (<4.5) — small
  ⚠️  low-contrast: '강력 권고' 4.4:1 (<4.5) — div.tbl__num
  ⚠️  low-contrast: '1순위' 4.4:1 (<4.5) — div.tbl__num
  ⚠️  low-contrast: '2순위' 4.4:1 (<4.5) — div.tbl__num
  ⚠️  low-contrast: '강력 권고' 3.0:1 (<4.5) — div.tbl__num
  ⚠️  low-contrast: '2순위' 3.0:1 (<4.5) — div.tbl__num
  ⚠️  low-contrast: '권고' 3.0:1 (<4.5) — div.tbl__num
  ⚠️  low-contrast: '3순위' 3.0:1 (<4.5) — div.tbl__num
  ⚠️  low-contrast: '개별 평가' 3.0:1 (<4.5) — div.tbl__num
  ⚠️  low-contrast: '4순위' 3.0:1 (<4.5) — div.tbl__num
  ⚠️  low-contrast: '입원 60-80% 예방' 4.3:1 (<4.5) — strong
  ⚠️  low-contrast: '75세+ · 만성 심폐질환 · 면역저하 · 장기요양시설 거' 4.3:1 (<4.5) — strong
  ⚠️  low-contrast: '가을 9–10월 인플루엔자·폐렴구균과 동시 접종' 4.3:1 (<4.5) — strong
  ⚠️  low-contrast: '₩20-30만' 4.3:1 (<4.5) — strong
  ⚠️  decks/once-weekly-insulin: house-style advisory [deck_closing_template] deck: closing 템플릿 권고 요소 누락 ['contact-card']
  ⚠️  low-contrast: '· ENDOCRINOLOGY · DIABETES' 1.0:1 (<4.5) — div.slide__chapter
  ⚠️  low-contrast: 'PAPER REVIEW' 1.4:1 (<4.5) — strong
  ⚠️  low-contrast: 'PubMed 41574970 · 2026.05 system' 1.0:1 (<4.5) — span.slide__source
  ⚠️  low-contrast: '% HbA1c' 1.0:1 (<4.5) — small
  ⚠️  low-contrast: 'IRR 중증저혈당' 3.0:1 (<4.5) — small
  ⚠️  low-contrast: '← 주1회 유리 · 차이 0 · 주1회 불리 →' 1.1:1 (<4.5) — div.forest__bar-wrap
  ⚠️  low-contrast: 'PATIENT EXPERIENCE · 01' 2.6:1 (<4.5) — div.tile__index
  ⚠️  low-contrast: '📅 주사 횟수' 4.4:1 (<4.5) — h3.tile__title
  ⚠️  low-contrast: 'PATIENT EXPERIENCE · 02' 2.6:1 (<4.5) — div.tile__index
  ⚠️  low-contrast: '💉 순응도 (adherence)' 4.4:1 (<4.5) — h3.tile__title
  ⚠️  low-contrast: 'PATIENT EXPERIENCE · 03' 2.6:1 (<4.5) — div.tile__index
  ⚠️  low-contrast: '😊 치료 만족도' 4.4:1 (<4.5) — h3.tile__title
  ⚠️  low-contrast: 'PATIENT EXPERIENCE · 04' 3.0:1 (<4.5) — div.tile__index
  ⚠️  low-contrast: '동등' 4.4:1 (<4.5) — div.tbl__num
  ⚠️  low-contrast: 'IRR 1.04 (CI 1.0 포함)' 4.4:1 (<4.5) — div.tbl__num
  ⚠️  low-contrast: '동등' 3.0:1 (<4.5) — div.tbl__num
  ⚠️  low-contrast: '<5%' 3.0:1 (<4.5) — div.tbl__num
  ⚠️  low-contrast: '기존 인슐린과 동일' 3.0:1 (<4.5) — div.tbl__num
  ⚠️  low-contrast: 'SUBGROUP · 01 · 1순위' 2.6:1 (<4.5) — div.tile__index
  ⚠️  low-contrast: '🆕 인슐린 신규 도입' 4.4:1 (<4.5) — h3.tile__title
  ⚠️  low-contrast: 'SUBGROUP · 02 · 전환' 2.6:1 (<4.5) — div.tile__index
  ⚠️  low-contrast: '🔁 일1회 → 주1회 전환' 4.4:1 (<4.5) — h3.tile__title
  ⚠️  low-contrast: 'SUBGROUP · 03 · 노인' 2.6:1 (<4.5) — div.tile__index
  ⚠️  low-contrast: '👴 고령 환자 (≥65세)' 4.4:1 (<4.5) — h3.tile__title
  ⚠️  low-contrast: 'SUBGROUP · 04 · CKD' 3.0:1 (<4.5) — div.tile__index
  ⚠️  low-contrast: 'SUBGROUP · 05 · 비만' 2.6:1 (<4.5) — div.tile__index
  ⚠️  low-contrast: '⚖️ 비만 (BMI ≥30)' 4.4:1 (<4.5) — h3.tile__title
  ⚠️  low-contrast: 'SUBGROUP · 06 · 비적응' 2.8:1 (<4.5) — div.tile__index
  ⚠️  low-contrast: 'HbA1c −0.12%·TIR +2.41% 약간 우위' 4.3:1 (<4.5) — strong
  ⚠️  low-contrast: '주사 1/7' 4.3:1 (<4.5) — strong
  ⚠️  low-contrast: '인슐린 신규 도입 + 순응도 우려 + 노인·돌봄' 4.3:1 (<4.5) — strong
  ⚠️  low-contrast: '긴 반감기(8–17일)' 4.3:1 (<4.5) — strong
  ⚠️  low-contrast: '식약처 허가·HIRA 급여 진행 중' 4.3:1 (<4.5) — strong
  ⚠️  decks/cpap-personalized-cv: house-style advisory [deck_closing_template] deck: closing 템플릿 권고 요소 누락 ['contact-card']
  ⚠️  low-contrast: '· CARDIOLOGY · SLEEP MEDICINE · ' 1.0:1 (<4.5) — div.slide__chapter
  ⚠️  low-contrast: 'PAPER REVIEW' 1.4:1 (<4.5) — strong
  ⚠️  low-contrast: 'Communications Medicine Vol 6 (2' 1.0:1 (<4.5) — span.slide__source
  ⚠️  low-contrast: '큰 이득' 1.0:1 (<4.5) — small
  ⚠️  low-contrast: '오히려 증가' 1.0:1 (<4.5) — small
  ⚠️  low-contrast: '~20%' 1.0:1 (<4.5) — div.hte-bar__pct
  ⚠️  low-contrast: 'PREDICTOR · 01 · 졸음' 4.4:1 (<4.5) — div.tile__index
  ⚠️  low-contrast: '😴 주간 졸음 (ESS ≥11)' 4.4:1 (<4.5) — h3.tile__title
  ⚠️  low-contrast: 'PREDICTOR · 02 · 중증 AHI' 4.4:1 (<4.5) — div.tile__index
  ⚠️  low-contrast: '🌬️ 중증 AHI (≥30/h)' 4.4:1 (<4.5) — h3.tile__title
  ⚠️  low-contrast: 'PREDICTOR · 03 · 고 CV 위험' 4.4:1 (<4.5) — div.tile__index
  ⚠️  low-contrast: '❤️ 고 CV 위험 부담' 4.4:1 (<4.5) — h3.tile__title
  ⚠️  low-contrast: 'PREDICTOR · 04 · 당뇨' 4.4:1 (<4.5) — div.tile__index
  ⚠️  low-contrast: '🩺 당뇨 (T2DM)' 4.4:1 (<4.5) — h3.tile__title
  ⚠️  low-contrast: '경계선' 3.0:1 (<4.5) — small
  ⚠️  low-contrast: 'not 확정' 3.0:1 (<4.5) — small
  ⚠️  low-contrast: 'only' 3.0:1 (<4.5) — small
  ⚠️  low-contrast: 'open' 3.0:1 (<4.5) — small
  ⚠️  low-contrast: 'CLUSTER · 01 · 최강 이득 추정' 4.4:1 (<4.5) — div.tile__index
  ⚠️  low-contrast: '졸음 + 중증 AHI + 당뇨' 4.4:1 (<4.5) — h3.tile__title
  ⚠️  low-contrast: 'CLUSTER · 02 · 큰 이득 추정' 4.4:1 (<4.5) — div.tile__index
  ⚠️  low-contrast: '중증 AHI + 고 CV 위험' 4.4:1 (<4.5) — h3.tile__title
  ⚠️  low-contrast: 'CLUSTER · 03 · 이득 추정' 4.4:1 (<4.5) — div.tile__index
  ⚠️  low-contrast: '졸음 + 중등도 AHI' 4.4:1 (<4.5) — h3.tile__title
  ⚠️  low-contrast: 'CLUSTER · 04 · 효과 미미 추정' 2.6:1 (<4.5) — div.tile__index
  ⚠️  low-contrast: 'CV+OSA only' 2.8:1 (<4.5) — div.tbl__num
  ⚠️  low-contrast: '제한적' 2.8:1 (<4.5) — div.tbl__num
  ⚠️  low-contrast: 'Discovery' 2.8:1 (<4.5) — div.tbl__num
  ⚠️  low-contrast: '참고' 2.8:1 (<4.5) — div.tbl__num
  ⚠️  low-contrast: '2018~' 2.6:1 (<4.5) — div.tbl__num
  ⚠️  low-contrast: '급여 적용' 2.6:1 (<4.5) — div.tbl__num
  ⚠️  low-contrast: 'AHI ≥15' 2.6:1 (<4.5) — div.tbl__num
  ⚠️  low-contrast: '처방+순응' 2.6:1 (<4.5) — div.tbl__num
  ⚠️  low-contrast: '다학제·두개안면' 3.0:1 (<4.5) — div.tbl__num
  ⚠️  low-contrast: '고려 필요' 3.0:1 (<4.5) — div.tbl__num
  ⚠️  low-contrast: '≈40% 환자는 큰 이득, ≈40%는 효과 없거나 손해' 4.3:1 (<4.5) — strong
  ⚠️  low-contrast: '주간 졸음(ESS ≥11) · 중증 AHI(≥30) · 고' 4.3:1 (<4.5) — strong
  ⚠️  low-contrast: '비졸음·경증 AHI·저 CV 위험' 4.3:1 (<4.5) — strong
  ⚠️  low-contrast: '수면다원검사·CPAP 급여 적용' 4.3:1 (<4.5) — strong
  ⚠️  decks/lp-a-cardiovascular-risk: house-style advisory [deck_tile_min_count] deck: tile 블록 0개 < 6
  ⚠️  decks/lp-a-cardiovascular-risk: house-style advisory [deck_visual_count] deck: ai-visual 0장 < 4
  ⚠️  decks/lp-a-cardiovascular-risk: house-style advisory [deck_closing_template] deck: closing 템플릿 권고 요소 누락 ['contact-card']
  ⚠️  low-contrast: '· CARDIOLOGY · LIPIDOLOGY' 1.0:1 (<4.5) — div.slide__chapter
  ⚠️  low-contrast: 'PAPER REVIEW' 1.4:1 (<4.5) — strong
  ⚠️  low-contrast: '2026 ACC/AHA/Multisociety Dyslip' 1.0:1 (<4.5) — span.slide__source
  ⚠️  low-contrast: 'RISK THRESHOLD' 2.8:1 (<4.5) — div.stat-card__label
  ⚠️  low-contrast: 'CAUSALITY (MR)' 2.8:1 (<4.5) — div.stat-card__label
  ⚠️  low-contrast: '01' 4.3:1 (<4.5) — div.review-card__kicker
  ⚠️  low-contrast: '02' 2.8:1 (<4.5) — div.review-card__kicker
  ⚠️  low-contrast: '03' 2.8:1 (<4.5) — div.review-card__kicker
  ⚠️  low-contrast: '04' 2.6:1 (<4.5) — div.review-card__kicker
  ⚠️  low-contrast: '인과성 근거' 4.4:1 (<4.5) — div.review-card__title
  ⚠️  low-contrast: '05' 2.8:1 (<4.5) — div.review-card__kicker
  ⚠️  low-contrast: '06' 2.8:1 (<4.5) — div.review-card__kicker
  ⚠️  low-contrast: '01' 2.8:1 (<4.5) — div.review-card__kicker
  ⚠️  low-contrast: '02' 2.8:1 (<4.5) — div.review-card__kicker
  ⚠️  low-contrast: '03' 2.8:1 (<4.5) — div.review-card__kicker
  ⚠️  low-contrast: '의미' 4.4:1 (<4.5) — div.review-card__title
  ⚠️  low-contrast: '01' 2.6:1 (<4.5) — div.review-card__kicker
  ⚠️  low-contrast: '측정의 안전성' 4.4:1 (<4.5) — div.review-card__title
  ⚠️  low-contrast: '04' 2.8:1 (<4.5) — div.review-card__kicker
  ⚠️  low-contrast: '01' 2.8:1 (<4.5) — div.review-card__kicker
  ⚠️  low-contrast: '04' 2.8:1 (<4.5) — div.review-card__kicker
  ⚠️  low-contrast: '05' 2.8:1 (<4.5) — div.review-card__kicker
  ⚠️  low-contrast: '06' 2.6:1 (<4.5) — div.review-card__kicker
  ⚠️  low-contrast: '전망' 4.4:1 (<4.5) — div.review-card__title
  ⚠️  decks/surmount5-tirzepatide-vs-semaglutide: house-style advisory [deck_tile_min_count] deck: tile 블록 0개 < 6
  ⚠️  decks/surmount5-tirzepatide-vs-semaglutide: house-style advisory [deck_visual_count] deck: ai-visual 0장 < 4
  ⚠️  decks/surmount5-tirzepatide-vs-semaglutide: house-style advisory [deck_closing_template] deck: closing 템플릿 권고 요소 누락 ['contact-card']
  ⚠️  low-contrast: '· OBESITY · ENDOCRINOLOGY' 1.0:1 (<4.5) — div.slide__chapter
  ⚠️  low-contrast: 'PAPER REVIEW' 1.4:1 (<4.5) — strong
  ⚠️  low-contrast: 'Aronne LJ et al. N Engl J Med 20' 1.0:1 (<4.5) — span.slide__source
  ⚠️  low-contrast: 'PRIMARY · 체중변화' 2.6:1 (<4.5) — div.stat-card__label
  ⚠️  low-contrast: '우월성' 2.8:1 (<4.5) — div.stat-card__label
  ⚠️  low-contrast: '01' 2.8:1 (<4.5) — div.review-card__kicker
  ⚠️  low-contrast: '02' 4.3:1 (<4.5) — div.review-card__kicker
  ⚠️  low-contrast: '03' 2.8:1 (<4.5) — div.review-card__kicker
  ⚠️  low-contrast: '04' 2.6:1 (<4.5) — div.review-card__kicker
  ⚠️  low-contrast: 'Tirzepatide' 4.4:1 (<4.5) — div.review-card__title
  ⚠️  low-contrast: '05' 2.8:1 (<4.5) — div.review-card__kicker
  ⚠️  low-contrast: '06' 4.3:1 (<4.5) — div.review-card__kicker
  ⚠️  low-contrast: '01' 2.6:1 (<4.5) — div.review-card__kicker
  ⚠️  low-contrast: '02' 2.8:1 (<4.5) — div.review-card__kicker
  ⚠️  low-contrast: 'VERIFIED' 2.6:1 (<4.5) — div.review-card__kicker
  ⚠️  low-contrast: '허리둘레(waist circumference) 변화' 4.4:1 (<4.5) — div.review-card__title
  ⚠️  low-contrast: '초록 기술(정성)' 2.8:1 (<4.5) — div.review-card__kicker
  ⚠️  low-contrast: '01' 4.3:1 (<4.5) — div.review-card__kicker
  ⚠️  low-contrast: '02' 2.6:1 (<4.5) — div.review-card__kicker
  ⚠️  low-contrast: '더 큰 감량 필요' 4.4:1 (<4.5) — div.review-card__title
  ⚠️  low-contrast: '04' 2.8:1 (<4.5) — div.review-card__kicker
  ⚠️  low-contrast: '05' 2.8:1 (<4.5) — div.review-card__kicker
  ⚠️  low-contrast: '06' 2.8:1 (<4.5) — div.review-card__kicker
  ⚠️  low-contrast: '01' 2.8:1 (<4.5) — div.review-card__kicker
  ⚠️  low-contrast: '02' 2.8:1 (<4.5) — div.review-card__kicker
  ⚠️  low-contrast: '04' 2.8:1 (<4.5) — div.review-card__kicker
  ⚠️  low-contrast: '05' 2.7:1 (<4.5) — div.review-card__kicker
  ⚠️  low-contrast: '06' 2.8:1 (<4.5) — div.review-card__kicker
  ⚠️  low-contrast: 'CLINIC NOTE' 2.8:1 (<4.5) — div.closing-contact__label
  ⚠️  decks/vutrisiran-attr-cm-helios-b: 1 grandfathered large_internal_gap (non-blocking, pre-existing 부채): [{'slide': 6, 'kind': 'large_internal_gap', 'detail': '145px between children', 'sample': 'review-card'}]
  ⚠️  decks/vutrisiran-attr-cm-helios-b: house-style advisory [deck_tile_min_count] deck: tile 블록 0개 < 6
  ⚠️  decks/vutrisiran-attr-cm-helios-b: house-style advisory [deck_visual_count] deck: ai-visual 0장 < 4
  ⚠️  decks/vutrisiran-attr-cm-helios-b: house-style advisory [deck_closing_template] deck: closing 템플릿 권고 요소 누락 ['contact-card']
  ⚠️  low-contrast: '· CARDIOLOGY · AMYLOIDOSIS' 1.0:1 (<4.5) — div.slide__chapter
  ⚠️  low-contrast: 'PAPER REVIEW' 1.4:1 (<4.5) — strong
  ⚠️  low-contrast: 'Fontana M, Maurer MS et al. NEJM' 1.0:1 (<4.5) — span.slide__source
  ⚠️  low-contrast: 'PRIMARY' 2.6:1 (<4.5) — div.stat-card__label
  ⚠️  low-contrast: 'MORTALITY' 2.6:1 (<4.5) — div.stat-card__label
  ⚠️  low-contrast: '01' 2.8:1 (<4.5) — div.review-card__kicker
  ⚠️  low-contrast: '02' 4.3:1 (<4.5) — div.review-card__kicker
  ⚠️  low-contrast: '03' 2.8:1 (<4.5) — div.review-card__kicker
  ⚠️  low-contrast: '04' 2.6:1 (<4.5) — div.review-card__kicker
  ⚠️  low-contrast: 'Primary outcome' 4.4:1 (<4.5) — div.review-card__title
  ⚠️  low-contrast: '05' 2.8:1 (<4.5) — div.review-card__kicker
  ⚠️  low-contrast: '06' 2.8:1 (<4.5) — div.review-card__kicker
  ⚠️  low-contrast: '01' 2.6:1 (<4.5) — div.review-card__kicker
  ⚠️  low-contrast: '02' 2.6:1 (<4.5) — div.review-card__kicker
  ⚠️  low-contrast: '전체사망 (42개월)' 2.6:1 (<4.5) — div.review-card__kicker
  ⚠️  low-contrast: '−35% 위험 감소' 4.4:1 (<4.5) — div.review-card__title
  ⚠️  low-contrast: '6분 보행 (6MWT)' 2.6:1 (<4.5) — div.review-card__kicker
  ⚠️  low-contrast: '+26.5 m 보존' 4.4:1 (<4.5) — div.review-card__title
  ⚠️  low-contrast: '삶의 질 (KCCQ-OS)' 2.6:1 (<4.5) — div.review-card__kicker
  ⚠️  low-contrast: '+5.8점 보존' 4.4:1 (<4.5) — div.review-card__title
  ⚠️  low-contrast: '01' 4.3:1 (<4.5) — div.review-card__kicker
  ⚠️  low-contrast: '02' 2.8:1 (<4.5) — div.review-card__kicker
  ⚠️  low-contrast: '03' 2.6:1 (<4.5) — div.review-card__kicker
  ⚠️  low-contrast: '광범위 적응' 4.4:1 (<4.5) — div.review-card__title
  ⚠️  low-contrast: '04' 2.8:1 (<4.5) — div.review-card__kicker
  ⚠️  low-contrast: '02' 2.8:1 (<4.5) — div.review-card__kicker
  ⚠️  low-contrast: '조기 단계' 4.4:1 (<4.5) — div.review-card__title
  ⚠️  low-contrast: '05' 2.6:1 (<4.5) — div.review-card__kicker
  ⚠️  low-contrast: '고령·다약제' 4.4:1 (<4.5) — div.review-card__title
  ⚠️  low-contrast: '04' 2.8:1 (<4.5) — div.review-card__kicker
  ⚠️  low-contrast: '조기 진단 강조' 4.4:1 (<4.5) — div.review-card__title
  ⚠️  low-contrast: 'CLINIC NOTE' 2.8:1 (<4.5) — div.closing-contact__label
  ⚠️  decks/bepirovirsen-hbv-phase3: house-style advisory [deck_tile_min_count] deck: tile 블록 0개 < 6
  ⚠️  decks/bepirovirsen-hbv-phase3: house-style advisory [deck_closing_template] deck: closing 템플릿 권고 요소 누락 ['contact-card']
  ⚠️  low-contrast: '· HEPATOLOGY · HBV' 1.0:1 (<4.5) — div.slide__chapter
  ⚠️  low-contrast: 'PAPER REVIEW' 1.4:1 (<4.5) — strong
  ⚠️  low-contrast: 'Hou J et al. N Engl J Med 2026;3' 1.0:1 (<4.5) — span.slide__source
  ⚠️  low-contrast: 'Population' 2.8:1 (<4.5) — div.review-card__kicker
  ⚠️  low-contrast: 'HBsAg burden' 2.8:1 (<4.5) — div.review-card__kicker
  ⚠️  low-contrast: 'Durability' 3.0:1 (<4.5) — div.review-card__kicker
  ⚠️  low-contrast: 'Safety' 2.7:1 (<4.5) — div.review-card__kicker
  ⚠️  low-contrast: 'Access' 3.0:1 (<4.5) — div.review-card__kicker
  ⚠️  low-contrast: 'Best use' 2.6:1 (<4.5) — div.review-card__kicker
  ⚠️  low-contrast: '선별·전원 전략' 4.4:1 (<4.5) — div.review-card__title
  ⚠️  low-contrast: '"완치"' 4.3:1 (<4.5) — strong
  ⚠️  low-contrast: '항바이러스제로 잘 억제된 비간경변' 4.3:1 (<4.5) — strong
  ⚠️  low-contrast: '절대 임의로 중단하지 않습니다' 4.3:1 (<4.5) — strong
  ⚠️  low-contrast: '전문의 모니터링' 4.3:1 (<4.5) — strong
  ⚠️  low-contrast: '19%' 4.3:1 (<4.5) — strong
  ⚠️  low-contrast: '26%' 4.3:1 (<4.5) — strong
  ⚠️  low-contrast: 'NA-suppressed, noncirrhotic, qHB' 4.3:1 (<4.5) — strong
  ⚠️  low-contrast: '모니터링' 4.3:1 (<4.5) — strong
  ⚠️  low-contrast: 'Sources' 2.8:1 (<4.5) — div.closing-grid__contact-label
  ⚠️  decks/acs-crc-screening-blood-test-2026: house-style advisory [deck_tile_min_count] deck: tile 블록 0개 < 6
  ⚠️  decks/acs-crc-screening-blood-test-2026: house-style advisory [v1_thin_body] deck: 본문이 얇은 슬라이드 #7(130자)
  ⚠️  decks/acs-crc-screening-blood-test-2026: house-style advisory [deck_closing_template] deck: closing 템플릿 권고 요소 누락 ['contact-card']
  ⚠️  low-contrast: '· GASTROENTEROLOGY · CANCER SCRE' 1.0:1 (<4.5) — div.slide__chapter
  ⚠️  low-contrast: 'PAPER REVIEW' 1.4:1 (<4.5) — strong
  ⚠️  low-contrast: 'ACS guideline update 2026-05-27 ' 1.0:1 (<4.5) — span.slide__source
  ⚠️  low-contrast: 'CONTINUE' 2.8:1 (<4.5) — div.stat-card__label
  ⚠️  low-contrast: 'BLOOD TEST' 2.8:1 (<4.5) — div.stat-card__label
  ⚠️  low-contrast: '01' 2.8:1 (<4.5) — div.review-card__kicker
  ⚠️  low-contrast: '02' 2.8:1 (<4.5) — div.review-card__kicker
  ⚠️  low-contrast: '03' 2.6:1 (<4.5) — div.review-card__kicker
  ⚠️  low-contrast: 'ng-mt-sDNA' 4.4:1 (<4.5) — div.review-card__title
  ⚠️  low-contrast: '04' 4.3:1 (<4.5) — div.review-card__kicker
  ⚠️  low-contrast: '05' 2.8:1 (<4.5) — div.review-card__kicker
  ⚠️  low-contrast: '06' 2.7:1 (<4.5) — div.review-card__kicker
  ⚠️  low-contrast: 'UNSCREENED' 2.7:1 (<4.5) — div.stat-card__label
  ⚠️  low-contrast: 'SURVIVAL' 2.6:1 (<4.5) — div.stat-card__label
  ⚠️  low-contrast: 'BARRIER' 2.8:1 (<4.5) — div.stat-card__label
  ⚠️  low-contrast: '01' 2.8:1 (<4.5) — div.review-card__kicker
  ⚠️  low-contrast: '02' 4.3:1 (<4.5) — div.review-card__kicker
  ⚠️  low-contrast: 'Methylation' 4.4:1 (<4.5) — div.review-card__title
  ⚠️  low-contrast: '04' 2.8:1 (<4.5) — div.review-card__kicker
  ⚠️  low-contrast: '05' 2.6:1 (<4.5) — div.review-card__kicker
  ⚠️  low-contrast: 'No bowel prep' 4.4:1 (<4.5) — div.review-card__title
  ⚠️  low-contrast: '01' 2.6:1 (<4.5) — div.review-card__kicker
  ⚠️  low-contrast: '강점' 4.4:1 (<4.5) — div.review-card__title
  ⚠️  low-contrast: '02' 2.7:1 (<4.5) — div.review-card__kicker
  ⚠️  low-contrast: '02' 2.8:1 (<4.5) — div.review-card__kicker
  ⚠️  low-contrast: '03' 2.7:1 (<4.5) — div.review-card__kicker
  ⚠️  low-contrast: '평균위험군' 4.4:1 (<4.5) — div.review-card__title
  ⚠️  low-contrast: '06' 4.3:1 (<4.5) — div.review-card__kicker
  ⚠️  low-contrast: 'SCREEN' 3.0:1 (<4.5) — div.flow-card__label
  ⚠️  low-contrast: 'OFFER' 2.6:1 (<4.5) — div.flow-card__label
  ⚠️  low-contrast: 'BARRIER' 3.0:1 (<4.5) — div.flow-card__label
  ⚠️  low-contrast: 'RESCUE' 2.8:1 (<4.5) — div.flow-card__label
  ⚠️  low-contrast: 'CLOSE' 2.7:1 (<4.5) — div.flow-card__label
  ⚠️  low-contrast: '03' 2.8:1 (<4.5) — div.review-card__kicker
  ⚠️  low-contrast: '04' 2.6:1 (<4.5) — div.review-card__kicker
  ⚠️  low-contrast: '선호 검사 재상담' 4.4:1 (<4.5) — div.review-card__title
  ⚠️  low-contrast: '01' 2.7:1 (<4.5) — div.review-card__kicker
  ⚠️  low-contrast: '04' 2.8:1 (<4.5) — div.review-card__kicker
  ⚠️  low-contrast: '06' 2.8:1 (<4.5) — div.review-card__kicker
  ⚠️  low-contrast: 'CLINIC NOTE' 2.8:1 (<4.5) — div.closing-contact__label
  ⚠️  decks/finerenone-t1d-ckd-fine-one: house-style advisory [deck_tile_min_count] deck: tile 블록 0개 < 6
  ⚠️  decks/finerenone-t1d-ckd-fine-one: house-style advisory [v1_thin_body] deck: 본문이 얇은 슬라이드 #11(149자)
  ⚠️  decks/finerenone-t1d-ckd-fine-one: house-style advisory [deck_closing_template] deck: closing 템플릿 권고 요소 누락 ['contact-card']
  ⚠️  low-contrast: '· ENDOCRINOLOGY · NEPHROLOGY' 1.0:1 (<4.5) — div.slide__chapter
  ⚠️  low-contrast: 'PAPER REVIEW' 1.4:1 (<4.5) — strong
  ⚠️  low-contrast: 'Heerspink HJL et al. NEJM 2026;3' 1.0:1 (<4.5) — span.slide__source
  ⚠️  low-contrast: 'PRIMARY' 2.6:1 (<4.5) — div.stat-card__label
  ⚠️  low-contrast: 'SAFETY' 2.8:1 (<4.5) — div.stat-card__label
  ⚠️  low-contrast: '01' 2.8:1 (<4.5) — div.review-card__kicker
  ⚠️  low-contrast: '02' 2.8:1 (<4.5) — div.review-card__kicker
  ⚠️  low-contrast: '03' 2.6:1 (<4.5) — div.review-card__kicker
  ⚠️  low-contrast: 'Background therapy' 4.4:1 (<4.5) — div.review-card__title
  ⚠️  low-contrast: '04' 4.3:1 (<4.5) — div.review-card__kicker
  ⚠️  low-contrast: '05' 2.8:1 (<4.5) — div.review-card__kicker
  ⚠️  low-contrast: '06' 2.6:1 (<4.5) — div.review-card__kicker
  ⚠️  low-contrast: 'Primary outcome' 4.4:1 (<4.5) — div.review-card__title
  ⚠️  low-contrast: '01' 2.6:1 (<4.5) — div.review-card__kicker
  ⚠️  low-contrast: '01' 4.3:1 (<4.5) — div.review-card__kicker
  ⚠️  low-contrast: '02' 2.8:1 (<4.5) — div.review-card__kicker
  ⚠️  low-contrast: 'Albuminuria' 4.4:1 (<4.5) — div.review-card__title
  ⚠️  low-contrast: '04' 2.8:1 (<4.5) — div.review-card__kicker
  ⚠️  low-contrast: '03' 2.8:1 (<4.5) — div.review-card__kicker
  ⚠️  low-contrast: '04' 2.6:1 (<4.5) — div.review-card__kicker
  ⚠️  low-contrast: 'ACEi/ARB 사용' 4.4:1 (<4.5) — div.review-card__title
  ⚠️  low-contrast: '05' 2.8:1 (<4.5) — div.review-card__kicker
  ⚠️  low-contrast: '추적 가능' 4.4:1 (<4.5) — div.review-card__title
  ⚠️  low-contrast: '01' 2.8:1 (<4.5) — div.review-card__kicker
  ⚠️  low-contrast: '03' 2.8:1 (<4.5) — div.review-card__kicker
  ⚠️  low-contrast: '04' 2.7:1 (<4.5) — div.review-card__kicker
  ⚠️  low-contrast: '05' 2.6:1 (<4.5) — div.review-card__kicker
  ⚠️  low-contrast: '가이드라인 반영 가능성' 4.4:1 (<4.5) — div.review-card__title
  ⚠️  low-contrast: '06' 2.8:1 (<4.5) — div.review-card__kicker
  ⚠️  low-contrast: 'CLINIC NOTE' 2.8:1 (<4.5) — div.closing-contact__label
  ⚠️  decks/easo-obesity-pharmacotherapy-2026: house-style advisory [deck_tile_min_count] deck: tile 블록 0개 < 6
  ⚠️  decks/easo-obesity-pharmacotherapy-2026: house-style advisory [deck_closing_template] deck: closing 템플릿 권고 요소 누락 ['contact-card']
  ⚠️  low-contrast: '· OBESITY · ENDOCRINOLOGY' 1.0:1 (<4.5) — div.slide__chapter
  ⚠️  low-contrast: 'PAPER REVIEW' 1.4:1 (<4.5) — strong
  ⚠️  low-contrast: 'Ciudin et al. Nature Medicine 20' 1.0:1 (<4.5) — span.slide__source
  ⚠️  low-contrast: 'SURMOUNT-5' 2.6:1 (<4.5) — div.stat-card__label
  ⚠️  low-contrast: 'MASH FIBROSIS' 2.8:1 (<4.5) — div.stat-card__label
  ⚠️  low-contrast: '01' 2.6:1 (<4.5) — div.review-card__kicker
  ⚠️  low-contrast: 'Tirzepatide 우위 명확화' 4.4:1 (<4.5) — div.review-card__title
  ⚠️  low-contrast: '02' 4.3:1 (<4.5) — div.review-card__kicker
  ⚠️  low-contrast: '03' 2.8:1 (<4.5) — div.review-card__kicker
  ⚠️  low-contrast: '04' 2.8:1 (<4.5) — div.review-card__kicker
  ⚠️  low-contrast: '05' 2.8:1 (<4.5) — div.review-card__kicker
  ⚠️  low-contrast: '06' 2.6:1 (<4.5) — div.review-card__kicker
  ⚠️  low-contrast: 'Living guidance' 4.4:1 (<4.5) — div.review-card__title
  ⚠️  low-contrast: '02' 2.8:1 (<4.5) — div.review-card__kicker
  ⚠️  low-contrast: '5-10%' 3.0:1 (<4.5) — div.flow-card__label
  ⚠️  low-contrast: '10-15%' 2.6:1 (<4.5) — div.flow-card__label
  ⚠️  low-contrast: '15-20%' 2.8:1 (<4.5) — div.flow-card__label
  ⚠️  low-contrast: '≥20%' 2.6:1 (<4.5) — div.flow-card__label
  ⚠️  low-contrast: 'Bariatric' 3.0:1 (<4.5) — div.flow-card__label
  ⚠️  low-contrast: '01' 2.8:1 (<4.5) — div.review-card__kicker
  ⚠️  low-contrast: '02' 2.7:1 (<4.5) — div.review-card__kicker
  ⚠️  low-contrast: '05' 2.7:1 (<4.5) — div.review-card__kicker
  ⚠️  low-contrast: '추적' 4.4:1 (<4.5) — div.review-card__title
  ⚠️  low-contrast: '01' 2.7:1 (<4.5) — div.review-card__kicker
  ⚠️  low-contrast: '03' 2.8:1 (<4.5) — div.review-card__kicker
  ⚠️  low-contrast: '04' 2.8:1 (<4.5) — div.review-card__kicker
  ⚠️  low-contrast: '중단 계획 없음' 4.4:1 (<4.5) — div.review-card__title
  ⚠️  low-contrast: 'CLINIC NOTE' 2.8:1 (<4.5) — div.closing-contact__label
  ⚠️  decks/calcium-vitamin-d-fracture-falls-bmj: house-style advisory [deck_tile_min_count] deck: tile 블록 0개 < 6
  ⚠️  decks/calcium-vitamin-d-fracture-falls-bmj: house-style advisory [deck_closing_template] deck: closing 템플릿 권고 요소 누락 ['contact-card']
  ⚠️  low-contrast: '· GERIATRICS · PREVENTIVE MEDICI' 1.0:1 (<4.5) — div.slide__chapter
  ⚠️  low-contrast: 'PAPER REVIEW' 1.4:1 (<4.5) — strong
  ⚠️  low-contrast: 'Massé et al. BMJ 2026;393:e08805' 1.0:1 (<4.5) — span.slide__source
  ⚠️  low-contrast: 'PARTICIPANTS' 2.8:1 (<4.5) — div.stat-card__label
  ⚠️  low-contrast: 'EFFECT' 2.8:1 (<4.5) — div.stat-card__label
  ⚠️  low-contrast: '01' 2.8:1 (<4.5) — div.review-card__kicker
  ⚠️  low-contrast: '02' 2.8:1 (<4.5) — div.review-card__kicker
  ⚠️  low-contrast: '03' 2.8:1 (<4.5) — div.review-card__kicker
  ⚠️  low-contrast: '04' 2.7:1 (<4.5) — div.review-card__kicker
  ⚠️  low-contrast: '05' 2.6:1 (<4.5) — div.review-card__kicker
  ⚠️  low-contrast: 'Institutional / deficient' 4.4:1 (<4.5) — div.review-card__title
  ⚠️  low-contrast: '06' 4.3:1 (<4.5) — div.review-card__kicker
  ⚠️  low-contrast: '01' 2.6:1 (<4.5) — div.review-card__kicker
  ⚠️  low-contrast: '저항운동' 4.4:1 (<4.5) — div.review-card__title
  ⚠️  low-contrast: '02' 2.6:1 (<4.5) — div.review-card__kicker
  ⚠️  low-contrast: '균형훈련' 4.4:1 (<4.5) — div.review-card__title
  ⚠️  low-contrast: '03' 2.8:1 (<4.5) — div.review-card__kicker
  ⚠️  low-contrast: '04' 2.8:1 (<4.5) — div.review-card__kicker
  ⚠️  low-contrast: '05' 2.8:1 (<4.5) — div.review-card__kicker
  ⚠️  low-contrast: '02' 2.7:1 (<4.5) — div.review-card__kicker
  ⚠️  low-contrast: '03' 4.3:1 (<4.5) — div.review-card__kicker
  ⚠️  low-contrast: '04' 2.8:1 (<4.5) — div.review-card__kicker
  ⚠️  low-contrast: '01' 2.8:1 (<4.5) — div.review-card__kicker
  ⚠️  low-contrast: '04' 2.6:1 (<4.5) — div.review-card__kicker
  ⚠️  low-contrast: '개별 목표' 4.4:1 (<4.5) — div.review-card__title
  ⚠️  low-contrast: 'CLINIC NOTE' 2.8:1 (<4.5) — div.closing-contact__label
  ⚠️  decks/t1d-glp1-cardiorenal: house-style advisory [deck_tile_min_count] deck: tile 블록 0개 < 6
  ⚠️  decks/t1d-glp1-cardiorenal: house-style advisory [deck_visual_count] deck: ai-visual 0장 < 4
  ⚠️  decks/t1d-glp1-cardiorenal: house-style advisory [deck_closing_template] deck: closing 템플릿 권고 요소 누락 ['contact-card']
  ⚠️  low-contrast: '· ENDOCRINOLOGY · CARDIORENAL' 1.0:1 (<4.5) — div.slide__chapter
  ⚠️  low-contrast: 'PAPER REVIEW' 1.4:1 (<4.5) — strong
  ⚠️  low-contrast: 'Xu et al. Nature Medicine 2026.0' 1.0:1 (<4.5) — span.slide__source
  ⚠️  low-contrast: '5-year ESKD' 2.3:1 (<4.5) — div.metric__label
  ⚠️  low-contrast: '1.6% vs 1.9%, HR 0.81. 투석 또는 신장이' 2.7:1 (<4.5) — div.metric__text
  ⚠️  low-contrast: 'Safety signal' 2.6:1 (<4.5) — div.metric__label
  ⚠️  low-contrast: 'Clinical gap' 2.8:1 (<4.5) — div.panel__index
  ⚠️  low-contrast: 'MACE' 4.3:1 (<4.5) — div.panel__index
  ⚠️  low-contrast: 'ESKD' 2.6:1 (<4.5) — div.panel__index
  ⚠️  low-contrast: '투석·신장이식' 4.4:1 (<4.5) — div.panel__title
  ⚠️  low-contrast: 'Metabolic' 3.0:1 (<4.5) — div.panel__index
  ⚠️  low-contrast: 'Safety' 2.8:1 (<4.5) — div.panel__index
  ⚠️  low-contrast: 'favours GLP-1RA' 1.1:1 (<4.5) — div.row__bar
  ⚠️  low-contrast: '−15%' 4.4:1 (<4.5) — div.row__effect
  ⚠️  low-contrast: '−0.7%p' 3.0:1 (<4.5) — div.row__effect
  ⚠️  low-contrast: '−21%' 4.4:1 (<4.5) — div.row__effect
  ⚠️  low-contrast: '−16%' 3.0:1 (<4.5) — div.row__effect
  ⚠️  low-contrast: 'Primary kidney outcome' 3.0:1 (<4.5) — div.panel__index
  ⚠️  low-contrast: 'Absolute risk' 3.0:1 (<4.5) — div.panel__index
  ⚠️  low-contrast: 'Context' 4.3:1 (<4.5) — div.panel__index
  ⚠️  low-contrast: 'Caution' 2.8:1 (<4.5) — div.panel__index
  ⚠️  low-contrast: 'HF hospitalization' 2.6:1 (<4.5) — div.panel__index
  ⚠️  low-contrast: '심부전 입원 감소' 4.4:1 (<4.5) — div.panel__title
  ⚠️  low-contrast: 'Major liver events' 2.6:1 (<4.5) — div.panel__index
  ⚠️  low-contrast: '중대 간질환 감소' 4.4:1 (<4.5) — div.panel__title
  ⚠️  low-contrast: 'Weight loss' 3.0:1 (<4.5) — div.panel__index
  ⚠️  low-contrast: '10% weight loss' 3.0:1 (<4.5) — div.panel__index
  ⚠️  low-contrast: 'Consistency' 4.3:1 (<4.5) — div.panel__index
  ⚠️  low-contrast: 'Interpretation' 2.8:1 (<4.5) — div.panel__index
  ⚠️  low-contrast: 'lower risk' 1.1:1 (<4.5) — div.row__bar
  ⚠️  low-contrast: 'HR 0.83' 4.4:1 (<4.5) — div.row__effect
  ⚠️  low-contrast: 'HR 0.82' 4.4:1 (<4.5) — div.row__effect
  ⚠️  low-contrast: 'Selected patients' 3.0:1 (<4.5) — div.row__effect
  ⚠️  low-contrast: 'PATHWAY · 01' 3.0:1 (<4.5) — div.panel__index
  ⚠️  low-contrast: 'PATHWAY · 02' 3.0:1 (<4.5) — div.panel__index
  ⚠️  low-contrast: 'PATHWAY · 03' 2.6:1 (<4.5) — div.panel__index
  ⚠️  low-contrast: '혈관내피 기능' 4.4:1 (<4.5) — div.panel__title
  ⚠️  low-contrast: 'PATHWAY · 04' 2.6:1 (<4.5) — div.panel__index
  ⚠️  low-contrast: '혈소판·죽상경화' 4.4:1 (<4.5) — div.panel__title
  ⚠️  low-contrast: 'LIMIT · 01' 2.8:1 (<4.5) — div.panel__index
  ⚠️  low-contrast: 'LIMIT · 02' 2.8:1 (<4.5) — div.panel__index
  ⚠️  low-contrast: 'LIMIT · 03' 3.0:1 (<4.5) — div.panel__index
  ⚠️  low-contrast: 'LIMIT · 04' 3.0:1 (<4.5) — div.panel__index
  ⚠️  low-contrast: 'LIMIT · 05' 3.0:1 (<4.5) — div.panel__index
  ⚠️  low-contrast: 'NEXT STEP' 4.3:1 (<4.5) — div.panel__index
  ⚠️  low-contrast: 'T1D 174,678명' 4.3:1 (<4.5) — strong
  ⚠️  low-contrast: '신중한 선택과 인슐린 조정' 4.3:1 (<4.5) — strong
  ⚠️  low-contrast: '공유의사결정' 4.3:1 (<4.5) — strong
  ⚠️  low-contrast: 'RCT 확인 전 유망한 근거' 4.3:1 (<4.5) — strong
  ⚠️  low-contrast: 'Source' 2.8:1 (<4.5) — div.source-card__label
  ⚠️  decks/tirzepatide-dulaglutide-kidney-surpass-cvot: house-style advisory [deck_tile_min_count] deck: tile 블록 0개 < 6
  ⚠️  decks/tirzepatide-dulaglutide-kidney-surpass-cvot: house-style advisory [deck_visual_count] deck: ai-visual 0장 < 4
  ⚠️  decks/tirzepatide-dulaglutide-kidney-surpass-cvot: house-style advisory [deck_closing_template] deck: closing 템플릿 권고 요소 누락 ['contact-card']
  ⚠️  low-contrast: '· DIABETES · NEPHROLOGY' 1.0:1 (<4.5) — div.slide__chapter
  ⚠️  low-contrast: 'PAPER REVIEW' 1.4:1 (<4.5) — strong
  ⚠️  low-contrast: 'SURPASS-CVOT kidney analysis · L' 1.0:1 (<4.5) — span.slide__source
  ⚠️  low-contrast: 'PRIMARY KIDNEY' 2.6:1 (<4.5) — div.stat-card__label
  ⚠️  low-contrast: 'FOLLOW-UP' 2.8:1 (<4.5) — div.stat-card__label
  ⚠️  low-contrast: '01' 4.3:1 (<4.5) — div.review-card__kicker
  ⚠️  low-contrast: '02' 2.8:1 (<4.5) — div.review-card__kicker
  ⚠️  low-contrast: '03' 2.6:1 (<4.5) — div.review-card__kicker
  ⚠️  low-contrast: 'Tirzepatide dose' 4.4:1 (<4.5) — div.review-card__title
  ⚠️  low-contrast: '04' 2.8:1 (<4.5) — div.review-card__kicker
  ⚠️  low-contrast: '05' 2.8:1 (<4.5) — div.review-card__kicker
  ⚠️  low-contrast: '06' 2.7:1 (<4.5) — div.review-card__kicker
  ⚠️  low-contrast: '01' 2.6:1 (<4.5) — div.review-card__kicker
  ⚠️  low-contrast: '상대위험' 4.4:1 (<4.5) — div.review-card__title
  ⚠️  low-contrast: '02' 2.8:1 (<4.5) — div.review-card__kicker
  ⚠️  low-contrast: 'eGFR decline' 4.4:1 (<4.5) — div.review-card__title
  ⚠️  low-contrast: '+0.93' 2.6:1 (<4.5) — div.review-card__metric
  ⚠️  low-contrast: '03' 4.3:1 (<4.5) — div.review-card__kicker
  ⚠️  low-contrast: '04' 2.8:1 (<4.5) — div.review-card__kicker
  ⚠️  low-contrast: '01' 2.8:1 (<4.5) — div.review-card__kicker
  ⚠️  low-contrast: '03' 2.7:1 (<4.5) — div.review-card__kicker
  ⚠️  low-contrast: '04' 2.6:1 (<4.5) — div.review-card__kicker
  ⚠️  low-contrast: 'Shared decision' 4.4:1 (<4.5) — div.review-card__title
  ⚠️  low-contrast: 'BASE' 3.0:1 (<4.5) — div.flow-card__label
  ⚠️  low-contrast: 'FIT' 2.6:1 (<4.5) — div.flow-card__label
  ⚠️  low-contrast: 'START' 2.8:1 (<4.5) — div.flow-card__label
  ⚠️  low-contrast: 'TRACK' 2.6:1 (<4.5) — div.flow-card__label
  ⚠️  low-contrast: 'Active comparator' 4.4:1 (<4.5) — div.review-card__title
  ⚠️  low-contrast: '05' 2.7:1 (<4.5) — div.review-card__kicker
  ⚠️  low-contrast: '06' 4.3:1 (<4.5) — div.review-card__kicker
  ⚠️  low-contrast: 'CLINIC NOTE' 2.8:1 (<4.5) — div.closing-contact__label
  ⚠️  decks/htd1801-metformin-t2d-phase3: house-style advisory [deck_tile_min_count] deck: tile 블록 0개 < 6
  ⚠️  decks/htd1801-metformin-t2d-phase3: house-style advisory [deck_visual_count] deck: ai-visual 0장 < 4
  ⚠️  decks/htd1801-metformin-t2d-phase3: house-style advisory [deck_closing_template] deck: closing 템플릿 권고 요소 누락 ['contact-card']
  ⚠️  low-contrast: '· DIABETES · PHARMACOTHERAPY' 1.0:1 (<4.5) — div.slide__chapter
  ⚠️  low-contrast: 'PAPER REVIEW' 1.4:1 (<4.5) — strong
  ⚠️  low-contrast: 'NEJM Evidence 2026 · DOI 10.1056' 1.0:1 (<4.5) — span.slide__source
  ⚠️  low-contrast: 'HBA1C' 2.6:1 (<4.5) — div.stat-card__label
  ⚠️  low-contrast: 'DIARRHEA' 2.8:1 (<4.5) — div.stat-card__label
  ⚠️  low-contrast: '01' 2.8:1 (<4.5) — div.review-card__kicker
  ⚠️  low-contrast: '02' 4.3:1 (<4.5) — div.review-card__kicker
  ⚠️  low-contrast: '03' 2.6:1 (<4.5) — div.review-card__kicker
  ⚠️  low-contrast: 'Metabolic liver-gut axis' 4.4:1 (<4.5) — div.review-card__title
  ⚠️  low-contrast: '04' 2.8:1 (<4.5) — div.review-card__kicker
  ⚠️  low-contrast: 'Dose' 4.4:1 (<4.5) — div.review-card__title
  ⚠️  low-contrast: '05' 2.8:1 (<4.5) — div.review-card__kicker
  ⚠️  low-contrast: '06' 2.7:1 (<4.5) — div.review-card__kicker
  ⚠️  low-contrast: '01' 2.6:1 (<4.5) — div.review-card__kicker
  ⚠️  low-contrast: '효과 크기' 4.4:1 (<4.5) — div.review-card__title
  ⚠️  low-contrast: '02' 2.8:1 (<4.5) — div.review-card__kicker
  ⚠️  low-contrast: 'Combination' 4.4:1 (<4.5) — div.review-card__title
  ⚠️  low-contrast: '01' 2.8:1 (<4.5) — div.review-card__kicker
  ⚠️  low-contrast: '23.8%' 2.8:1 (<4.5) — div.review-card__metric
  ⚠️  low-contrast: '02' 2.6:1 (<4.5) — div.review-card__kicker
  ⚠️  low-contrast: 'Hypoglycemia' 4.4:1 (<4.5) — div.review-card__title
  ⚠️  low-contrast: '03' 2.8:1 (<4.5) — div.review-card__kicker
  ⚠️  low-contrast: '04' 2.7:1 (<4.5) — div.review-card__kicker
  ⚠️  low-contrast: 'COMPARE' 3.0:1 (<4.5) — div.flow-card__label
  ⚠️  low-contrast: 'COUNSEL' 2.8:1 (<4.5) — div.flow-card__label
  ⚠️  low-contrast: 'TRACK' 2.6:1 (<4.5) — div.flow-card__label
  ⚠️  low-contrast: 'DECIDE' 2.6:1 (<4.5) — div.flow-card__label
  ⚠️  low-contrast: '02' 2.7:1 (<4.5) — div.review-card__kicker
  ⚠️  low-contrast: '03' 2.8:1 (<4.5) — div.review-card__kicker
  ⚠️  low-contrast: '04' 2.8:1 (<4.5) — div.review-card__kicker
  ⚠️  low-contrast: '06' 2.6:1 (<4.5) — div.review-card__kicker
  ⚠️  low-contrast: 'Signal' 4.4:1 (<4.5) — div.review-card__title
  ⚠️  low-contrast: 'CLINIC NOTE' 2.8:1 (<4.5) — div.closing-contact__label
  ⚠️  decks/digitalis-heart-failure-meta-rhd-rct: house-style advisory [deck_tile_min_count] deck: tile 블록 0개 < 6
  ⚠️  decks/digitalis-heart-failure-meta-rhd-rct: house-style advisory [deck_visual_count] deck: ai-visual 0장 < 4
  ⚠️  decks/digitalis-heart-failure-meta-rhd-rct: house-style advisory [deck_closing_template] deck: closing 템플릿 권고 요소 누락 ['contact-card']
  ⚠️  low-contrast: '· CARDIOLOGY · HEART FAILURE' 1.0:1 (<4.5) — div.slide__chapter
  ⚠️  low-contrast: 'PAPER REVIEW' 1.4:1 (<4.5) — strong
  ⚠️  low-contrast: 'JAMA 2026 · DOI 10.1001/jama.202' 1.0:1 (<4.5) — span.slide__source
  ⚠️  low-contrast: 'PRIMARY' 2.6:1 (<4.5) — div.stat-card__label
  ⚠️  low-contrast: 'MORTALITY' 2.8:1 (<4.5) — div.stat-card__label
  ⚠️  low-contrast: '01' 4.3:1 (<4.5) — div.review-card__kicker
  ⚠️  low-contrast: '02' 2.8:1 (<4.5) — div.review-card__kicker
  ⚠️  low-contrast: '03' 2.6:1 (<4.5) — div.review-card__kicker
  ⚠️  low-contrast: 'Signal driver' 4.4:1 (<4.5) — div.review-card__title
  ⚠️  low-contrast: '04' 2.8:1 (<4.5) — div.review-card__kicker
  ⚠️  low-contrast: '05' 2.8:1 (<4.5) — div.review-card__kicker
  ⚠️  low-contrast: '06' 2.7:1 (<4.5) — div.review-card__kicker
  ⚠️  low-contrast: '01' 2.6:1 (<4.5) — div.review-card__kicker
  ⚠️  low-contrast: '이득의 방향' 4.4:1 (<4.5) — div.review-card__title
  ⚠️  low-contrast: '02' 2.7:1 (<4.5) — div.review-card__kicker
  ⚠️  low-contrast: 'Inotropy' 4.4:1 (<4.5) — div.review-card__title
  ⚠️  low-contrast: '03' 2.7:1 (<4.5) — div.review-card__kicker
  ⚠️  low-contrast: '01' 2.8:1 (<4.5) — div.review-card__kicker
  ⚠️  low-contrast: '03' 2.8:1 (<4.5) — div.review-card__kicker
  ⚠️  low-contrast: '02' 2.6:1 (<4.5) — div.review-card__kicker
  ⚠️  low-contrast: 'Recurrent HF events' 4.4:1 (<4.5) — div.review-card__title
  ⚠️  low-contrast: '04' 2.6:1 (<4.5) — div.review-card__kicker
  ⚠️  low-contrast: 'RHD setting' 4.4:1 (<4.5) — div.review-card__title
  ⚠️  low-contrast: '05' 2.7:1 (<4.5) — div.review-card__kicker
  ⚠️  low-contrast: '06' 2.8:1 (<4.5) — div.review-card__kicker
  ⚠️  low-contrast: 'DOSE' 3.0:1 (<4.5) — div.flow-card__label
  ⚠️  low-contrast: 'LEVEL' 2.8:1 (<4.5) — div.flow-card__label
  ⚠️  low-contrast: 'REVIEW' 2.7:1 (<4.5) — div.flow-card__label
  ⚠️  low-contrast: 'REASSESS' 2.6:1 (<4.5) — div.flow-card__label
  ⚠️  low-contrast: '01' 2.7:1 (<4.5) — div.review-card__kicker
  ⚠️  low-contrast: '02' 2.8:1 (<4.5) — div.review-card__kicker
  ⚠️  low-contrast: '04' 2.8:1 (<4.5) — div.review-card__kicker
  ⚠️  low-contrast: '05' 2.6:1 (<4.5) — div.review-card__kicker
  ⚠️  low-contrast: 'Resource context' 4.4:1 (<4.5) — div.review-card__title
  ⚠️  low-contrast: '06' 4.3:1 (<4.5) — div.review-card__kicker
  ⚠️  low-contrast: 'CLINIC NOTE' 2.8:1 (<4.5) — div.closing-contact__label
  ⚠️  decks/prenatal-acetaminophen-autism-adhd-sibling: house-style advisory [deck_tile_min_count] deck: tile 블록 0개 < 6
  ⚠️  decks/prenatal-acetaminophen-autism-adhd-sibling: house-style advisory [deck_visual_count] deck: ai-visual 0장 < 4
  ⚠️  decks/prenatal-acetaminophen-autism-adhd-sibling: house-style advisory [deck_closing_template] deck: closing 템플릿 권고 요소 누락 ['contact-card']
  ⚠️  low-contrast: '· OBSTETRICS · EPIDEMIOLOGY' 1.0:1 (<4.5) — div.slide__chapter
  ⚠️  low-contrast: 'PAPER REVIEW' 1.4:1 (<4.5) — strong
  ⚠️  low-contrast: 'JAMA Intern Med 2026 · DOI 10.10' 1.0:1 (<4.5) — span.slide__source
  ⚠️  low-contrast: 'ASD' 2.6:1 (<4.5) — div.stat-card__label
  ⚠️  low-contrast: 'ADHD' 2.6:1 (<4.5) — div.stat-card__label
  ⚠️  low-contrast: '01' 4.3:1 (<4.5) — div.review-card__kicker
  ⚠️  low-contrast: '02' 2.8:1 (<4.5) — div.review-card__kicker
  ⚠️  low-contrast: '03' 2.7:1 (<4.5) — div.review-card__kicker
  ⚠️  low-contrast: '04' 2.6:1 (<4.5) — div.review-card__kicker
  ⚠️  low-contrast: 'Clinical need' 4.4:1 (<4.5) — div.review-card__title
  ⚠️  low-contrast: '02' 2.8:1 (<4.5) — div.review-card__kicker
  ⚠️  low-contrast: '03' 2.6:1 (<4.5) — div.review-card__kicker
  ⚠️  low-contrast: 'Sibling-matched ASD' 4.4:1 (<4.5) — div.review-card__title
  ⚠️  low-contrast: 'Sibling-matched ADHD' 4.4:1 (<4.5) — div.review-card__title
  ⚠️  low-contrast: '05' 2.8:1 (<4.5) — div.review-card__kicker
  ⚠️  low-contrast: '06' 2.8:1 (<4.5) — div.review-card__kicker
  ⚠️  low-contrast: '01' 2.6:1 (<4.5) — div.review-card__kicker
  ⚠️  low-contrast: '핵심 해석' 4.4:1 (<4.5) — div.review-card__title
  ⚠️  low-contrast: '02' 4.3:1 (<4.5) — div.review-card__kicker
  ⚠️  low-contrast: 'CAUSE' 2.7:1 (<4.5) — div.flow-card__label
  ⚠️  low-contrast: 'USE' 2.6:1 (<4.5) — div.flow-card__label
  ⚠️  low-contrast: 'AVOID' 2.8:1 (<4.5) — div.flow-card__label
  ⚠️  low-contrast: 'REASSURE' 2.6:1 (<4.5) — div.flow-card__label
  ⚠️  low-contrast: '01' 2.8:1 (<4.5) — div.review-card__kicker
  ⚠️  low-contrast: '02' 2.7:1 (<4.5) — div.review-card__kicker
  ⚠️  low-contrast: '04' 2.8:1 (<4.5) — div.review-card__kicker
  ⚠️  low-contrast: '06' 4.3:1 (<4.5) — div.review-card__kicker
  ⚠️  low-contrast: '03' 2.8:1 (<4.5) — div.review-card__kicker
  ⚠️  low-contrast: '04' 2.8:1 (<4.5) — div.review-card__kicker
  ⚠️  low-contrast: '06' 2.6:1 (<4.5) — div.review-card__kicker
  ⚠️  low-contrast: 'Clinical value' 4.4:1 (<4.5) — div.review-card__title
  ⚠️  low-contrast: 'CLINIC NOTE' 2.8:1 (<4.5) — div.closing-contact__label
  ⚠️  low-contrast: '2026년 최신 권고 기준' 1.4:1 (<4.5) — div.s
  ⚠️  low-contrast: '접종 스케줄 · 한눈에 보기' 1.4:1 (<4.5) — div.s
  ⚠️  low-contrast: '방법 1' 3.0:1 (<4.5) — div.on
  ⚠️  low-contrast: '1회로 완료' 4.4:1 (<4.5) — span.badge
  ⚠️  low-contrast: '방법 2' 3.0:1 (<4.5) — div.on
  ⚠️  low-contrast: '방법 3 · 순차' 3.0:1 (<4.5) — div.on
  ⚠️  low-contrast: '또는' 2.8:1 (<4.5) — span.arw
  ⚠️  low-contrast: '→' 2.8:1 (<4.5) — span.arw
  ⚠️  low-contrast: '1회로 끝' 4.4:1 (<4.5) — span.badge
  ⚠️  low-contrast: 'PCV15' 3.0:1 (<4.5) — span.box
  ⚠️  low-contrast: 'PPSV23' 3.0:1 (<4.5) — span.box
  ⚠️  low-contrast: '완료' 4.4:1 (<4.5) — span.badge
  ⚠️  handouts/h-pylori-eradication: house-style advisory [handout_table_min_count] handout: 표 0개 < 2
  ⚠️  low-contrast: '약국에서 지사제를 임의로 사서 드시지 마세요.' 4.4:1 (<4.5) — div.fx__note
  ⚠️  handouts/home-bp-measurement: house-style advisory [handout_table_min_count] handout: 표 0개 < 2
  ⚠️  low-contrast: '올바른 자세 5가지 · POSTURE' 2.8:1 (<4.5) — div.card-label.card-label--steel
  ⚠️  low-contrast: '매일 측정 루틴 · 4가지' 2.8:1 (<4.5) — div.card-label.card-label--steel
  ⚠️  low-contrast: '환자분들이 가장 많이 묻는 것' 1.4:1 (<4.5) — div.s
  ⚠️  low-contrast: '오래 관리하기 위한 안내' 1.4:1 (<4.5) — div.s
  ⚠️  low-contrast: '제한할 근거가 없습니다' 4.2:1 (<4.5) — div.fs
  ⚠️  low-contrast: '끊기보다 줄이기' 4.5:1 (<4.5) — div.fs
  ⚠️  low-contrast: '근거가 가장 뚜렷합니다' 4.4:1 (<4.5) — div.fs
  ⚠️  low-contrast: '2026년 최신 권고 기준' 1.4:1 (<4.5) — div.s
  ⚠️  low-contrast: '접종 스케줄 · 한눈에 보기' 1.4:1 (<4.5) — div.s
  ⚠️  low-contrast: '→' 2.8:1 (<4.5) — span.arw
  ⚠️  low-contrast: '1차' 3.0:1 (<4.5) — span.box
  ⚠️  low-contrast: '2차' 3.0:1 (<4.5) — span.box
  ⚠️  handouts/post-vaccination-precautions: house-style advisory [handout_body_image_min_count] handout: 본문 사진 0장 < 1
  ⚠️  low-contrast: '모든 백신 공통 안내' 1.4:1 (<4.5) — div.s
  ⚠️  low-contrast: '앞면 공통 안내와 함께 보세요' 1.4:1 (<4.5) — div.s
  ⚠️  handouts/cpr-flowchart: house-style advisory [handout_table_min_count] handout: 표 0개 < 2
  ✓ decks/antithrombotic-therapy  →  QR: https://edu.gwanggyobarun.com/decks/cardio/antithrombotic-therapy/overview/
      Notion updated: 386b8014-24d6-815b-a50d-c26b16d0f8e5
  ✓ decks/graves-disease  →  QR: https://edu.gwanggyobarun.com/decks/endocrine/graves-disease/
      Notion updated: 398b8014-24d6-8119-835b-e442a300b88f
  ✓ decks/lp-a-cv-risk  →  QR: https://edu.gwanggyobarun.com/decks/cardio/lp-a-cv-risk/
      Notion updated: 39bb8014-24d6-8129-99bf-f83474127a55
  ✓ decks/pcsk9-oral-inhibitor  →  QR: https://edu.gwanggyobarun.com/decks/cardio/pcsk9-oral-inhibitor/
      Notion updated: 389b8014-24d6-8190-b9d6-d69ac3b1b9ea
  ✓ decks/hiit-hepatitis-b-steatosis  →  QR: https://edu.gwanggyobarun.com/decks/gi/hiit-hepatitis-b-steatosis/
      Notion updated: 39bb8014-24d6-8142-a083-cd721aa4cd4f
  ✓ decks/chronic-hepatitis-b  →  QR: https://edu.gwanggyobarun.com/decks/gi/chronic-hepatitis-b/overview/
      Notion updated: 387b8014-24d6-814b-9eec-e29d70654b19
  ✓ decks/roma-ovarian-risk  →  QR: https://edu.gwanggyobarun.com/decks/gyn/roma-ovarian-risk/
      Notion updated: 384b8014-24d6-8130-ac1b-c8f6272de492
  ✓ decks/gerd  →  QR: https://edu.gwanggyobarun.com/decks/gi/gerd/lifestyle/
      Notion updated: 358b8014-24d6-81c2-b7d5-fb034b4aab3c
  ✓ decks/gerd-lifestyle-2026  →  QR: https://edu.gwanggyobarun.com/decks/gi/gerd-lifestyle-2026/
      Notion updated: 3a8b8014-24d6-81f5-863e-c669a75b4a42
  ✓ handouts/gerd-lifestyle-2026  →  QR: https://edu.gwanggyobarun.com/handouts/gi/gerd-lifestyle-2026/
      Notion updated: 3a8b8014-24d6-811e-a937-cfca3012afd5
  ✓ decks/refractory-dyspepsia  →  QR: https://edu.gwanggyobarun.com/decks/gi/refractory-dyspepsia/
      Notion updated: 37fb8014-24d6-819e-9e40-cfb61424a4d9
  ✓ decks/hpylori  →  QR: https://edu.gwanggyobarun.com/decks/gi/h-pylori/eradication/
      Notion updated: 35bb8014-24d6-8158-b435-f0f536c8718b
  ✓ decks/masld-fatty-liver  →  QR: https://edu.gwanggyobarun.com/decks/gi/masld-fatty-liver/
      Notion updated: 384b8014-24d6-81fe-a171-cabe5d6d5508
  ✓ decks/morning-htn  →  QR: https://edu.gwanggyobarun.com/decks/cardio/htn/morning/
      Notion updated: 358b8014-24d6-8102-b301-c2a5f411cafc
  ✓ decks/htn-2025-aha-acc  →  QR: https://edu.gwanggyobarun.com/decks/cardio/htn-2025-aha-acc/
      Notion updated: 35fb8014-24d6-8151-abb7-ee0e40a31f03
  ✓ decks/oh-management-2026  →  QR: https://edu.gwanggyobarun.com/decks/cardio/orthostatic-hypotension/management-2026/
      Notion updated: 391b8014-24d6-81d4-a5b0-c30e38ac6929
  ✓ decks/endoscopy-cpr-training  →  QR: https://edu.gwanggyobarun.com/decks/emergency/endoscopy/cpr-training/
      Notion updated: 391b8014-24d6-81e3-a7cc-eacca5b92cfa
  ✓ decks/baxdrostat-baxhtn  →  QR: https://edu.gwanggyobarun.com/decks/general/papers-20260524/baxdrostat-baxhtn/
      Notion updated: 391b8014-24d6-8179-9413-cc8e34af3a92
  ✓ decks/tramadol-bmj  →  QR: https://edu.gwanggyobarun.com/decks/general/papers-20260524/tramadol-bmj/
      Notion updated: 391b8014-24d6-811d-bfb8-f43dc0f66a92
  ✓ decks/sglt2-glp1-combo  →  QR: https://edu.gwanggyobarun.com/decks/general/papers-20260524/sglt2-glp1-combo/
      Notion updated: 391b8014-24d6-8121-874b-daf87b82c785
  ✓ decks/teen-height-growth  →  QR: https://edu.gwanggyobarun.com/decks/general/teen-height-growth/
      Notion updated: 36eb8014-24d6-8105-b91e-fc69c34095b2
  ✓ decks/pm-fitline-ebm  →  QR: https://edu.gwanggyobarun.com/decks/general/pm-fitline-ebm/
      Notion updated: 38bb8014-24d6-81ca-91f0-cf8f6f57ba71
  ✓ decks/soy-legumes-htn  →  QR: https://edu.gwanggyobarun.com/decks/general/papers-20260524/soy-legumes-htn/
      Notion updated: 391b8014-24d6-81ee-99e2-d9ecbfe7f08c
  ✓ decks/rsv-realworld  →  QR: https://edu.gwanggyobarun.com/decks/general/papers-20260524/rsv-realworld/
      Notion updated: 391b8014-24d6-819a-8487-cc23aa004568
  ✓ decks/once-weekly-insulin  →  QR: https://edu.gwanggyobarun.com/decks/general/papers-20260525/once-weekly-insulin/
      Notion updated: 391b8014-24d6-8117-b9c5-fc1625f526b5
  ✓ decks/cpap-personalized-cv  →  QR: https://edu.gwanggyobarun.com/decks/general/papers-20260525/cpap-personalized-cv/
      Notion updated: 391b8014-24d6-81db-8a10-d1a936c1aa43
  ✓ decks/lp-a-cardiovascular-risk  →  QR: https://edu.gwanggyobarun.com/decks/general/papers-20260525/lp-a-cardiovascular-risk/
      Notion updated: 391b8014-24d6-815e-9ced-e08e0515f281
  ✓ decks/surmount5-tirzepatide-vs-semaglutide  →  QR: https://edu.gwanggyobarun.com/decks/general/papers-20260525/surmount5-tirzepatide-vs-semaglutide/
      Notion updated: 391b8014-24d6-814c-8488-d95971d8ee54
  ✓ decks/vutrisiran-attr-cm-helios-b  →  QR: https://edu.gwanggyobarun.com/decks/general/papers-20260525/vutrisiran-attr-cm-helios-b/
      Notion updated: 391b8014-24d6-8160-ba75-c9646c9324da
  ✓ decks/bepirovirsen-hbv-phase3  →  QR: https://edu.gwanggyobarun.com/decks/general/papers-20260528/bepirovirsen-hbv-phase3/
      Notion updated: 391b8014-24d6-810e-8665-d2b7b6eb9df7
  ✓ decks/acs-crc-screening-blood-test-2026  →  QR: https://edu.gwanggyobarun.com/decks/general/papers-20260530/acs-crc-screening-blood-test-2026/
      Notion updated: 391b8014-24d6-814a-a63f-d0348d13b388
  ✓ decks/finerenone-t1d-ckd-fine-one  →  QR: https://edu.gwanggyobarun.com/decks/general/papers-20260530/finerenone-t1d-ckd-fine-one/
      Notion updated: 391b8014-24d6-8161-a76f-f1c921062761
  ✓ decks/easo-obesity-pharmacotherapy-2026  →  QR: https://edu.gwanggyobarun.com/decks/general/papers-20260530/easo-obesity-pharmacotherapy-2026/
      Notion updated: 391b8014-24d6-812f-8c45-e52123af55c3
  ✓ decks/calcium-vitamin-d-fracture-falls-bmj  →  QR: https://edu.gwanggyobarun.com/decks/general/papers-20260530/calcium-vitamin-d-fracture-falls-bmj/
      Notion updated: 391b8014-24d6-8186-b14b-c4877d9ff1fb
  ✓ decks/t1d-glp1-cardiorenal  →  QR: https://edu.gwanggyobarun.com/decks/general/papers-20260530/t1d-glp1-cardiorenal/
      Notion updated: 391b8014-24d6-81f6-989d-d20a0c299996
  ✓ decks/tirzepatide-dulaglutide-kidney-surpass-cvot  →  QR: https://edu.gwanggyobarun.com/decks/general/papers-20260702/tirzepatide-dulaglutide-kidney-surpass-cvot/
      Notion updated: 391b8014-24d6-8146-adf7-d5d8639b8040
  ✓ decks/htd1801-metformin-t2d-phase3  →  QR: https://edu.gwanggyobarun.com/decks/general/papers-20260702/htd1801-metformin-t2d-phase3/
      Notion updated: 391b8014-24d6-81f5-a7e3-d5ee73e905ce
  ✓ decks/digitalis-heart-failure-meta-rhd-rct  →  QR: https://edu.gwanggyobarun.com/decks/general/papers-20260702/digitalis-heart-failure-meta-rhd-rct/
      Notion updated: 391b8014-24d6-81a0-9afe-da27d67af285
  ✓ decks/prenatal-acetaminophen-autism-adhd-sibling  →  QR: https://edu.gwanggyobarun.com/decks/general/papers-20260702/prenatal-acetaminophen-autism-adhd-sibling/
      Notion updated: 391b8014-24d6-81d6-a13a-d36a699d72dd
  ✓ handouts/pneumococcal-adult-2026  →  QR: https://edu.gwanggyobarun.com/handouts/vaccine/pneumococcal-adult-2026/
      Notion updated: 39eb8014-24d6-812d-8ae2-daa6d8461204
  ✓ handouts/h-pylori-eradication  →  QR: https://edu.gwanggyobarun.com/handouts/gi/h-pylori-eradication/
      Notion updated: 3a4b8014-24d6-81d7-a1e2-f8ac6e417274
  ✓ handouts/home-bp-measurement  →  QR: https://edu.gwanggyobarun.com/handouts/lifestyle/home-bp-measurement/
      Notion updated: 3a4b8014-24d6-81f3-9627-c84da7c94953
  ✓ handouts/gout-core  →  QR: https://edu.gwanggyobarun.com/handouts/endocrine/gout-core/
      Notion updated: 3b7b8014-24d6-81c7-9f6b-ce8b13fddd65
  ✓ handouts/shingles-adult-2026  →  QR: https://edu.gwanggyobarun.com/handouts/vaccine/shingles-adult-2026/
      Notion updated: 39eb8014-24d6-81c5-baa9-ed2e6487e376
  ✓ handouts/post-vaccination-precautions  →  QR: https://edu.gwanggyobarun.com/handouts/vaccine/post-vaccination-precautions/
      Notion updated: 3b6b8014-24d6-8125-898d-c6d8805a6b29
  ✓ handouts/cpr-flowchart  →  QR: https://edu.gwanggyobarun.com/handouts/emergency/cpr-flowchart/
  ⚠️  handouts/crash-cart-map: house-style advisory [handout_table_min_count] handout: 표 0개 < 2
  ⚠️  low-contrast: '주황 점' 4.5:1 (<4.5) — div.legend-card__label
  ⚠️  low-contrast: '· GASTROENTEROLOGY' 1.0:1 (<4.5) — div.slide__chapter
  ⚠️  low-contrast: 'PATIENT EDUCATION' 1.4:1 (<4.5) — strong
  ⚠️  low-contrast: 'Acute Appendicitis · Acute Diver' 1.0:1 (<4.5) — span.slide__source
  ⚠️  low-contrast: '광교바른내과 일반내과' 1.0:1 (<4.5) — span.slide__page
  ⚠️  low-contrast: '급성 게실염 (Diverticulitis)' 3.0:1 (<4.5) — div.compare-col__header
  ⚠️  low-contrast: 'B' 2.5:1 (<4.5) — span.compare-col__marker
  ⚠️  low-contrast: 'SIGN · 01' 3.0:1 (<4.5) — div.tile__index
  ⚠️  low-contrast: 'SIGN · 02' 3.0:1 (<4.5) — div.tile__index
  ⚠️  low-contrast: 'SIGN · 03' 3.0:1 (<4.5) — div.tile__index
  ⚠️  low-contrast: 'SIGN · 04' 3.0:1 (<4.5) — div.tile__index
  ⚠️  low-contrast: 'SIGN · 05' 3.0:1 (<4.5) — div.tile__index
  ⚠️  low-contrast: 'SIGN · 06' 3.0:1 (<4.5) — div.tile__index
  ⚠️  low-contrast: 'CT · PROS' 3.0:1 (<4.5) — div.tile__index
  ⚠️  low-contrast: 'CT · CONS' 3.0:1 (<4.5) — div.tile__index
  ⚠️  low-contrast: 'US · PROS' 3.0:1 (<4.5) — div.tile__index
  ⚠️  low-contrast: 'US · CONS' 3.0:1 (<4.5) — div.tile__index
  ⚠️  low-contrast: '의원 외래 진료 가능' 3.0:1 (<4.5) — div.compare-col__header
  ⚠️  low-contrast: '+' 2.5:1 (<4.5) — span.compare-col__marker
  ⚠️  decks/bowel-prep-low-volume: 2 grandfathered large_internal_gap (non-blocking, pre-existing 부채): [{'slide': 3, 'kind': 'large_internal_gap', 'detail': '227px between children', 'sample': 'split__right'}, {'slide': 6, 'kind': 'large_internal_gap', 'detail': '227px between children', 'sample': 'split__right'}]
  ⚠️  low-contrast: '· GASTROENTEROLOGY' 1.0:1 (<4.5) — div.slide__chapter
  ⚠️  low-contrast: 'PATIENT EDUCATION' 1.4:1 (<4.5) — strong
  ⚠️  low-contrast: 'Bowel Prep · Low-Volume PEG · Pa' 1.0:1 (<4.5) — span.slide__source
  ⚠️  low-contrast: '광교바른내과 소화기내과' 1.0:1 (<4.5) — span.slide__page
  ⚠️  low-contrast: '2L + 물 1L' 3.0:1 (<4.5) — div.cmp-row__value
  ⚠️  low-contrast: '4L' 3.0:1 (<4.5) — div.cmp-row__value
  ⚠️  low-contrast: '중간' 3.0:1 (<4.5) — div.cmp-row__value
  ⚠️  low-contrast: '낮음' 3.0:1 (<4.5) — div.cmp-row__value
  ⚠️  low-contrast: '동등' 3.0:1 (<4.5) — div.cmp-row__value
  ⚠️  low-contrast: '가장 낮음' 3.0:1 (<4.5) — div.cmp-row__value
  ⚠️  low-contrast: '차이 없음' 3.0:1 (<4.5) — div.cmp-row__value
  ⚠️  low-contrast: 'INDICATION · 01' 3.0:1 (<4.5) — div.tile__index
  ⚠️  low-contrast: 'INDICATION · 02' 3.0:1 (<4.5) — div.tile__index
  ⚠️  low-contrast: 'INDICATION · 03' 3.0:1 (<4.5) — div.tile__index
  ⚠️  low-contrast: 'INDICATION · 04' 3.0:1 (<4.5) — div.tile__index
  ⚠️  low-contrast: 'INDICATION · 05' 3.0:1 (<4.5) — div.tile__index
  ⚠️  low-contrast: 'INDICATION · 06' 3.0:1 (<4.5) — div.tile__index
  ⚠️  low-contrast: 'DIET · 01' 3.0:1 (<4.5) — div.tile__index
  ⚠️  low-contrast: 'DIET · 02' 3.0:1 (<4.5) — div.tile__index
  ⚠️  low-contrast: 'DIET · 03' 3.0:1 (<4.5) — div.tile__index
  ⚠️  low-contrast: 'DIET · 04' 3.0:1 (<4.5) — div.tile__index
  ⚠️  low-contrast: 'DIET · 05' 3.0:1 (<4.5) — div.tile__index
  ⚠️  low-contrast: 'DIET · 06' 3.0:1 (<4.5) — div.tile__index
  ⚠️  low-contrast: 'MED · 01' 3.0:1 (<4.5) — div.tile__index
  ⚠️  low-contrast: 'MED · 02' 3.0:1 (<4.5) — div.tile__index
  ⚠️  low-contrast: 'MED · 03' 3.0:1 (<4.5) — div.tile__index
  ⚠️  low-contrast: 'MED · 04' 3.0:1 (<4.5) — div.tile__index
  ⚠️  low-contrast: '01' 3.0:1 (<4.5) — div.check-item__num
  ⚠️  low-contrast: '02' 3.0:1 (<4.5) — div.check-item__num
  ⚠️  low-contrast: '03' 3.0:1 (<4.5) — div.check-item__num
  ⚠️  low-contrast: '04' 3.0:1 (<4.5) — div.check-item__num
  ⚠️  low-contrast: '05' 3.0:1 (<4.5) — div.check-item__num
  ⚠️  low-contrast: '06' 3.0:1 (<4.5) — div.check-item__num
  ⚠️  low-contrast: '07' 3.0:1 (<4.5) — div.check-item__num
  ⚠️  decks/atrophic-gastritis: house-style advisory [v1_thin_body] deck: 본문이 얇은 슬라이드 #7(128자)
  ⚠️  low-contrast: '· GASTROENTEROLOGY' 1.0:1 (<4.5) — div.slide__chapter
  ⚠️  low-contrast: 'PATIENT EDUCATION' 1.4:1 (<4.5) — strong
  ⚠️  low-contrast: 'Atrophic Gastritis · Intestinal ' 1.0:1 (<4.5) — span.slide__source
  ⚠️  low-contrast: '광교바른내과 소화기내과' 1.0:1 (<4.5) — span.slide__page
  ⚠️  low-contrast: 'Why this matters' 3.0:1 (<4.5) — div.pattern-hero-number__detail-label
  ⚠️  low-contrast: 'STEP · 01' 3.0:1 (<4.5) — div.correa-step__index
  ⚠️  low-contrast: 'STEP · 02' 3.0:1 (<4.5) — div.correa-step__index
  ⚠️  low-contrast: 'STEP · 03' 3.0:1 (<4.5) — div.correa-step__index
  ⚠️  low-contrast: 'STEP · 04' 3.0:1 (<4.5) — div.correa-step__index
  ⚠️  low-contrast: 'FACTOR · 01' 3.0:1 (<4.5) — div.tile__index
  ⚠️  low-contrast: 'FACTOR · 02' 3.0:1 (<4.5) — div.tile__index
  ⚠️  low-contrast: 'FACTOR · 03' 3.0:1 (<4.5) — div.tile__index
  ⚠️  low-contrast: 'FACTOR · 04' 3.0:1 (<4.5) — div.tile__index
  ⚠️  low-contrast: 'FACTOR · 05' 3.0:1 (<4.5) — div.tile__index
  ⚠️  low-contrast: 'FACTOR · 06' 3.0:1 (<4.5) — div.tile__index
  ⚠️  low-contrast: 'STRONG · 01' 3.0:1 (<4.5) — div.tile__index
  ⚠️  low-contrast: 'STRONG · 02' 3.0:1 (<4.5) — div.tile__index
  ⚠️  low-contrast: 'STRONG · 03' 3.0:1 (<4.5) — div.tile__index
  ⚠️  low-contrast: 'RECOMMENDED · 04' 2.8:1 (<4.5) — div.tile__index
  ⚠️  low-contrast: 'RECOMMENDED · 05' 3.0:1 (<4.5) — div.tile__index
  ⚠️  low-contrast: 'CONSIDER · 06' 3.0:1 (<4.5) — div.tile__index
  ⚠️  low-contrast: '이렇게 하세요 (DO)' 3.0:1 (<4.5) — div.compare-col__header
  ⚠️  low-contrast: '+' 2.5:1 (<4.5) — span.compare-col__marker
  ⚠️  low-contrast: '01' 3.0:1 (<4.5) — div.check-item__num
  ⚠️  low-contrast: '02' 3.0:1 (<4.5) — div.check-item__num
  ⚠️  low-contrast: '03' 3.0:1 (<4.5) — div.check-item__num
  ⚠️  low-contrast: '04' 3.0:1 (<4.5) — div.check-item__num
  ⚠️  low-contrast: '05' 3.0:1 (<4.5) — div.check-item__num
  ⚠️  low-contrast: '06' 3.0:1 (<4.5) — div.check-item__num
  ⚠️  low-contrast: '07' 3.0:1 (<4.5) — div.check-item__num
  ⚠️  low-contrast: '08' 3.0:1 (<4.5) — div.check-item__num
  ⚠️  low-contrast: '· ENDOCRINOLOGY' 1.0:1 (<4.5) — div.slide__chapter
  ⚠️  low-contrast: 'PATIENT EDUCATION' 1.4:1 (<4.5) — strong
  ⚠️  low-contrast: 'Hypothyroidism · Levothyroxine ·' 1.0:1 (<4.5) — span.slide__source
  ⚠️  low-contrast: '광교바른내과 일반내과' 1.0:1 (<4.5) — span.slide__page
  ⚠️  low-contrast: 'SYMPTOM · 01' 3.0:1 (<4.5) — div.tile__index
  ⚠️  low-contrast: 'SYMPTOM · 02' 3.0:1 (<4.5) — div.tile__index
  ⚠️  low-contrast: 'SYMPTOM · 03' 3.0:1 (<4.5) — div.tile__index
  ⚠️  low-contrast: 'SYMPTOM · 04' 3.0:1 (<4.5) — div.tile__index
  ⚠️  low-contrast: 'SYMPTOM · 05' 3.0:1 (<4.5) — div.tile__index
  ⚠️  low-contrast: 'INTERACTION · 01 · 4시간' 3.0:1 (<4.5) — div.tile__index
  ⚠️  low-contrast: 'INTERACTION · 02 · 1시간' 3.0:1 (<4.5) — div.tile__index
  ⚠️  low-contrast: 'INTERACTION · 03 · 분리 복용' 3.0:1 (<4.5) — div.tile__index
  ⚠️  low-contrast: 'INTERACTION · 04 · 4시간' 3.0:1 (<4.5) — div.tile__index
  ⚠️  low-contrast: 'PREGNANCY · 01 · TSH 목표' 3.0:1 (<4.5) — div.tile__index
  ⚠️  low-contrast: 'PREGNANCY · 02 · 용량' 3.0:1 (<4.5) — div.tile__index
  ⚠️  low-contrast: 'PREGNANCY · 03 · 미치료 위험' 3.0:1 (<4.5) — div.tile__index
  ⚠️  low-contrast: 'PREGNANCY · 04 · 분만 후' 3.0:1 (<4.5) — div.tile__index
  ⚠️  low-contrast: '괜찮습니다 (O)' 3.0:1 (<4.5) — div.compare-col__header
  ⚠️  low-contrast: '+' 2.5:1 (<4.5) — span.compare-col__marker
  ⚠️  low-contrast: '01' 3.0:1 (<4.5) — div.check-item__num
  ⚠️  low-contrast: '02' 3.0:1 (<4.5) — div.check-item__num
  ⚠️  low-contrast: '03' 3.0:1 (<4.5) — div.check-item__num
  ⚠️  low-contrast: '04' 3.0:1 (<4.5) — div.check-item__num
  ⚠️  low-contrast: '05' 3.0:1 (<4.5) — div.check-item__num
  ⚠️  low-contrast: '06' 3.0:1 (<4.5) — div.check-item__num
  ⚠️  low-contrast: '07' 3.0:1 (<4.5) — div.check-item__num
  ⚠️  low-contrast: '08' 3.0:1 (<4.5) — div.check-item__num
  ⚠️  low-contrast: '· ENDOCRINOLOGY' 1.0:1 (<4.5) — div.slide__chapter
  ⚠️  low-contrast: 'PATIENT EDUCATION' 1.4:1 (<4.5) — strong
  ⚠️  low-contrast: 'Hyperthyroidism · Graves' diseas' 1.0:1 (<4.5) — span.slide__source
  ⚠️  low-contrast: '광교바른내과 일반내과' 1.0:1 (<4.5) — span.slide__page
  ⚠️  low-contrast: 'SYMPTOM · 01' 3.0:1 (<4.5) — div.tile__index
  ⚠️  low-contrast: 'SYMPTOM · 02' 3.0:1 (<4.5) — div.tile__index
  ⚠️  low-contrast: 'SYMPTOM · 03' 3.0:1 (<4.5) — div.tile__index
  ⚠️  low-contrast: 'SYMPTOM · 04' 3.0:1 (<4.5) — div.tile__index
  ⚠️  low-contrast: 'SYMPTOM · 05' 3.0:1 (<4.5) — div.tile__index
  ⚠️  low-contrast: 'SYMPTOM · 06' 3.0:1 (<4.5) — div.tile__index
  ⚠️  low-contrast: 'STEP · 01 · 선별' 3.0:1 (<4.5) — div.tile__index
  ⚠️  low-contrast: 'STEP · 02 · 확인' 3.0:1 (<4.5) — div.tile__index
  ⚠️  low-contrast: 'STEP · 03 · 원인 감별' 3.0:1 (<4.5) — div.tile__index
  ⚠️  low-contrast: 'STEP · 04 · 영상' 3.0:1 (<4.5) — div.tile__index
  ⚠️  low-contrast: 'STEP · 05 · 보조' 3.0:1 (<4.5) — div.tile__index
  ⚠️  low-contrast: 'CAUSE · 01 · 약 70~80%' 3.0:1 (<4.5) — div.tile__index
  ⚠️  low-contrast: 'CAUSE · 02 · 약 10~15%' 3.0:1 (<4.5) — div.tile__index
  ⚠️  low-contrast: 'CAUSE · 03 · 약 5~10%' 3.0:1 (<4.5) — div.tile__index
  ⚠️  low-contrast: 'CLUE · 04' 3.0:1 (<4.5) — div.tile__index
  ⚠️  low-contrast: 'CLUE · 05' 3.0:1 (<4.5) — div.tile__index
  ⚠️  low-contrast: 'CLUE · 06' 3.0:1 (<4.5) — div.tile__index
  ⚠️  low-contrast: 'Methimazole (MMI) · 1차 권장' 3.0:1 (<4.5) — div.compare-col__header
  ⚠️  low-contrast: '+' 2.5:1 (<4.5) — span.compare-col__marker
  ⚠️  low-contrast: 'SE · 01 · 약 0.2~0.5%' 3.0:1 (<4.5) — div.tile__index
  ⚠️  low-contrast: 'SE · 02 · 약 0.1~0.3%' 3.0:1 (<4.5) — div.tile__index
  ⚠️  low-contrast: 'SE · 03 · 흔함' 3.0:1 (<4.5) — div.tile__index
  ⚠️  low-contrast: 'SE · 04 · 주의' 3.0:1 (<4.5) — div.tile__index
  ⚠️  low-contrast: '방사성요오드 (RAI)' 3.0:1 (<4.5) — div.compare-col__header
  ⚠️  low-contrast: 'SITUATION · 01 · 임신' 3.0:1 (<4.5) — div.tile__index
  ⚠️  low-contrast: 'SITUATION · 02 · 안병증' 3.0:1 (<4.5) — div.tile__index
  ⚠️  low-contrast: 'SITUATION · 03 · 무증상' 3.0:1 (<4.5) — div.tile__index
  ⚠️  low-contrast: '01' 3.0:1 (<4.5) — div.check-item__num
  ⚠️  low-contrast: '02' 3.0:1 (<4.5) — div.check-item__num
  ⚠️  low-contrast: '03' 3.0:1 (<4.5) — div.check-item__num
  ⚠️  low-contrast: '04' 3.0:1 (<4.5) — div.check-item__num
  ⚠️  low-contrast: '05' 3.0:1 (<4.5) — div.check-item__num
  ⚠️  low-contrast: '06' 3.0:1 (<4.5) — div.check-item__num
  ⚠️  low-contrast: '07' 3.0:1 (<4.5) — div.check-item__num
  ⚠️  low-contrast: '08' 3.0:1 (<4.5) — div.check-item__num
  ⚠️  decks/prediabetes-remission: 2 grandfathered large_internal_gap (non-blocking, pre-existing 부채): [{'slide': 3, 'kind': 'large_internal_gap', 'detail': '227px between children', 'sample': 'split__right'}, {'slide': 6, 'kind': 'large_internal_gap', 'detail': '227px between children', 'sample': 'split__right'}]
  ⚠️  low-contrast: '· ENDOCRINOLOGY' 1.0:1 (<4.5) — div.slide__chapter
  ⚠️  low-contrast: 'PATIENT EDUCATION' 1.4:1 (<4.5) — strong
  ⚠️  low-contrast: 'Prediabetes · Remission · Cardio' 1.0:1 (<4.5) — span.slide__source
  ⚠️  low-contrast: '광교바른내과 일반내과' 1.0:1 (<4.5) — span.slide__page
  ⚠️  low-contrast: 'RISK · 01' 3.0:1 (<4.5) — div.tile__index
  ⚠️  low-contrast: 'RISK · 02' 3.0:1 (<4.5) — div.tile__index
  ⚠️  low-contrast: 'RISK · 03' 3.0:1 (<4.5) — div.tile__index
  ⚠️  low-contrast: 'RISK · 04' 3.0:1 (<4.5) — div.tile__index
  ⚠️  low-contrast: 'RISK · 05' 3.0:1 (<4.5) — div.tile__index
  ⚠️  low-contrast: 'RISK · 06' 3.0:1 (<4.5) — div.tile__index
  ⚠️  low-contrast: 'PILLAR · 01' 3.0:1 (<4.5) — div.tile__index
  ⚠️  low-contrast: 'PILLAR · 02' 3.0:1 (<4.5) — div.tile__index
  ⚠️  low-contrast: 'PILLAR · 03' 3.0:1 (<4.5) — div.tile__index
  ⚠️  low-contrast: 'PILLAR · 04' 3.0:1 (<4.5) — div.tile__index
  ⚠️  low-contrast: 'DIET · 01' 3.0:1 (<4.5) — div.tile__index
  ⚠️  low-contrast: 'DIET · 02' 3.0:1 (<4.5) — div.tile__index
  ⚠️  low-contrast: 'DIET · 03' 3.0:1 (<4.5) — div.tile__index
  ⚠️  low-contrast: 'DIET · 04' 3.0:1 (<4.5) — div.tile__index
  ⚠️  low-contrast: 'DIET · 05' 3.0:1 (<4.5) — div.tile__index
  ⚠️  low-contrast: 'DIET · 06' 3.0:1 (<4.5) — div.tile__index
  ⚠️  low-contrast: '01' 3.0:1 (<4.5) — div.check-item__num
  ⚠️  low-contrast: '02' 3.0:1 (<4.5) — div.check-item__num
  ⚠️  low-contrast: '03' 3.0:1 (<4.5) — div.check-item__num
  ⚠️  low-contrast: '04' 3.0:1 (<4.5) — div.check-item__num
  ⚠️  low-contrast: '05' 3.0:1 (<4.5) — div.check-item__num
  ⚠️  low-contrast: '06' 3.0:1 (<4.5) — div.check-item__num
  ⚠️  low-contrast: '07' 3.0:1 (<4.5) — div.check-item__num
  ⚠️  decks/body-composition-bia: house-style advisory [deck_visual_count] deck: ai-visual 3장 < 4
  ⚠️  low-contrast: '· METABOLIC / OBESITY' 1.0:1 (<4.5) — div.slide__chapter
  ⚠️  low-contrast: 'PATIENT EDUCATION' 1.4:1 (<4.5) — strong
  ⚠️  low-contrast: 'Body Composition · Visceral Fat ' 1.0:1 (<4.5) — span.slide__source
  ⚠️  low-contrast: '광교바른내과 일반내과' 1.0:1 (<4.5) — span.slide__page
  ⚠️  low-contrast: 'METRIC · 01' 3.0:1 (<4.5) — div.tile__index
  ⚠️  low-contrast: 'METRIC · 02' 3.0:1 (<4.5) — div.tile__index
  ⚠️  low-contrast: 'METRIC · 03' 3.0:1 (<4.5) — div.tile__index
  ⚠️  low-contrast: 'METRIC · 04' 3.0:1 (<4.5) — div.tile__index
  ⚠️  low-contrast: 'METRIC · 05' 3.0:1 (<4.5) — div.tile__index
  ⚠️  low-contrast: 'METRIC · 06' 3.0:1 (<4.5) — div.tile__index
  ⚠️  low-contrast: 'Why it motivates' 3.0:1 (<4.5) — div.pattern-hero-number__detail-label
  ⚠️  low-contrast: '기준 · 근육량' 3.0:1 (<4.5) — div.tile__index
  ⚠️  low-contrast: '기준 · 근력·기능' 3.0:1 (<4.5) — div.tile__index
  ⚠️  low-contrast: '근감소성비만' 3.0:1 (<4.5) — div.tile__index
  ⚠️  low-contrast: '왜 중요한가' 3.0:1 (<4.5) — div.tile__index
  ⚠️  low-contrast: '개념 · 01' 3.0:1 (<4.5) — div.tile__index
  ⚠️  low-contrast: '근거 · 02' 3.0:1 (<4.5) — div.tile__index
  ⚠️  low-contrast: '기준 · 03' 3.0:1 (<4.5) — div.tile__index
  ⚠️  low-contrast: '해석 · 04' 2.8:1 (<4.5) — div.tile__index
  ⚠️  low-contrast: 'The engine is muscle' 3.0:1 (<4.5) — div.pattern-hero-number__detail-label
  ⚠️  low-contrast: '허리둘레 · 한국' 3.0:1 (<4.5) — div.tile__index
  ⚠️  low-contrast: '체지방률 · 국제' 3.0:1 (<4.5) — div.tile__index
  ⚠️  low-contrast: '내장지방 · VFA' 3.0:1 (<4.5) — div.tile__index
  ⚠️  low-contrast: '골격근 · SMI' 3.0:1 (<4.5) — div.tile__index
  ⚠️  low-contrast: '근력 · 악력' 3.0:1 (<4.5) — div.tile__index
  ⚠️  low-contrast: '위상각 · 건강' 3.0:1 (<4.5) — div.tile__index
  ⚠️  low-contrast: '01' 3.0:1 (<4.5) — div.check-item__num
  ⚠️  low-contrast: '02' 3.0:1 (<4.5) — div.check-item__num
  ⚠️  low-contrast: '03' 3.0:1 (<4.5) — div.check-item__num
  ⚠️  low-contrast: '04' 3.0:1 (<4.5) — div.check-item__num
  ⚠️  low-contrast: '05' 3.0:1 (<4.5) — div.check-item__num
  ⚠️  low-contrast: '06' 3.0:1 (<4.5) — div.check-item__num
  ⚠️  low-contrast: '07' 3.0:1 (<4.5) — div.check-item__num
  ⚠️  low-contrast: '· CARDIOLOGY' 1.0:1 (<4.5) — div.slide__chapter
  ⚠️  low-contrast: 'PATIENT EDUCATION' 1.4:1 (<4.5) — strong
  ⚠️  low-contrast: 'Chest Pain · Differential Diagno' 1.0:1 (<4.5) — span.slide__source
  ⚠️  low-contrast: '광교바른내과 일반내과' 1.0:1 (<4.5) — span.slide__page
  ⚠️  low-contrast: 'Why differentiation matters' 3.0:1 (<4.5) — div.pattern-hero-number__detail-label
  ⚠️  low-contrast: 'RED FLAG · 01' 3.0:1 (<4.5) — div.tile__index
  ⚠️  low-contrast: 'RED FLAG · 02' 3.0:1 (<4.5) — div.tile__index
  ⚠️  low-contrast: 'RED FLAG · 03' 3.0:1 (<4.5) — div.tile__index
  ⚠️  low-contrast: 'RED FLAG · 04' 3.0:1 (<4.5) — div.tile__index
  ⚠️  low-contrast: 'RED FLAG · 05' 3.0:1 (<4.5) — div.tile__index
  ⚠️  low-contrast: 'RED FLAG · 06' 3.0:1 (<4.5) — div.tile__index
  ⚠️  low-contrast: 'GROUP · 01' 3.0:1 (<4.5) — div.tile__index
  ⚠️  low-contrast: 'GROUP · 02' 3.0:1 (<4.5) — div.tile__index
  ⚠️  low-contrast: 'GROUP · 03' 3.0:1 (<4.5) — div.tile__index
  ⚠️  low-contrast: 'TYPICAL · 04' 3.0:1 (<4.5) — div.tile__index
  ⚠️  low-contrast: 'ATYPICAL · 05' 2.8:1 (<4.5) — div.tile__index
  ⚠️  low-contrast: 'ATYPICAL · 06' 2.8:1 (<4.5) — div.tile__index
  ⚠️  low-contrast: 'CAUSE · 01 · 약 50%' 3.0:1 (<4.5) — div.tile__index
  ⚠️  low-contrast: 'CAUSE · 02 · 약 10–20%' 3.0:1 (<4.5) — div.tile__index
  ⚠️  low-contrast: 'CAUSE · 03 · 약 10–18%' 3.0:1 (<4.5) — div.tile__index
  ⚠️  low-contrast: 'CAUSE · 04 · 약 10–18%' 3.0:1 (<4.5) — div.tile__index
  ⚠️  low-contrast: '안심해도 좋은 가능성' 3.0:1 (<4.5) — div.compare-col__header
  ⚠️  low-contrast: '+' 2.5:1 (<4.5) — span.compare-col__marker
  ⚠️  low-contrast: '이렇게 하세요 (DO)' 3.0:1 (<4.5) — div.compare-col__header
  ⚠️  low-contrast: '01' 3.0:1 (<4.5) — div.check-item__num
  ⚠️  low-contrast: '02' 3.0:1 (<4.5) — div.check-item__num
  ⚠️  low-contrast: '03' 3.0:1 (<4.5) — div.check-item__num
  ⚠️  low-contrast: '04' 3.0:1 (<4.5) — div.check-item__num
  ⚠️  low-contrast: '05' 3.0:1 (<4.5) — div.check-item__num
  ⚠️  low-contrast: '06' 3.0:1 (<4.5) — div.check-item__num
  ⚠️  low-contrast: '07' 3.0:1 (<4.5) — div.check-item__num
  ⚠️  low-contrast: '08' 3.0:1 (<4.5) — div.check-item__num
  ⚠️  low-contrast: '· CIRCULATION' 1.0:1 (<4.5) — div.slide__chapter
  ⚠️  low-contrast: 'PATIENT EDUCATION' 1.4:1 (<4.5) — strong
  ⚠️  low-contrast: '정맥순환제 · 말초동맥질환약 · 은행엽 — 근거 기반 정리' 1.0:1 (<4.5) — span.slide__source
  ⚠️  low-contrast: '광교바른내과 일반내과' 1.0:1 (<4.5) — span.slide__page
  ⚠️  low-contrast: 'Why it matters' 3.0:1 (<4.5) — div.pattern-hero-number__detail-label
  ⚠️  low-contrast: 'ARTERY · 동맥' 3.0:1 (<4.5) — div.tile__index
  ⚠️  low-contrast: 'VEIN · 정맥' 3.0:1 (<4.5) — div.tile__index
  ⚠️  low-contrast: 'MICRO · 미세순환·신경' 3.0:1 (<4.5) — div.tile__index
  ⚠️  low-contrast: '정맥 · VENOUS' 3.0:1 (<4.5) — div.tile__index
  ⚠️  low-contrast: '동맥 · ARTERIAL' 3.0:1 (<4.5) — div.tile__index
  ⚠️  low-contrast: '신경·기타 · OTHER' 3.0:1 (<4.5) — div.tile__index
  ⚠️  low-contrast: '전정·청력 · DIZZY' 3.0:1 (<4.5) — div.tile__index
  ⚠️  low-contrast: '정상 · NORMAL' 3.0:1 (<4.5) — div.tile__index
  ⚠️  low-contrast: '고장 · REFLUX' 3.0:1 (<4.5) — div.tile__index
  ⚠️  low-contrast: '핵심 · KEY' 2.8:1 (<4.5) — div.tile__index
  ⚠️  low-contrast: '1차 · FIRST' 2.8:1 (<4.5) — div.tile__index
  ⚠️  low-contrast: '보조 · SUPPORT' 3.0:1 (<4.5) — div.tile__index
  ⚠️  low-contrast: '증상 · SYMPTOM' 3.0:1 (<4.5) — div.tile__index
  ⚠️  low-contrast: '원인 · CAUSE' 3.0:1 (<4.5) — div.tile__index
  ⚠️  low-contrast: '확인 · CHECK' 2.8:1 (<4.5) — div.tile__index
  ⚠️  low-contrast: '1차 · 운동요법' 2.8:1 (<4.5) — div.tile__index
  ⚠️  low-contrast: '1차 · 위험인자' 2.8:1 (<4.5) — div.tile__index
  ⚠️  low-contrast: '증상약 · CILOSTAZOL' 3.0:1 (<4.5) — div.tile__index
  ⚠️  low-contrast: '근거가 있는 사용' 3.0:1 (<4.5) — div.compare-col__header
  ⚠️  low-contrast: '+' 2.5:1 (<4.5) — span.compare-col__marker
  ⚠️  low-contrast: '동맥 · 간헐성 파행' 2.8:1 (<4.5) — div.tile__index
  ⚠️  low-contrast: '정맥 · 만성정맥질환' 2.8:1 (<4.5) — div.tile__index
  ⚠️  low-contrast: '정맥 · 부종' 3.0:1 (<4.5) — div.tile__index
  ⚠️  low-contrast: '시술 전 · HOLD' 3.0:1 (<4.5) — div.tile__index
  ⚠️  low-contrast: '01' 3.0:1 (<4.5) — div.check-item__num
  ⚠️  low-contrast: '02' 3.0:1 (<4.5) — div.check-item__num
  ⚠️  low-contrast: '03' 3.0:1 (<4.5) — div.check-item__num
  ⚠️  low-contrast: '04' 3.0:1 (<4.5) — div.check-item__num
  ⚠️  low-contrast: '05' 3.0:1 (<4.5) — div.check-item__num
  ⚠️  low-contrast: '06' 3.0:1 (<4.5) — div.check-item__num
  ⚠️  low-contrast: '07' 3.0:1 (<4.5) — div.check-item__num
  ⚠️  decks/abyss-betablocker-mi: house-style advisory [deck_tile_min_count] deck: tile 블록 4개 < 6
  ⚠️  low-contrast: '· CARDIOLOGY' 1.0:1 (<4.5) — div.slide__chapter
  ⚠️  low-contrast: 'PATIENT EDUCATION' 1.4:1 (<4.5) — strong
  ⚠️  low-contrast: 'ABYSS Trial · Beta-Blocker Inter' 1.0:1 (<4.5) — span.slide__source
  ⚠️  low-contrast: '광교바른내과 일반내과' 1.0:1 (<4.5) — span.slide__page
  ⚠️  low-contrast: '지속 그룹 (약 1,852명)' 3.0:1 (<4.5) — div.compare-col__header
  ⚠️  low-contrast: '+' 2.5:1 (<4.5) — span.compare-col__marker
  ⚠️  low-contrast: 'What it means' 3.0:1 (<4.5) — div.pattern-hero-number__detail-label
  ⚠️  low-contrast: '약 +4 mmHg' 3.0:1 (<4.5) — div.stats3-cell__unit
  ⚠️  low-contrast: '결과 · 01 · 사망' 3.0:1 (<4.5) — div.tile__index
  ⚠️  low-contrast: '결과 · 02 · 심근경색' 3.0:1 (<4.5) — div.tile__index
  ⚠️  low-contrast: '결과 · 03 · 뇌졸중' 3.0:1 (<4.5) — div.tile__index
  ⚠️  low-contrast: '결과 · 04 · 입원' 2.8:1 (<4.5) — div.tile__index
  ⚠️  low-contrast: '이렇게 하세요 (DO)' 3.0:1 (<4.5) — div.compare-col__header
  ⚠️  low-contrast: '01' 3.0:1 (<4.5) — div.check-item__num
  ⚠️  low-contrast: '02' 3.0:1 (<4.5) — div.check-item__num
  ⚠️  low-contrast: '03' 3.0:1 (<4.5) — div.check-item__num
  ⚠️  low-contrast: '04' 3.0:1 (<4.5) — div.check-item__num
  ⚠️  low-contrast: '05' 3.0:1 (<4.5) — div.check-item__num
  ⚠️  low-contrast: '06' 3.0:1 (<4.5) — div.check-item__num
  ⚠️  low-contrast: '· INFECTIOUS DISEASE' 1.0:1 (<4.5) — div.slide__chapter
  ⚠️  low-contrast: 'PATIENT EDUCATION' 1.4:1 (<4.5) — strong
  ⚠️  low-contrast: 'LTBI · IGRA · Risk Groups · Reac' 1.0:1 (<4.5) — span.slide__source
  ⚠️  low-contrast: '광교바른내과 일반내과' 1.0:1 (<4.5) — span.slide__page
  ⚠️  low-contrast: '%' 3.0:1 (<4.5) — div.stats3-cell__unit
  ⚠️  low-contrast: 'LTBI · 증상과 전염력' 3.0:1 (<4.5) — div.tile__index
  ⚠️  low-contrast: 'ACTIVE TB · 증상과 전염력' 3.0:1 (<4.5) — div.tile__index
  ⚠️  low-contrast: 'LTBI · 검사 소견' 3.0:1 (<4.5) — div.tile__index
  ⚠️  low-contrast: 'RISK · 03' 3.0:1 (<4.5) — div.tile__index
  ⚠️  low-contrast: 'RISK · 04' 3.0:1 (<4.5) — div.tile__index
  ⚠️  low-contrast: 'RISK · 05' 3.0:1 (<4.5) — div.tile__index
  ⚠️  low-contrast: 'RISK · 06' 3.0:1 (<4.5) — div.tile__index
  ⚠️  low-contrast: 'IGRA (혈액 검사 · 선호)' 3.0:1 (<4.5) — div.compare-col__header
  ⚠️  low-contrast: '+' 2.5:1 (<4.5) — span.compare-col__marker
  ⚠️  low-contrast: 'RESULT · 음성 (Negative)' 3.0:1 (<4.5) — div.tile__index
  ⚠️  low-contrast: 'RESULT · 양성 (Positive)' 3.0:1 (<4.5) — div.tile__index
  ⚠️  low-contrast: 'RESULT · 판정 불가 (Indeterminate)' 3.0:1 (<4.5) — div.tile__index
  ⚠️  low-contrast: 'CONVERSION · 전환' 3.0:1 (<4.5) — div.tile__index
  ⚠️  low-contrast: 'MYTH · 01' 3.0:1 (<4.5) — div.tile__index
  ⚠️  low-contrast: 'MYTH · 02' 3.0:1 (<4.5) — div.tile__index
  ⚠️  low-contrast: 'MYTH · 03' 3.0:1 (<4.5) — div.tile__index
  ⚠️  low-contrast: 'MYTH · 04' 3.0:1 (<4.5) — div.tile__index
  ⚠️  low-contrast: '01' 3.0:1 (<4.5) — div.check-item__num
  ⚠️  low-contrast: '02' 3.0:1 (<4.5) — div.check-item__num
  ⚠️  low-contrast: '03' 3.0:1 (<4.5) — div.check-item__num
  ⚠️  low-contrast: '04' 3.0:1 (<4.5) — div.check-item__num
  ⚠️  low-contrast: '05' 3.0:1 (<4.5) — div.check-item__num
  ⚠️  low-contrast: '06' 3.0:1 (<4.5) — div.check-item__num
  ⚠️  low-contrast: '07' 3.0:1 (<4.5) — div.check-item__num
  ⚠️  low-contrast: '08' 3.0:1 (<4.5) — div.check-item__num
  ⚠️  low-contrast: '· GASTROENTEROLOGY' 1.0:1 (<4.5) — div.slide__chapter
  ⚠️  low-contrast: 'PATIENT EDUCATION' 1.4:1 (<4.5) — strong
  ⚠️  low-contrast: 'Helicobacter pylori · Transmissi' 1.0:1 (<4.5) — span.slide__source
  ⚠️  low-contrast: '광교바른내과 소화기내과' 1.0:1 (<4.5) — span.slide__page
  ⚠️  low-contrast: 'Why it matters' 3.0:1 (<4.5) — div.pattern-hero-number__detail-label
  ⚠️  low-contrast: 'ROUTE · 01 · 가장 흔함' 3.0:1 (<4.5) — div.tile__index
  ⚠️  low-contrast: 'ROUTE · 02' 3.0:1 (<4.5) — div.tile__index
  ⚠️  low-contrast: 'ROUTE · 03' 3.0:1 (<4.5) — div.tile__index
  ⚠️  low-contrast: 'ROUTE · 04' 3.0:1 (<4.5) — div.tile__index
  ⚠️  low-contrast: 'ACUTE · 비교적 초기' 2.8:1 (<4.5) — div.tile__index
  ⚠️  low-contrast: 'CHRONIC · 오래 지속된 감염' 3.0:1 (<4.5) — div.tile__index
  ⚠️  low-contrast: 'CHARACTERISTIC · 특징적 변화' 3.0:1 (<4.5) — div.tile__index
  ⚠️  low-contrast: 'FOLLOW-UP · 치료 전후' 3.0:1 (<4.5) — div.tile__index
  ⚠️  low-contrast: 'INVASIVE · 01' 2.8:1 (<4.5) — div.tile__index
  ⚠️  low-contrast: 'INVASIVE · 02' 3.0:1 (<4.5) — div.tile__index
  ⚠️  low-contrast: 'INVASIVE · 03' 3.0:1 (<4.5) — div.tile__index
  ⚠️  low-contrast: 'NON-INVASIVE · 04' 3.0:1 (<4.5) — div.tile__index
  ⚠️  low-contrast: 'NON-INVASIVE · 05' 3.0:1 (<4.5) — div.tile__index
  ⚠️  low-contrast: 'NON-INVASIVE · 06' 3.0:1 (<4.5) — div.tile__index
  ⚠️  low-contrast: 'DEFINITE · 01' 2.8:1 (<4.5) — div.tile__index
  ⚠️  low-contrast: 'DEFINITE · 02' 2.8:1 (<4.5) — div.tile__index
  ⚠️  low-contrast: 'DEFINITE · 03' 2.8:1 (<4.5) — div.tile__index
  ⚠️  low-contrast: 'DEFINITE · 04' 2.8:1 (<4.5) — div.tile__index
  ⚠️  low-contrast: 'DEFINITE · 05' 3.0:1 (<4.5) — div.tile__index
  ⚠️  low-contrast: 'DEFINITE · 06' 3.0:1 (<4.5) — div.tile__index
  ⚠️  low-contrast: 'CONDITIONAL · 01' 3.0:1 (<4.5) — div.tile__index
  ⚠️  low-contrast: 'CONDITIONAL · 02' 3.0:1 (<4.5) — div.tile__index
  ⚠️  low-contrast: 'CONDITIONAL · 03' 3.0:1 (<4.5) — div.tile__index
  ⚠️  low-contrast: 'CONDITIONAL · 04' 3.0:1 (<4.5) — div.tile__index
  ⚠️  low-contrast: '검사를 권하는 경우' 3.0:1 (<4.5) — div.compare-col__header
  ⚠️  low-contrast: '+' 2.5:1 (<4.5) — span.compare-col__marker
  ⚠️  low-contrast: '01' 3.0:1 (<4.5) — div.check-item__num
  ⚠️  low-contrast: '02' 3.0:1 (<4.5) — div.check-item__num
  ⚠️  low-contrast: '03' 3.0:1 (<4.5) — div.check-item__num
  ⚠️  low-contrast: '04' 3.0:1 (<4.5) — div.check-item__num
  ⚠️  low-contrast: '05' 3.0:1 (<4.5) — div.check-item__num
  ⚠️  low-contrast: '06' 3.0:1 (<4.5) — div.check-item__num
  ⚠️  low-contrast: '07' 3.0:1 (<4.5) — div.check-item__num
  ⚠️  low-contrast: 'Q · 01' 2.8:1 (<4.5) — div.tile__index
  ⚠️  low-contrast: 'Q · 02' 3.0:1 (<4.5) — div.tile__index
  ⚠️  low-contrast: 'Q · 03' 3.0:1 (<4.5) — div.tile__index
  ⚠️  low-contrast: 'Q · 04' 3.0:1 (<4.5) — div.tile__index
  ⚠️  low-contrast: '· ENDOCRINOLOGY' 1.0:1 (<4.5) — div.slide__chapter
  ⚠️  low-contrast: 'PATIENT EDUCATION' 1.4:1 (<4.5) — strong
  ⚠️  low-contrast: 'Dyslipidemia · LDL Targets · Sta' 1.0:1 (<4.5) — span.slide__source
  ⚠️  low-contrast: '광교바른내과 일반내과' 1.0:1 (<4.5) — span.slide__page
  ⚠️  low-contrast: 'Why LDL matters' 3.0:1 (<4.5) — div.pattern-hero-number__detail-label
  ⚠️  low-contrast: 'PANEL · 01' 3.0:1 (<4.5) — div.tile__index
  ⚠️  low-contrast: 'PANEL · 02' 3.0:1 (<4.5) — div.tile__index
  ⚠️  low-contrast: 'PANEL · 03' 3.0:1 (<4.5) — div.tile__index
  ⚠️  low-contrast: 'PANEL · 04' 3.0:1 (<4.5) — div.tile__index
  ⚠️  low-contrast: 'RISK · 01' 3.0:1 (<4.5) — div.tile__index
  ⚠️  low-contrast: 'RISK · 02' 3.0:1 (<4.5) — div.tile__index
  ⚠️  low-contrast: 'RISK · 03' 3.0:1 (<4.5) — div.tile__index
  ⚠️  low-contrast: 'RISK · 04' 3.0:1 (<4.5) — div.tile__index
  ⚠️  low-contrast: 'RISK · 05' 3.0:1 (<4.5) — div.tile__index
  ⚠️  low-contrast: 'SUMMARY · 06' 3.0:1 (<4.5) — div.tile__index
  ⚠️  low-contrast: 'CAUSE · 01 · 식사' 3.0:1 (<4.5) — div.tile__index
  ⚠️  low-contrast: 'CAUSE · 02 · 약물' 3.0:1 (<4.5) — div.tile__index
  ⚠️  low-contrast: 'CAUSE · 03 · 질환' 3.0:1 (<4.5) — div.tile__index
  ⚠️  low-contrast: 'CAUSE · 04 · 대사 이상' 3.0:1 (<4.5) — div.tile__index
  ⚠️  low-contrast: 'DRUG · 01' 3.0:1 (<4.5) — div.tile__index
  ⚠️  low-contrast: 'DRUG · 02' 3.0:1 (<4.5) — div.tile__index
  ⚠️  low-contrast: 'DRUG · 03' 3.0:1 (<4.5) — div.tile__index
  ⚠️  low-contrast: 'DRUG · 04' 3.0:1 (<4.5) — div.tile__index
  ⚠️  low-contrast: 'DRUG · 05' 3.0:1 (<4.5) — div.tile__index
  ⚠️  low-contrast: 'DRUG · 06' 3.0:1 (<4.5) — div.tile__index
  ⚠️  low-contrast: '이렇게 하세요 (DO)' 3.0:1 (<4.5) — div.compare-col__header
  ⚠️  low-contrast: '+' 2.5:1 (<4.5) — span.compare-col__marker
  ⚠️  low-contrast: '01' 3.0:1 (<4.5) — div.check-item__num
  ⚠️  low-contrast: '02' 3.0:1 (<4.5) — div.check-item__num
  ⚠️  low-contrast: '03' 3.0:1 (<4.5) — div.check-item__num
  ⚠️  low-contrast: '04' 3.0:1 (<4.5) — div.check-item__num
  ⚠️  low-contrast: '05' 3.0:1 (<4.5) — div.check-item__num
  ⚠️  low-contrast: '06' 3.0:1 (<4.5) — div.check-item__num
  ⚠️  low-contrast: '07' 3.0:1 (<4.5) — div.check-item__num
  ⚠️  low-contrast: '08' 3.0:1 (<4.5) — div.check-item__num
  ⚠️  decks/statin-side-effects: house-style advisory [deck_visual_count] deck: ai-visual 3장 < 4
  ⚠️  low-contrast: '· ENDOCRINOLOGY' 1.0:1 (<4.5) — div.slide__chapter
  ⚠️  low-contrast: 'PATIENT EDUCATION' 1.4:1 (<4.5) — strong
  ⚠️  low-contrast: 'SAMSON · StatinWISE · CTT · Satt' 1.0:1 (<4.5) — span.slide__source
  ⚠️  low-contrast: '광교바른내과 일반내과' 1.0:1 (<4.5) — span.slide__page
  ⚠️  low-contrast: '근육 증상 (SAMS) · ★★☆☆☆' 3.0:1 (<4.5) — div.tile__index
  ⚠️  low-contrast: '횡문근융해증 · ★☆☆☆☆' 3.0:1 (<4.5) — div.tile__index
  ⚠️  low-contrast: '간효소 상승 · ★☆☆☆☆' 3.0:1 (<4.5) — div.tile__index
  ⚠️  low-contrast: '신규 당뇨 (NODM) · ★★☆☆☆' 3.0:1 (<4.5) — div.tile__index
  ⚠️  low-contrast: '약물 상호작용 · ★★★☆☆' 3.0:1 (<4.5) — div.tile__index
  ⚠️  low-contrast: '실제 진료에서 보고 · 7 – 29%' 3.0:1 (<4.5) — div.tile__index
  ⚠️  low-contrast: '약 모르게 비교 시 · 1 – 5%' 3.0:1 (<4.5) — div.tile__index
  ⚠️  low-contrast: 'CTT 2022 · 15건 중 14건' 3.0:1 (<4.5) — div.tile__index
  ⚠️  low-contrast: '위험 시점 · 첫 1년' 3.0:1 (<4.5) — div.tile__index
  ⚠️  low-contrast: 'SAMSON 2020 · n-of-1 (NEJM)' 3.0:1 (<4.5) — div.pattern-hero-number__detail-label
  ⚠️  low-contrast: '무증상 간수치 상승 · 0.5 – 3%' 3.0:1 (<4.5) — div.tile__index
  ⚠️  low-contrast: '의미 있는 간손상 · 약 1/17,000' 3.0:1 (<4.5) — div.tile__index
  ⚠️  low-contrast: 'FDA 2012 · 정기검사 폐지' 3.0:1 (<4.5) — div.tile__index
  ⚠️  low-contrast: '지방간 (MASLD)' 3.0:1 (<4.5) — div.tile__index
  ⚠️  low-contrast: '상호작용 적음 — 비교적 안심' 3.0:1 (<4.5) — div.compare-col__header
  ⚠️  low-contrast: '+' 2.5:1 (<4.5) — span.compare-col__marker
  ⚠️  low-contrast: 'LDL 약 39 mg/dL 감소' 3.0:1 (<4.5) — div.tile__index
  ⚠️  low-contrast: '이차예방' 3.0:1 (<4.5) — div.tile__index
  ⚠️  low-contrast: '부작용 vs 미복용' 3.0:1 (<4.5) — div.tile__index
  ⚠️  low-contrast: '오해 · 01' 3.0:1 (<4.5) — div.tile__index
  ⚠️  low-contrast: '오해 · 02' 3.0:1 (<4.5) — div.tile__index
  ⚠️  low-contrast: '오해 · 03' 3.0:1 (<4.5) — div.tile__index
  ⚠️  low-contrast: '오해 · 04' 3.0:1 (<4.5) — div.tile__index
  ⚠️  low-contrast: '01' 3.0:1 (<4.5) — div.check-item__num
  ⚠️  low-contrast: '02' 3.0:1 (<4.5) — div.check-item__num
  ⚠️  low-contrast: '03' 3.0:1 (<4.5) — div.check-item__num
  ⚠️  low-contrast: '04' 3.0:1 (<4.5) — div.check-item__num
  ⚠️  low-contrast: '05' 3.0:1 (<4.5) — div.check-item__num
  ⚠️  low-contrast: '06' 3.0:1 (<4.5) — div.check-item__num
  ⚠️  low-contrast: '07' 3.0:1 (<4.5) — div.check-item__num
  ⚠️  low-contrast: '· ENDOCRINOLOGY' 1.0:1 (<4.5) — div.slide__chapter
  ⚠️  low-contrast: 'PATIENT EDUCATION' 1.4:1 (<4.5) — strong
  ⚠️  low-contrast: 'T2DM · Diagnosis · Complications' 1.0:1 (<4.5) — span.slide__source
  ⚠️  low-contrast: '광교바른내과 일반내과' 1.0:1 (<4.5) — span.slide__page
  ⚠️  low-contrast: 'Why control matters' 3.0:1 (<4.5) — div.pattern-hero-number__detail-label
  ⚠️  low-contrast: 'CRITERION · 01' 3.0:1 (<4.5) — div.tile__index
  ⚠️  low-contrast: 'CRITERION · 02' 3.0:1 (<4.5) — div.tile__index
  ⚠️  low-contrast: 'CRITERION · 03' 3.0:1 (<4.5) — div.tile__index
  ⚠️  low-contrast: 'CRITERION · 04' 3.0:1 (<4.5) — div.tile__index
  ⚠️  low-contrast: 'MICRO · 01' 3.0:1 (<4.5) — div.tile__index
  ⚠️  low-contrast: 'MICRO · 02' 3.0:1 (<4.5) — div.tile__index
  ⚠️  low-contrast: 'MICRO · 03' 3.0:1 (<4.5) — div.tile__index
  ⚠️  low-contrast: 'MACRO · 04' 3.0:1 (<4.5) — div.tile__index
  ⚠️  low-contrast: 'MACRO · 05' 3.0:1 (<4.5) — div.tile__index
  ⚠️  low-contrast: 'GLYCEMIC · 01' 3.0:1 (<4.5) — div.tile__index
  ⚠️  low-contrast: 'GLYCEMIC · 02' 3.0:1 (<4.5) — div.tile__index
  ⚠️  low-contrast: 'GLYCEMIC · 03' 3.0:1 (<4.5) — div.tile__index
  ⚠️  low-contrast: 'CARDIO · 04' 3.0:1 (<4.5) — div.tile__index
  ⚠️  low-contrast: 'CARDIO · 05' 3.0:1 (<4.5) — div.tile__index
  ⚠️  low-contrast: 'WEIGHT · 06' 3.0:1 (<4.5) — div.tile__index
  ⚠️  low-contrast: 'CLASS · A' 2.8:1 (<4.5) — div.tile__index
  ⚠️  low-contrast: 'CLASS · B' 2.8:1 (<4.5) — div.tile__index
  ⚠️  low-contrast: 'CLASS · C' 3.0:1 (<4.5) — div.tile__index
  ⚠️  low-contrast: 'CLASS · D' 3.0:1 (<4.5) — div.tile__index
  ⚠️  low-contrast: 'WATCH · 04' 3.0:1 (<4.5) — div.tile__index
  ⚠️  low-contrast: 'WATCH · 05' 3.0:1 (<4.5) — div.tile__index
  ⚠️  low-contrast: 'WATCH · 06' 3.0:1 (<4.5) — div.tile__index
  ⚠️  low-contrast: '· ENDOCRINOLOGY' 1.0:1 (<4.5) — div.slide__chapter
  ⚠️  low-contrast: 'PATIENT EDUCATION' 1.4:1 (<4.5) — strong
  ⚠️  low-contrast: 'First Visit · Diagnosis · Workup' 1.0:1 (<4.5) — span.slide__source
  ⚠️  low-contrast: '광교바른내과 일반내과' 1.0:1 (<4.5) — span.slide__page
  ⚠️  low-contrast: '오늘의 메시지' 3.0:1 (<4.5) — div.pattern-hero-number__detail-label
  ⚠️  low-contrast: '검사 · 01' 3.0:1 (<4.5) — div.tile__index
  ⚠️  low-contrast: '검사 · 02' 3.0:1 (<4.5) — div.tile__index
  ⚠️  low-contrast: '검사 · 03' 3.0:1 (<4.5) — div.tile__index
  ⚠️  low-contrast: '검사 · 04' 3.0:1 (<4.5) — div.tile__index
  ⚠️  low-contrast: 'PILLAR · 01' 3.0:1 (<4.5) — div.tile__index
  ⚠️  low-contrast: 'PILLAR · 02' 3.0:1 (<4.5) — div.tile__index
  ⚠️  low-contrast: 'PILLAR · 03' 3.0:1 (<4.5) — div.tile__index
  ⚠️  low-contrast: 'PILLAR · 04' 3.0:1 (<4.5) — div.tile__index
  ⚠️  low-contrast: '늘리기 — 혈당을 안정시키는 선택' 3.0:1 (<4.5) — div.compare-col__header
  ⚠️  low-contrast: '+' 2.5:1 (<4.5) — span.compare-col__marker
  ⚠️  low-contrast: 'TARGET · 01' 2.8:1 (<4.5) — div.tile__index
  ⚠️  low-contrast: 'TARGET · 02' 2.8:1 (<4.5) — div.tile__index
  ⚠️  low-contrast: 'TARGET · 03' 3.0:1 (<4.5) — div.tile__index
  ⚠️  low-contrast: 'TARGET · 04' 3.0:1 (<4.5) — div.tile__index
  ⚠️  low-contrast: 'STEP · 01 · 오늘' 3.0:1 (<4.5) — div.tile__index
  ⚠️  low-contrast: 'STEP · 02 · 1~2주 후' 3.0:1 (<4.5) — div.tile__index
  ⚠️  low-contrast: 'STEP · 03 · 약 3개월 후' 3.0:1 (<4.5) — div.tile__index
  ⚠️  low-contrast: 'STEP · 04 · 이후 정기' 3.0:1 (<4.5) — div.tile__index
  ⚠️  low-contrast: 'WATCH · 03' 3.0:1 (<4.5) — div.tile__index
  ⚠️  low-contrast: 'WATCH · 04' 3.0:1 (<4.5) — div.tile__index
  ⚠️  low-contrast: 'WATCH · 05' 3.0:1 (<4.5) — div.tile__index
  ⚠️  low-contrast: 'WATCH · 06' 3.0:1 (<4.5) — div.tile__index
  ⚠️  decks/glp1-week-01-start: house-style advisory [deck_min_count] deck: 슬라이드 6장 < 10
  ⚠️  decks/glp1-week-01-start: house-style advisory [deck_tile_min_count] deck: tile 블록 0개 < 6
  ⚠️  decks/glp1-week-01-start: house-style advisory [deck_visual_count] deck: ai-visual 0장 < 4
  ⚠️  low-contrast: '· SESSION 01' 1.0:1 (<4.5) — div.slide__chapter
  ⚠️  low-contrast: 'GLP-1 WEIGHT CARE' 1.4:1 (<4.5) — strong
  ⚠️  low-contrast: '근거 — Wegovy PI · Mounjaro PI · 한' 1.0:1 (<4.5) — span.slide__source
  ⚠️  low-contrast: '01 / 06' 1.0:1 (<4.5) — span.slide__page
  ⚠️  decks/glp1-week-02-aerobic: house-style advisory [deck_min_count] deck: 슬라이드 6장 < 10
  ⚠️  decks/glp1-week-02-aerobic: house-style advisory [deck_tile_min_count] deck: tile 블록 0개 < 6
  ⚠️  decks/glp1-week-02-aerobic: house-style advisory [deck_visual_count] deck: ai-visual 0장 < 4
  ⚠️  low-contrast: '· SESSION 02' 1.0:1 (<4.5) — div.slide__chapter
  ⚠️  low-contrast: 'GLP-1 WEIGHT CARE' 1.4:1 (<4.5) — strong
  ⚠️  low-contrast: '근거 — Wegovy PI · Mounjaro PI · 한' 1.0:1 (<4.5) — span.slide__source
  ⚠️  low-contrast: '01 / 06' 1.0:1 (<4.5) — span.slide__page
  ⚠️  decks/glp1-week-03-strength: house-style advisory [deck_min_count] deck: 슬라이드 6장 < 10
  ⚠️  decks/glp1-week-03-strength: house-style advisory [deck_tile_min_count] deck: tile 블록 0개 < 6
  ⚠️  decks/glp1-week-03-strength: house-style advisory [deck_visual_count] deck: ai-visual 0장 < 4
  ⚠️  low-contrast: '· SESSION 03' 1.0:1 (<4.5) — div.slide__chapter
  ⚠️  low-contrast: 'GLP-1 WEIGHT CARE' 1.4:1 (<4.5) — strong
  ⚠️  low-contrast: '근거 — Wegovy PI · Mounjaro PI · 한' 1.0:1 (<4.5) — span.slide__source
  ⚠️  low-contrast: '01 / 06' 1.0:1 (<4.5) — span.slide__page
  ⚠️  decks/glp1-week-04-nutrition: house-style advisory [deck_min_count] deck: 슬라이드 6장 < 10
  ⚠️  decks/glp1-week-04-nutrition: house-style advisory [deck_tile_min_count] deck: tile 블록 0개 < 6
  ⚠️  decks/glp1-week-04-nutrition: house-style advisory [deck_visual_count] deck: ai-visual 0장 < 4
  ⚠️  low-contrast: '· SESSION 04' 1.0:1 (<4.5) — div.slide__chapter
  ⚠️  low-contrast: 'GLP-1 WEIGHT CARE' 1.4:1 (<4.5) — strong
  ⚠️  low-contrast: '근거 — Wegovy PI · Mounjaro PI · 한' 1.0:1 (<4.5) — span.slide__source
  ⚠️  low-contrast: '01 / 06' 1.0:1 (<4.5) — span.slide__page
  ⚠️  decks/glp1-week-05-gi-effects: house-style advisory [deck_min_count] deck: 슬라이드 6장 < 10
  ⚠️  decks/glp1-week-05-gi-effects: house-style advisory [deck_tile_min_count] deck: tile 블록 0개 < 6
  ⚠️  decks/glp1-week-05-gi-effects: house-style advisory [deck_visual_count] deck: ai-visual 0장 < 4
  ⚠️  low-contrast: '· SESSION 05' 1.0:1 (<4.5) — div.slide__chapter
  ⚠️  low-contrast: 'GLP-1 WEIGHT CARE' 1.4:1 (<4.5) — strong
  ⚠️  low-contrast: '근거 — Wegovy PI · Mounjaro PI · 한' 1.0:1 (<4.5) — span.slide__source
  ⚠️  low-contrast: '01 / 06' 1.0:1 (<4.5) — span.slide__page
  ⚠️  decks/glp1-week-06-injection: house-style advisory [deck_min_count] deck: 슬라이드 6장 < 10
  ⚠️  decks/glp1-week-06-injection: house-style advisory [deck_tile_min_count] deck: tile 블록 0개 < 6
  ⚠️  decks/glp1-week-06-injection: house-style advisory [deck_visual_count] deck: ai-visual 0장 < 4
  ⚠️  low-contrast: '· SESSION 06' 1.0:1 (<4.5) — div.slide__chapter
  ⚠️  low-contrast: 'GLP-1 WEIGHT CARE' 1.4:1 (<4.5) — strong
  ⚠️  low-contrast: '근거 — Wegovy PI · Mounjaro PI · 한' 1.0:1 (<4.5) — span.slide__source
  ⚠️  low-contrast: '01 / 06' 1.0:1 (<4.5) — span.slide__page
  ⚠️  decks/glp1-week-07-safety: house-style advisory [deck_min_count] deck: 슬라이드 6장 < 10
  ⚠️  decks/glp1-week-07-safety: house-style advisory [deck_tile_min_count] deck: tile 블록 0개 < 6
  ⚠️  decks/glp1-week-07-safety: house-style advisory [deck_visual_count] deck: ai-visual 0장 < 4
  ⚠️  low-contrast: '· SESSION 07' 1.0:1 (<4.5) — div.slide__chapter
  ⚠️  low-contrast: 'GLP-1 WEIGHT CARE' 1.4:1 (<4.5) — strong
  ⚠️  low-contrast: '근거 — Wegovy PI · Mounjaro PI · 한' 1.0:1 (<4.5) — span.slide__source
  ⚠️  low-contrast: '01 / 06' 1.0:1 (<4.5) — span.slide__page
  ⚠️  decks/glp1-week-08-maintenance: house-style advisory [deck_min_count] deck: 슬라이드 6장 < 10
  ⚠️  decks/glp1-week-08-maintenance: house-style advisory [deck_tile_min_count] deck: tile 블록 0개 < 6
  ⚠️  decks/glp1-week-08-maintenance: house-style advisory [deck_visual_count] deck: ai-visual 0장 < 4
  ⚠️  low-contrast: '· SESSION 08' 1.0:1 (<4.5) — div.slide__chapter
  ⚠️  low-contrast: 'GLP-1 WEIGHT CARE' 1.4:1 (<4.5) — strong
  ⚠️  low-contrast: '근거 — Wegovy PI · Mounjaro PI · 한' 1.0:1 (<4.5) — span.slide__source
  ⚠️  low-contrast: '01 / 06' 1.0:1 (<4.5) — span.slide__page
  ⚠️  low-contrast: '· METABOLIC' 1.0:1 (<4.5) — div.slide__chapter
  ⚠️  low-contrast: 'PATIENT EDUCATION' 1.4:1 (<4.5) — strong
  ⚠️  low-contrast: 'Gout · Acute Flare · Urate-Lower' 1.0:1 (<4.5) — span.slide__source
  ⚠️  low-contrast: '광교바른내과 일반내과' 1.0:1 (<4.5) — span.slide__page
  ⚠️  low-contrast: '선택 · 01' 2.8:1 (<4.5) — div.tile__index
  ⚠️  low-contrast: '약 · 02' 3.0:1 (<4.5) — div.tile__index
  ⚠️  low-contrast: '약 · 03' 3.0:1 (<4.5) — div.tile__index
  ⚠️  low-contrast: '약 · 04' 3.0:1 (<4.5) — div.tile__index
  ⚠️  low-contrast: '주의 · 05' 3.0:1 (<4.5) — div.tile__index
  ⚠️  low-contrast: '주의 · 06' 3.0:1 (<4.5) — div.tile__index
  ⚠️  low-contrast: '구분 · 01' 2.8:1 (<4.5) — div.tile__index
  ⚠️  low-contrast: '시작 · 02' 3.0:1 (<4.5) — div.tile__index
  ⚠️  low-contrast: '시작 · 03' 3.0:1 (<4.5) — div.tile__index
  ⚠️  low-contrast: '시점 · 04' 3.0:1 (<4.5) — div.tile__index
  ⚠️  low-contrast: '유지 · 05' 3.0:1 (<4.5) — div.tile__index
  ⚠️  low-contrast: '예외 · 06' 3.0:1 (<4.5) — div.tile__index
  ⚠️  low-contrast: '1차 · 01' 2.8:1 (<4.5) — div.tile__index
  ⚠️  low-contrast: '용량 · 02' 3.0:1 (<4.5) — div.tile__index
  ⚠️  low-contrast: '검사 · 03' 2.8:1 (<4.5) — div.tile__index
  ⚠️  low-contrast: '2차 · 04' 3.0:1 (<4.5) — div.tile__index
  ⚠️  low-contrast: '배설 · 01' 2.8:1 (<4.5) — div.tile__index
  ⚠️  low-contrast: '주의 · 02' 3.0:1 (<4.5) — div.tile__index
  ⚠️  low-contrast: '불응성 · 03' 3.0:1 (<4.5) — div.tile__index
  ⚠️  low-contrast: '구분 · 04' 3.0:1 (<4.5) — div.tile__index
  ⚠️  low-contrast: '검사 · 04' 3.0:1 (<4.5) — div.tile__index
  ⚠️  low-contrast: '검사 · 05' 3.0:1 (<4.5) — div.tile__index
  ⚠️  low-contrast: '원칙 · 06' 3.0:1 (<4.5) — div.tile__index
  ⚠️  low-contrast: '왜 같이 쓰나' 3.0:1 (<4.5) — div.pattern-hero-number__detail-label
  ⚠️  low-contrast: '콩팥 · 01' 3.0:1 (<4.5) — div.tile__index
  ⚠️  low-contrast: '콩팥 · 02' 2.8:1 (<4.5) — div.tile__index
  ⚠️  low-contrast: '심장 · 03' 3.0:1 (<4.5) — div.tile__index
  ⚠️  low-contrast: '심장 · 04' 3.0:1 (<4.5) — div.tile__index
  ⚠️  low-contrast: '+' 2.5:1 (<4.5) — span.compare-col__marker
  ⚠️  low-contrast: '그대로 드셔도 되는 것' 3.0:1 (<4.5) — span
  ⚠️  low-contrast: '목표 · 01' 2.8:1 (<4.5) — div.tile__index
  ⚠️  low-contrast: '목표 · 02' 3.0:1 (<4.5) — div.tile__index
  ⚠️  low-contrast: '추적 · 03' 3.0:1 (<4.5) — div.tile__index
  ⚠️  low-contrast: '기간 · 04' 3.0:1 (<4.5) — div.tile__index
  ⚠️  low-contrast: '· HEMATOLOGY' 1.0:1 (<4.5) — div.slide__chapter
  ⚠️  low-contrast: 'PATIENT EDUCATION' 1.4:1 (<4.5) — strong
  ⚠️  low-contrast: 'IDA · Causes · Diagnosis · Iron ' 1.0:1 (<4.5) — span.slide__source
  ⚠️  low-contrast: '광교바른내과 일반내과' 1.0:1 (<4.5) — span.slide__page
  ⚠️  low-contrast: 'Why source matters' 3.0:1 (<4.5) — div.pattern-hero-number__detail-label
  ⚠️  low-contrast: 'LOSS · 01' 3.0:1 (<4.5) — div.tile__index
  ⚠️  low-contrast: 'LOSS · 02' 3.0:1 (<4.5) — div.tile__index
  ⚠️  low-contrast: 'INTAKE · 03' 3.0:1 (<4.5) — div.tile__index
  ⚠️  low-contrast: 'ABSORPTION · 04' 3.0:1 (<4.5) — div.tile__index
  ⚠️  low-contrast: 'DEMAND · 05' 3.0:1 (<4.5) — div.tile__index
  ⚠️  low-contrast: 'SYMPTOM · 01' 3.0:1 (<4.5) — div.tile__index
  ⚠️  low-contrast: 'SYMPTOM · 02' 3.0:1 (<4.5) — div.tile__index
  ⚠️  low-contrast: 'SYMPTOM · 03' 3.0:1 (<4.5) — div.tile__index
  ⚠️  low-contrast: 'SYMPTOM · 04' 3.0:1 (<4.5) — div.tile__index
  ⚠️  low-contrast: 'SYMPTOM · 05' 3.0:1 (<4.5) — div.tile__index
  ⚠️  low-contrast: 'SYMPTOM · 06' 3.0:1 (<4.5) — div.tile__index
  ⚠️  low-contrast: 'PANEL · 01' 3.0:1 (<4.5) — div.tile__index
  ⚠️  low-contrast: 'PANEL · 02' 3.0:1 (<4.5) — div.tile__index
  ⚠️  low-contrast: 'KEY · 03' 2.8:1 (<4.5) — div.tile__index
  ⚠️  low-contrast: 'KEY · 04' 2.8:1 (<4.5) — div.tile__index
  ⚠️  low-contrast: 'INDICATION · 01' 3.0:1 (<4.5) — div.tile__index
  ⚠️  low-contrast: 'SUPPORT · 03' 3.0:1 (<4.5) — div.tile__index
  ⚠️  low-contrast: 'SUPPORT · 04' 3.0:1 (<4.5) — div.tile__index
  ⚠️  low-contrast: 'WATCH · 04' 3.0:1 (<4.5) — div.tile__index
  ⚠️  low-contrast: 'WATCH · 05' 3.0:1 (<4.5) — div.tile__index
  ⚠️  low-contrast: 'WATCH · 06' 3.0:1 (<4.5) — div.tile__index
  ⚠️  low-contrast: '· VACCINATION' 1.0:1 (<4.5) — div.slide__chapter
  ⚠️  low-contrast: 'PATIENT EDUCATION' 1.4:1 (<4.5) — strong
  ⚠️  low-contrast: 'Pneumococcal Vaccine · PCV13/15/' 1.0:1 (<4.5) — span.slide__source
  ⚠️  low-contrast: '광교바른내과 일반내과' 1.0:1 (<4.5) — span.slide__page
  ⚠️  low-contrast: 'Why vaccination matters' 3.0:1 (<4.5) — div.pattern-hero-number__detail-label
  ⚠️  low-contrast: 'DISEASE · 01' 3.0:1 (<4.5) — div.tile__index
  ⚠️  low-contrast: 'DISEASE · 02' 3.0:1 (<4.5) — div.tile__index
  ⚠️  low-contrast: 'DISEASE · 03' 3.0:1 (<4.5) — div.tile__index
  ⚠️  low-contrast: 'RISK GROUP · 04' 3.0:1 (<4.5) — div.tile__index
  ⚠️  low-contrast: 'RISK GROUP · 05' 3.0:1 (<4.5) — div.tile__index
  ⚠️  low-contrast: 'RISK GROUP · 06' 3.0:1 (<4.5) — div.tile__index
  ⚠️  low-contrast: 'VACCINE · 01 · PCV13' 3.0:1 (<4.5) — div.tile__index
  ⚠️  low-contrast: 'VACCINE · 02 · PCV15' 3.0:1 (<4.5) — div.tile__index
  ⚠️  low-contrast: 'VACCINE · 03 · PCV20 · 권장' 2.8:1 (<4.5) — div.tile__index
  ⚠️  low-contrast: 'VACCINE · 04 · PCV21' 3.0:1 (<4.5) — div.tile__index
  ⚠️  low-contrast: 'VACCINE · 05 · PPSV23' 3.0:1 (<4.5) — div.tile__index
  ⚠️  low-contrast: 'KEY POINT · 06' 3.0:1 (<4.5) — div.tile__index
  ⚠️  low-contrast: 'PREFERRED · 01' 2.8:1 (<4.5) — div.tile__index
  ⚠️  low-contrast: 'ALT OPTION · 02' 3.0:1 (<4.5) — div.tile__index
  ⚠️  low-contrast: 'TARGET · 03 · 65세 이상' 3.0:1 (<4.5) — div.tile__index
  ⚠️  low-contrast: 'TARGET · 04 · 19~64세' 3.0:1 (<4.5) — div.tile__index
  ⚠️  low-contrast: '미국 — CDC / ACIP' 3.0:1 (<4.5) — div.compare-col__header
  ⚠️  low-contrast: 'US' 2.5:1 (<4.5) — span.compare-col__marker
  ⚠️  low-contrast: 'STANDARD · 01 · 2개월' 3.0:1 (<4.5) — div.tile__index
  ⚠️  low-contrast: 'STANDARD · 02 · 4개월' 3.0:1 (<4.5) — div.tile__index
  ⚠️  low-contrast: 'STANDARD · 03 · 6개월' 3.0:1 (<4.5) — div.tile__index
  ⚠️  low-contrast: 'STANDARD · 04 · 12~15개월' 3.0:1 (<4.5) — div.tile__index
  ⚠️  low-contrast: 'CATCH-UP · 05 · 7~23개월' 3.0:1 (<4.5) — div.tile__index
  ⚠️  low-contrast: 'CATCH-UP · 06 · 24개월 이상' 3.0:1 (<4.5) — div.tile__index
  ⚠️  low-contrast: 'CASE · 01' 3.0:1 (<4.5) — div.tile__index
  ⚠️  low-contrast: 'CASE · 02' 3.0:1 (<4.5) — div.tile__index
  ⚠️  low-contrast: 'CASE · 03' 3.0:1 (<4.5) — div.tile__index
  ⚠️  low-contrast: 'TIP · 04' 3.0:1 (<4.5) — div.tile__index
  ⚠️  low-contrast: 'TIP · 05' 3.0:1 (<4.5) — div.tile__index
  ⚠️  low-contrast: 'TIP · 06' 3.0:1 (<4.5) — div.tile__index
  ⚠️  low-contrast: '01' 3.0:1 (<4.5) — div.check-item__num
  ⚠️  low-contrast: '02' 3.0:1 (<4.5) — div.check-item__num
  ⚠️  low-contrast: '03' 3.0:1 (<4.5) — div.check-item__num
  ⚠️  low-contrast: '04' 3.0:1 (<4.5) — div.check-item__num
  ⚠️  low-contrast: '05' 3.0:1 (<4.5) — div.check-item__num
  ⚠️  low-contrast: '06' 3.0:1 (<4.5) — div.check-item__num
  ⚠️  low-contrast: '07' 3.0:1 (<4.5) — div.check-item__num
  ⚠️  low-contrast: '08' 3.0:1 (<4.5) — div.check-item__num
  ⚠️  low-contrast: '· CARDIOLOGY' 1.0:1 (<4.5) — div.slide__chapter
  ⚠️  low-contrast: 'PATIENT EDUCATION' 1.4:1 (<4.5) — strong
  ⚠️  low-contrast: 'Vasovagal Syncope · Triggers · C' 1.0:1 (<4.5) — span.slide__source
  ⚠️  low-contrast: '광교바른내과 일반내과' 1.0:1 (<4.5) — span.slide__page
  ⚠️  low-contrast: 'Why it matters' 3.0:1 (<4.5) — div.pattern-hero-number__detail-label
  ⚠️  low-contrast: 'MECHANISM · 01' 3.0:1 (<4.5) — div.tile__index
  ⚠️  low-contrast: 'MECHANISM · 02' 3.0:1 (<4.5) — div.tile__index
  ⚠️  low-contrast: 'MECHANISM · 03' 3.0:1 (<4.5) — div.tile__index
  ⚠️  low-contrast: 'RESULT · 04' 3.0:1 (<4.5) — div.tile__index
  ⚠️  low-contrast: 'TRIGGER · 01' 3.0:1 (<4.5) — div.tile__index
  ⚠️  low-contrast: 'TRIGGER · 02' 3.0:1 (<4.5) — div.tile__index
  ⚠️  low-contrast: 'TRIGGER · 03' 3.0:1 (<4.5) — div.tile__index
  ⚠️  low-contrast: 'TRIGGER · 04' 3.0:1 (<4.5) — div.tile__index
  ⚠️  low-contrast: 'TRIGGER · 05' 3.0:1 (<4.5) — div.tile__index
  ⚠️  low-contrast: 'TRIGGER · 06' 3.0:1 (<4.5) — div.tile__index
  ⚠️  low-contrast: '미주신경성 실신 (양성)' 3.0:1 (<4.5) — div.compare-col__header
  ⚠️  low-contrast: '+' 2.5:1 (<4.5) — span.compare-col__marker
  ⚠️  low-contrast: 'HABIT · 01' 3.0:1 (<4.5) — div.tile__index
  ⚠️  low-contrast: 'HABIT · 02' 3.0:1 (<4.5) — div.tile__index
  ⚠️  low-contrast: 'HABIT · 03' 3.0:1 (<4.5) — div.tile__index
  ⚠️  low-contrast: 'HABIT · 04' 3.0:1 (<4.5) — div.tile__index
  ⚠️  low-contrast: 'HABIT · 05' 3.0:1 (<4.5) — div.tile__index
  ⚠️  low-contrast: 'REMINDER · 06' 2.8:1 (<4.5) — div.tile__index
  ⚠️  low-contrast: '1차 · 01' 3.0:1 (<4.5) — div.tile__index
  ⚠️  low-contrast: '1차 · 02' 3.0:1 (<4.5) — div.tile__index
  ⚠️  low-contrast: '1차 · 03' 3.0:1 (<4.5) — div.tile__index
  ⚠️  low-contrast: '2차 · 04' 3.0:1 (<4.5) — div.tile__index
  ⚠️  low-contrast: '2차 · 05' 3.0:1 (<4.5) — div.tile__index
  ⚠️  low-contrast: '3차 · 06' 3.0:1 (<4.5) — div.tile__index
  ⚠️  low-contrast: '01' 3.0:1 (<4.5) — div.check-item__num
  ⚠️  low-contrast: '02' 3.0:1 (<4.5) — div.check-item__num
  ⚠️  low-contrast: '03' 3.0:1 (<4.5) — div.check-item__num
  ⚠️  low-contrast: '04' 3.0:1 (<4.5) — div.check-item__num
  ⚠️  low-contrast: '05' 3.0:1 (<4.5) — div.check-item__num
  ⚠️  low-contrast: '06' 3.0:1 (<4.5) — div.check-item__num
  ⚠️  low-contrast: '07' 3.0:1 (<4.5) — div.check-item__num
  ⚠️  low-contrast: '08' 3.0:1 (<4.5) — div.check-item__num
  ⚠️  low-contrast: '· UROLOGY · NEPHROLOGY' 1.0:1 (<4.5) — div.slide__chapter
  ⚠️  low-contrast: 'PATIENT EDUCATION' 1.4:1 (<4.5) — strong
  ⚠️  low-contrast: 'Microscopic Hematuria · Risk Str' 1.0:1 (<4.5) — span.slide__source
  ⚠️  low-contrast: '광교바른내과 일반내과' 1.0:1 (<4.5) — span.slide__page
  ⚠️  low-contrast: 'Why evaluation still matters' 3.0:1 (<4.5) — div.pattern-hero-number__detail-label
  ⚠️  low-contrast: 'EXCLUDE · 01' 3.0:1 (<4.5) — div.tile__index
  ⚠️  low-contrast: 'EXCLUDE · 02' 3.0:1 (<4.5) — div.tile__index
  ⚠️  low-contrast: 'EXCLUDE · 03' 3.0:1 (<4.5) — div.tile__index
  ⚠️  low-contrast: 'EXCLUDE · 04' 3.0:1 (<4.5) — div.tile__index
  ⚠️  low-contrast: 'CAUSE · 01' 3.0:1 (<4.5) — div.tile__index
  ⚠️  low-contrast: 'CAUSE · 02' 3.0:1 (<4.5) — div.tile__index
  ⚠️  low-contrast: 'CAUSE · 03' 3.0:1 (<4.5) — div.tile__index
  ⚠️  low-contrast: 'CAUSE · 04' 3.0:1 (<4.5) — div.tile__index
  ⚠️  low-contrast: 'CAUSE · 05' 3.0:1 (<4.5) — div.tile__index
  ⚠️  low-contrast: 'CAUSE · 06' 3.0:1 (<4.5) — div.tile__index
  ⚠️  low-contrast: '비뇨기(요로) 출처를 시사' 3.0:1 (<4.5) — div.compare-col__header
  ⚠️  low-contrast: '+' 2.5:1 (<4.5) — span.compare-col__marker
  ⚠️  low-contrast: 'LOW · 저위험군' 3.0:1 (<4.5) — div.tile__index
  ⚠️  low-contrast: 'INTERMEDIATE · 중등도' 3.0:1 (<4.5) — div.tile__index
  ⚠️  low-contrast: 'CRITERIA · 04' 3.0:1 (<4.5) — div.tile__index
  ⚠️  low-contrast: 'CRITERIA · 05' 3.0:1 (<4.5) — div.tile__index
  ⚠️  low-contrast: 'HIGH · 고위험군' 3.0:1 (<4.5) — div.tile__index
  ⚠️  low-contrast: 'GLOMERULAR · 사구체 의심' 3.0:1 (<4.5) — div.tile__index
  ⚠️  low-contrast: '01' 3.0:1 (<4.5) — div.check-item__num
  ⚠️  low-contrast: '02' 3.0:1 (<4.5) — div.check-item__num
  ⚠️  low-contrast: '03' 3.0:1 (<4.5) — div.check-item__num
  ⚠️  low-contrast: '04' 3.0:1 (<4.5) — div.check-item__num
  ⚠️  low-contrast: '05' 3.0:1 (<4.5) — div.check-item__num
  ⚠️  low-contrast: '06' 3.0:1 (<4.5) — div.check-item__num
  ⚠️  low-contrast: '07' 3.0:1 (<4.5) — div.check-item__num
  ⚠️  low-contrast: '08' 3.0:1 (<4.5) — div.check-item__num
  ⚠️  decks/advanced-lipid-biomarkers: house-style advisory [deck_visual_count] deck: ai-visual 3장 < 4
  ⚠️  low-contrast: '· ENDOCRINOLOGY' 1.0:1 (<4.5) — div.slide__chapter
  ⚠️  low-contrast: 'PATIENT EDUCATION' 1.4:1 (<4.5) — strong
  ⚠️  low-contrast: 'Advanced Lipid Panel · Beyond LD' 1.0:1 (<4.5) — span.slide__source
  ⚠️  low-contrast: '광교바른내과 일반내과' 1.0:1 (<4.5) — span.slide__page
  ⚠️  low-contrast: 'Why beyond LDL-C matters' 3.0:1 (<4.5) — div.pattern-hero-number__detail-label
  ⚠️  low-contrast: 'CONCEPT · 01' 3.0:1 (<4.5) — div.tile__index
  ⚠️  low-contrast: 'CONCEPT · 02' 3.0:1 (<4.5) — div.tile__index
  ⚠️  low-contrast: 'CONCEPT · 03' 3.0:1 (<4.5) — div.tile__index
  ⚠️  low-contrast: 'WHO NEEDS · 04' 3.0:1 (<4.5) — div.tile__index
  ⚠️  low-contrast: 'WHO NEEDS · 05' 3.0:1 (<4.5) — div.tile__index
  ⚠️  low-contrast: 'WHO NEEDS · 06' 2.8:1 (<4.5) — div.tile__index
  ⚠️  low-contrast: 'RISK · 01 · 초고위험' 3.0:1 (<4.5) — div.tile__index
  ⚠️  low-contrast: 'RISK · 02 · 고위험' 3.0:1 (<4.5) — div.tile__index
  ⚠️  low-contrast: 'RISK · 03 · 중위험' 3.0:1 (<4.5) — div.tile__index
  ⚠️  low-contrast: 'DRUG · 04' 3.0:1 (<4.5) — div.tile__index
  ⚠️  low-contrast: 'DRUG · 05' 3.0:1 (<4.5) — div.tile__index
  ⚠️  low-contrast: 'DRUG · 06' 3.0:1 (<4.5) — div.tile__index
  ⚠️  low-contrast: 'MECHANISM · 01' 3.0:1 (<4.5) — div.tile__index
  ⚠️  low-contrast: 'MECHANISM · 02' 3.0:1 (<4.5) — div.tile__index
  ⚠️  low-contrast: 'MECHANISM · 03' 3.0:1 (<4.5) — div.tile__index
  ⚠️  low-contrast: 'FACT · 04' 3.0:1 (<4.5) — div.tile__index
  ⚠️  low-contrast: 'FACT · 05 · 한국인' 3.0:1 (<4.5) — div.tile__index
  ⚠️  low-contrast: 'FACT · 01' 3.0:1 (<4.5) — div.tile__index
  ⚠️  low-contrast: 'FACT · 02' 3.0:1 (<4.5) — div.tile__index
  ⚠️  low-contrast: 'FACT · 03' 3.0:1 (<4.5) — div.tile__index
  ⚠️  low-contrast: 'KOREA · 04' 3.0:1 (<4.5) — div.tile__index
  ⚠️  low-contrast: 'KOREA · 05' 3.0:1 (<4.5) — div.tile__index
  ⚠️  low-contrast: 'KOREA · 06' 3.0:1 (<4.5) — div.tile__index
  ⚠️  low-contrast: 'ApoB — "더 나은 LDL-C"' 3.0:1 (<4.5) — div.compare-col__header
  ⚠️  low-contrast: '+' 2.5:1 (<4.5) — span.compare-col__marker
  ⚠️  low-contrast: '01' 3.0:1 (<4.5) — div.check-item__num
  ⚠️  low-contrast: '02' 3.0:1 (<4.5) — div.check-item__num
  ⚠️  low-contrast: '03' 3.0:1 (<4.5) — div.check-item__num
  ⚠️  low-contrast: '04' 3.0:1 (<4.5) — div.check-item__num
  ⚠️  low-contrast: '05' 3.0:1 (<4.5) — div.check-item__num
  ⚠️  low-contrast: '06' 3.0:1 (<4.5) — div.check-item__num
  ⚠️  low-contrast: '07' 3.0:1 (<4.5) — div.check-item__num
  ⚠️  low-contrast: '08' 3.0:1 (<4.5) — div.check-item__num
  ⚠️  low-contrast: '· GASTROENTEROLOGY' 1.0:1 (<4.5) — div.slide__chapter
  ⚠️  low-contrast: 'PATIENT EDUCATION' 1.4:1 (<4.5) — strong
  ⚠️  low-contrast: 'Chronic Constipation · Rome IV ·' 1.0:1 (<4.5) — span.slide__source
  ⚠️  low-contrast: '광교바른내과 소화기내과' 1.0:1 (<4.5) — span.slide__page
  ⚠️  low-contrast: 'Why frequency alone is misleadin' 3.0:1 (<4.5) — div.pattern-hero-number__detail-label
  ⚠️  low-contrast: 'TYPE · 01 · 심한 변비' 3.0:1 (<4.5) — div.tile__index
  ⚠️  low-contrast: 'TYPE · 02 · 가벼운 변비' 3.0:1 (<4.5) — div.tile__index
  ⚠️  low-contrast: 'TYPE · 03-04 · 이상적' 2.8:1 (<4.5) — div.tile__index
  ⚠️  low-contrast: 'TYPE · 05 · 경미한 설사 기운' 3.0:1 (<4.5) — div.tile__index
  ⚠️  low-contrast: 'TYPE · 06 · 가벼운 설사' 3.0:1 (<4.5) — div.tile__index
  ⚠️  low-contrast: 'TYPE · 07 · 심한 설사' 3.0:1 (<4.5) — div.tile__index
  ⚠️  low-contrast: 'SUBTYPE · 01 · 가장 흔함' 3.0:1 (<4.5) — div.tile__index
  ⚠️  low-contrast: 'SUBTYPE · 02' 3.0:1 (<4.5) — div.tile__index
  ⚠️  low-contrast: 'SUBTYPE · 03 · 출구 문제' 3.0:1 (<4.5) — div.tile__index
  ⚠️  low-contrast: 'TREATMENT · 01' 3.0:1 (<4.5) — div.tile__index
  ⚠️  low-contrast: 'TREATMENT · 02' 3.0:1 (<4.5) — div.tile__index
  ⚠️  low-contrast: 'TREATMENT · 03 · 1차 치료' 2.8:1 (<4.5) — div.tile__index
  ⚠️  low-contrast: 'LONG-TERM SAFE · 01' 2.8:1 (<4.5) — div.tile__index
  ⚠️  low-contrast: 'CONDITIONAL · 02' 3.0:1 (<4.5) — div.tile__index
  ⚠️  low-contrast: 'RESCUE ONLY · 03' 3.0:1 (<4.5) — div.tile__index
  ⚠️  low-contrast: 'CAUTION · 04' 3.0:1 (<4.5) — div.tile__index
  ⚠️  low-contrast: '강력 권장 (DO)' 3.0:1 (<4.5) — div.compare-col__header
  ⚠️  low-contrast: '+' 2.5:1 (<4.5) — span.compare-col__marker
  ⚠️  low-contrast: 'HABIT · 01' 3.0:1 (<4.5) — div.tile__index
  ⚠️  low-contrast: 'HABIT · 02 · 가장 중요' 2.8:1 (<4.5) — div.tile__index
  ⚠️  low-contrast: 'HABIT · 03' 3.0:1 (<4.5) — div.tile__index
  ⚠️  low-contrast: 'HABIT · 04' 3.0:1 (<4.5) — div.tile__index
  ⚠️  low-contrast: 'HABIT · 05' 3.0:1 (<4.5) — div.tile__index
  ⚠️  low-contrast: 'HABIT · 06 · 선택' 3.0:1 (<4.5) — div.tile__index
  ⚠️  low-contrast: '01' 3.0:1 (<4.5) — div.check-item__num
  ⚠️  low-contrast: '02' 3.0:1 (<4.5) — div.check-item__num
  ⚠️  low-contrast: '03' 3.0:1 (<4.5) — div.check-item__num
  ⚠️  low-contrast: '04' 3.0:1 (<4.5) — div.check-item__num
  ⚠️  low-contrast: '05' 3.0:1 (<4.5) — div.check-item__num
  ⚠️  low-contrast: '06' 3.0:1 (<4.5) — div.check-item__num
  ⚠️  low-contrast: '07' 3.0:1 (<4.5) — div.check-item__num
  ⚠️  low-contrast: '· INFECTIOUS DISEASE' 1.0:1 (<4.5) — div.slide__chapter
  ⚠️  low-contrast: 'PATIENT EDUCATION' 1.4:1 (<4.5) — strong
  ⚠️  low-contrast: 'Herpes Zoster · Postherpetic Neu' 1.0:1 (<4.5) — span.slide__source
  ⚠️  low-contrast: '광교바른내과 일반내과' 1.0:1 (<4.5) — span.slide__page
  ⚠️  low-contrast: 'Why this matters' 3.0:1 (<4.5) — div.pattern-hero-number__detail-label
  ⚠️  low-contrast: 'ANTIVIRAL · 01 · 1차' 3.0:1 (<4.5) — div.tile__index
  ⚠️  low-contrast: 'ANTIVIRAL · 02' 3.0:1 (<4.5) — div.tile__index
  ⚠️  low-contrast: 'ANTIVIRAL · 03' 3.0:1 (<4.5) — div.tile__index
  ⚠️  low-contrast: 'PAIN · 04 · 1단계' 3.0:1 (<4.5) — div.tile__index
  ⚠️  low-contrast: 'PAIN · 05 · 2단계' 3.0:1 (<4.5) — div.tile__index
  ⚠️  low-contrast: 'PAIN · 06 · 3단계' 3.0:1 (<4.5) — div.tile__index
  ⚠️  low-contrast: 'FACTOR · 01 · 가장 강력' 3.0:1 (<4.5) — div.tile__index
  ⚠️  low-contrast: 'FACTOR · 02' 3.0:1 (<4.5) — div.tile__index
  ⚠️  low-contrast: 'FACTOR · 03' 3.0:1 (<4.5) — div.tile__index
  ⚠️  low-contrast: 'FACTOR · 04' 3.0:1 (<4.5) — div.tile__index
  ⚠️  low-contrast: 'FACTOR · 05' 3.0:1 (<4.5) — div.tile__index
  ⚠️  low-contrast: 'PROGNOSIS · 06' 2.8:1 (<4.5) — div.tile__index
  ⚠️  low-contrast: 'Shingrix (재조합 백신, 권장)' 3.0:1 (<4.5) — div.compare-col__header
  ⚠️  low-contrast: '+' 2.5:1 (<4.5) — span.compare-col__marker
  ⚠️  low-contrast: 'FACT · 01 · 부작용' 3.0:1 (<4.5) — div.tile__index
  ⚠️  low-contrast: 'FACT · 02 · 비용' 3.0:1 (<4.5) — div.tile__index
  ⚠️  low-contrast: 'FACT · 03 · 보조 접종' 3.0:1 (<4.5) — div.tile__index
  ⚠️  low-contrast: 'FACT · 04 · 접종 시점' 3.0:1 (<4.5) — div.tile__index
  ⚠️  low-contrast: 'FAQ · 01 · 전염' 3.0:1 (<4.5) — div.tile__index
  ⚠️  low-contrast: 'FAQ · 02 · 재발' 3.0:1 (<4.5) — div.tile__index
  ⚠️  low-contrast: 'FAQ · 03 · 복귀' 3.0:1 (<4.5) — div.tile__index
  ⚠️  low-contrast: 'FAQ · 04 · 위생' 3.0:1 (<4.5) — div.tile__index
  ⚠️  low-contrast: '01' 3.0:1 (<4.5) — div.check-item__num
  ⚠️  low-contrast: '02' 3.0:1 (<4.5) — div.check-item__num
  ⚠️  low-contrast: '03' 3.0:1 (<4.5) — div.check-item__num
  ⚠️  low-contrast: '04' 3.0:1 (<4.5) — div.check-item__num
  ⚠️  low-contrast: '05' 3.0:1 (<4.5) — div.check-item__num
  ⚠️  low-contrast: '06' 3.0:1 (<4.5) — div.check-item__num
  ⚠️  low-contrast: '07' 3.0:1 (<4.5) — div.check-item__num
  ⚠️  low-contrast: '08' 3.0:1 (<4.5) — div.check-item__num
  ⚠️  low-contrast: '· PULMONOLOGY' 1.0:1 (<4.5) — div.slide__chapter
  ⚠️  low-contrast: 'PATIENT EDUCATION' 1.4:1 (<4.5) — strong
  ⚠️  low-contrast: 'Post-infectious Cough · Bronchia' 1.0:1 (<4.5) — span.slide__source
  ⚠️  low-contrast: '광교바른내과 일반내과' 1.0:1 (<4.5) — span.slide__page
  ⚠️  low-contrast: 'Why patience matters' 3.0:1 (<4.5) — div.pattern-hero-number__detail-label
  ⚠️  low-contrast: 'CAUSE · 01' 3.0:1 (<4.5) — div.tile__index
  ⚠️  low-contrast: 'CAUSE · 02' 3.0:1 (<4.5) — div.tile__index
  ⚠️  low-contrast: 'CAUSE · 03' 3.0:1 (<4.5) — div.tile__index
  ⚠️  low-contrast: 'CAUSE · 04' 3.0:1 (<4.5) — div.tile__index
  ⚠️  low-contrast: 'STEP · 01' 3.0:1 (<4.5) — div.tile__index
  ⚠️  low-contrast: 'STEP · 02' 3.0:1 (<4.5) — div.tile__index
  ⚠️  low-contrast: 'STEP · 03' 3.0:1 (<4.5) — div.tile__index
  ⚠️  low-contrast: 'STEP · 04' 3.0:1 (<4.5) — div.tile__index
  ⚠️  low-contrast: 'STEP · 05' 3.0:1 (<4.5) — div.tile__index
  ⚠️  low-contrast: 'KEY · 06' 2.8:1 (<4.5) — div.tile__index
  ⚠️  low-contrast: 'METHOD · 01' 3.0:1 (<4.5) — div.tile__index
  ⚠️  low-contrast: 'METHOD · 02' 3.0:1 (<4.5) — div.tile__index
  ⚠️  low-contrast: 'METHOD · 03' 3.0:1 (<4.5) — div.tile__index
  ⚠️  low-contrast: 'METHOD · 04' 3.0:1 (<4.5) — div.tile__index
  ⚠️  low-contrast: 'METHOD · 05' 3.0:1 (<4.5) — div.tile__index
  ⚠️  low-contrast: 'EVIDENCE · 06' 3.0:1 (<4.5) — div.tile__index
  ⚠️  low-contrast: '이렇게 하세요 (DO)' 3.0:1 (<4.5) — div.compare-col__header
  ⚠️  low-contrast: '+' 2.5:1 (<4.5) — span.compare-col__marker
  ⚠️  low-contrast: 'NON-DRUG · 01' 3.0:1 (<4.5) — div.tile__index
  ⚠️  low-contrast: 'NON-DRUG · 02' 3.0:1 (<4.5) — div.tile__index
  ⚠️  low-contrast: 'DRUG · 03' 3.0:1 (<4.5) — div.tile__index
  ⚠️  low-contrast: 'DRUG · 04' 3.0:1 (<4.5) — div.tile__index
  ⚠️  low-contrast: '01' 3.0:1 (<4.5) — div.check-item__num
  ⚠️  low-contrast: '02' 3.0:1 (<4.5) — div.check-item__num
  ⚠️  low-contrast: '03' 3.0:1 (<4.5) — div.check-item__num
  ⚠️  low-contrast: '04' 3.0:1 (<4.5) — div.check-item__num
  ⚠️  low-contrast: '05' 3.0:1 (<4.5) — div.check-item__num
  ⚠️  low-contrast: '06' 3.0:1 (<4.5) — div.check-item__num
  ⚠️  low-contrast: '07' 3.0:1 (<4.5) — div.check-item__num
  ⚠️  low-contrast: '08' 3.0:1 (<4.5) — div.check-item__num
  ⚠️  low-contrast: '· PULMONOLOGY' 1.0:1 (<4.5) — div.slide__chapter
  ⚠️  low-contrast: 'PATIENT EDUCATION' 1.4:1 (<4.5) — strong
  ⚠️  low-contrast: 'Obstructive Sleep Apnea (OSA) · ' 1.0:1 (<4.5) — span.slide__source
  ⚠️  low-contrast: '광교바른내과 일반내과' 1.0:1 (<4.5) — span.slide__page
  ⚠️  low-contrast: 'Why early detection matters' 3.0:1 (<4.5) — div.pattern-hero-number__detail-label
  ⚠️  low-contrast: 'GRADE · 정상 · AHI < 5' 3.0:1 (<4.5) — div.tile__index
  ⚠️  low-contrast: 'GRADE · 경증 · AHI 5–15' 3.0:1 (<4.5) — div.tile__index
  ⚠️  low-contrast: 'GRADE · 중등증 · AHI 15–30' 3.0:1 (<4.5) — div.tile__index
  ⚠️  low-contrast: 'GRADE · 중증 · AHI ≥ 30' 2.8:1 (<4.5) — div.tile__index
  ⚠️  low-contrast: 'S · Snoring' 3.0:1 (<4.5) — div.tile__index
  ⚠️  low-contrast: 'T · Tiredness' 3.0:1 (<4.5) — div.tile__index
  ⚠️  low-contrast: 'O · Observed Apnea' 3.0:1 (<4.5) — div.tile__index
  ⚠️  low-contrast: 'P · Pressure' 3.0:1 (<4.5) — div.tile__index
  ⚠️  low-contrast: 'B · BMI > 35' 3.0:1 (<4.5) — div.tile__index
  ⚠️  low-contrast: 'A · Age > 50' 3.0:1 (<4.5) — div.tile__index
  ⚠️  low-contrast: 'N · Neck > 40 cm' 3.0:1 (<4.5) — div.tile__index
  ⚠️  low-contrast: 'G · Gender' 3.0:1 (<4.5) — div.tile__index
  ⚠️  low-contrast: 'CARDIO · 01' 3.0:1 (<4.5) — div.tile__index
  ⚠️  low-contrast: 'CARDIO · 02' 3.0:1 (<4.5) — div.tile__index
  ⚠️  low-contrast: 'CEREBRO · 03' 3.0:1 (<4.5) — div.tile__index
  ⚠️  low-contrast: 'METAB · 04' 3.0:1 (<4.5) — div.tile__index
  ⚠️  low-contrast: 'NEURO · 05' 3.0:1 (<4.5) — div.tile__index
  ⚠️  low-contrast: 'QOL · 06' 3.0:1 (<4.5) — div.tile__index
  ⚠️  low-contrast: 'CPAP · 01' 3.0:1 (<4.5) — div.tile__index
  ⚠️  low-contrast: 'CPAP · 02' 3.0:1 (<4.5) — div.tile__index
  ⚠️  low-contrast: 'CPAP · 03' 3.0:1 (<4.5) — div.tile__index
  ⚠️  low-contrast: 'CPAP · 04' 3.0:1 (<4.5) — div.tile__index
  ⚠️  low-contrast: '플랜 A — 양압기 (CPAP)' 3.0:1 (<4.5) — div.compare-col__header
  ⚠️  low-contrast: 'A' 2.5:1 (<4.5) — span.compare-col__marker
  ⚠️  low-contrast: '01' 3.0:1 (<4.5) — div.check-item__num
  ⚠️  low-contrast: '02' 3.0:1 (<4.5) — div.check-item__num
  ⚠️  low-contrast: '03' 3.0:1 (<4.5) — div.check-item__num
  ⚠️  low-contrast: '04' 3.0:1 (<4.5) — div.check-item__num
  ⚠️  low-contrast: '05' 3.0:1 (<4.5) — div.check-item__num
  ⚠️  low-contrast: '06' 3.0:1 (<4.5) — div.check-item__num
  ⚠️  low-contrast: '07' 3.0:1 (<4.5) — div.check-item__num
  ⚠️  low-contrast: '08' 3.0:1 (<4.5) — div.check-item__num
  ⚠️  low-contrast: '· GASTROENTEROLOGY' 1.0:1 (<4.5) — div.slide__chapter
  ⚠️  low-contrast: 'PATIENT EDUCATION' 1.4:1 (<4.5) — strong
  ⚠️  low-contrast: 'Post-Polypectomy Care · Diet · A' 1.0:1 (<4.5) — span.slide__source
  ⚠️  low-contrast: '광교바른내과 소화기내과' 1.0:1 (<4.5) — span.slide__page
  ⚠️  low-contrast: 'Why this matters' 3.0:1 (<4.5) — div.pattern-hero-number__detail-label
  ⚠️  low-contrast: '초기 24–48시간 · 회피' 3.0:1 (<4.5) — div.tile__index
  ⚠️  low-contrast: '2–3일 이후 · 점진적 OK' 3.0:1 (<4.5) — div.tile__index
  ⚠️  low-contrast: '처음부터 권장' 3.0:1 (<4.5) — div.tile__index
  ⚠️  low-contrast: '증상 발생 시 · 즉시 중단' 3.0:1 (<4.5) — div.tile__index
  ⚠️  low-contrast: '항혈전제 · 01' 3.0:1 (<4.5) — div.tile__index
  ⚠️  low-contrast: '항혈전제 · 02' 3.0:1 (<4.5) — div.tile__index
  ⚠️  low-contrast: '진통제 · 03' 3.0:1 (<4.5) — div.tile__index
  ⚠️  low-contrast: '기존 만성질환약 · 04' 3.0:1 (<4.5) — div.tile__index
  ⚠️  low-contrast: '경미한 출혈 (병원 연락 후 관찰)' 3.0:1 (<4.5) — div.compare-col__header
  ⚠️  low-contrast: '+' 2.5:1 (<4.5) — span.compare-col__marker
  ⚠️  low-contrast: '이렇게 하세요 (DO)' 3.0:1 (<4.5) — div.compare-col__header
  ⚠️  low-contrast: 'RISK · 01 · 정상' 3.0:1 (<4.5) — div.tile__index
  ⚠️  low-contrast: 'RISK · 02 · 저위험' 3.0:1 (<4.5) — div.tile__index
  ⚠️  low-contrast: 'RISK · 03 · 중등도' 3.0:1 (<4.5) — div.tile__index
  ⚠️  low-contrast: 'RISK · 04 · 고위험' 3.0:1 (<4.5) — div.tile__index
  ⚠️  low-contrast: '· ENDOCRINOLOGY' 1.0:1 (<4.5) — div.slide__chapter
  ⚠️  low-contrast: 'PATIENT EDUCATION' 1.4:1 (<4.5) — strong
  ⚠️  low-contrast: 'Osteoporosis · DXA · Sequential ' 1.0:1 (<4.5) — span.slide__source
  ⚠️  low-contrast: '광교바른내과 일반내과' 1.0:1 (<4.5) — span.slide__page
  ⚠️  low-contrast: '후속 골절 위험' 3.0:1 (<4.5) — div.stats3-cell__unit
  ⚠️  low-contrast: 'LOW · 01' 3.0:1 (<4.5) — div.tile__index
  ⚠️  low-contrast: 'HIGH · 02' 3.0:1 (<4.5) — div.tile__index
  ⚠️  low-contrast: 'VERY HIGH · 03' 2.8:1 (<4.5) — div.tile__index
  ⚠️  low-contrast: 'FRAX · 04' 3.0:1 (<4.5) — div.tile__index
  ⚠️  low-contrast: 'GROUP · 05' 3.0:1 (<4.5) — div.tile__index
  ⚠️  low-contrast: 'SECONDARY · 06' 3.0:1 (<4.5) — div.tile__index
  ⚠️  low-contrast: 'DRUG · 01 · 경구' 3.0:1 (<4.5) — div.tile__index
  ⚠️  low-contrast: 'DRUG · 02 · 정맥주사' 3.0:1 (<4.5) — div.tile__index
  ⚠️  low-contrast: 'DRUG · 03 · 경구' 3.0:1 (<4.5) — div.tile__index
  ⚠️  low-contrast: 'DRUG · 04 · 피하주사' 3.0:1 (<4.5) — div.tile__index
  ⚠️  low-contrast: 'DRUG · 01 · 매일 자가주사' 3.0:1 (<4.5) — div.tile__index
  ⚠️  low-contrast: 'DRUG · 02 · 월 1회 병원 투여' 3.0:1 (<4.5) — div.tile__index
  ⚠️  low-contrast: 'CAUTION · 03' 2.8:1 (<4.5) — div.tile__index
  ⚠️  low-contrast: 'SEQUENCE · 04' 3.0:1 (<4.5) — div.tile__index
  ⚠️  low-contrast: '이렇게 하세요 (DO)' 3.0:1 (<4.5) — div.compare-col__header
  ⚠️  low-contrast: '+' 2.5:1 (<4.5) — span.compare-col__marker
  ⚠️  low-contrast: 'CALCIUM · 01' 3.0:1 (<4.5) — div.tile__index
  ⚠️  low-contrast: 'CALCIUM · 02' 3.0:1 (<4.5) — div.tile__index
  ⚠️  low-contrast: 'VIT D · 03' 3.0:1 (<4.5) — div.tile__index
  ⚠️  low-contrast: 'MYTH · 04' 2.8:1 (<4.5) — div.tile__index
  ⚠️  low-contrast: 'STRONG · 01' 3.0:1 (<4.5) — div.tile__index
  ⚠️  low-contrast: 'STRONG · 02' 3.0:1 (<4.5) — div.tile__index
  ⚠️  low-contrast: 'STEADY · 03' 3.0:1 (<4.5) — div.tile__index
  ⚠️  low-contrast: 'STRAIGHT · 04' 3.0:1 (<4.5) — div.tile__index
  ⚠️  low-contrast: 'STRAIGHT · 05' 3.0:1 (<4.5) — div.tile__index
  ⚠️  low-contrast: 'AVOID · 06' 2.8:1 (<4.5) — div.tile__index
  ⚠️  low-contrast: '01' 3.0:1 (<4.5) — div.check-item__num
  ⚠️  low-contrast: '02' 3.0:1 (<4.5) — div.check-item__num
  ⚠️  low-contrast: '03' 3.0:1 (<4.5) — div.check-item__num
  ⚠️  low-contrast: '04' 3.0:1 (<4.5) — div.check-item__num
  ⚠️  low-contrast: '05' 3.0:1 (<4.5) — div.check-item__num
  ⚠️  low-contrast: '06' 3.0:1 (<4.5) — div.check-item__num
  ⚠️  low-contrast: '07' 3.0:1 (<4.5) — div.check-item__num
  ⚠️  low-contrast: '08' 3.0:1 (<4.5) — div.check-item__num
  ⚠️  low-contrast: '· INFECTIOUS DISEASE' 1.0:1 (<4.5) — div.slide__chapter
  ⚠️  low-contrast: 'PATIENT EDUCATION' 1.4:1 (<4.5) — strong
  ⚠️  low-contrast: 'Influenza Antivirals · Compariso' 1.0:1 (<4.5) — span.slide__source
  ⚠️  low-contrast: '광교바른내과 일반내과' 1.0:1 (<4.5) — span.slide__page
  ⚠️  low-contrast: 'High-risk groups · 예외' 3.0:1 (<4.5) — div.pattern-hero-number__detail-label
  ⚠️  low-contrast: 'DRUG · 01 · 경구' 3.0:1 (<4.5) — div.tile__index
  ⚠️  low-contrast: 'DRUG · 02 · 흡입' 3.0:1 (<4.5) — div.tile__index
  ⚠️  low-contrast: 'DRUG · 03 · 주사' 3.0:1 (<4.5) — div.tile__index
  ⚠️  low-contrast: 'DRUG · 04 · 경구 (1회)' 3.0:1 (<4.5) — div.tile__index
  ⚠️  low-contrast: '페라미비르 (Peramivir, 1회 IV 주사)' 3.0:1 (<4.5) — div.compare-col__header
  ⚠️  low-contrast: '+' 2.5:1 (<4.5) — span.compare-col__marker
  ⚠️  low-contrast: 'SITUATION · 01' 3.0:1 (<4.5) — div.tile__index
  ⚠️  low-contrast: 'SITUATION · 02' 3.0:1 (<4.5) — div.tile__index
  ⚠️  low-contrast: 'SITUATION · 03' 3.0:1 (<4.5) — div.tile__index
  ⚠️  low-contrast: 'SITUATION · 04' 3.0:1 (<4.5) — div.tile__index
  ⚠️  low-contrast: 'SE · 01 · 오셀타미비르' 3.0:1 (<4.5) — div.tile__index
  ⚠️  low-contrast: 'SE · 02 · 자나미비르' 3.0:1 (<4.5) — div.tile__index
  ⚠️  low-contrast: 'SE · 03 · 페라미비르' 3.0:1 (<4.5) — div.tile__index
  ⚠️  low-contrast: 'SE · 04 · 발록사비르' 3.0:1 (<4.5) — div.tile__index
  ⚠️  low-contrast: '01' 3.0:1 (<4.5) — div.check-item__num
  ⚠️  low-contrast: '02' 3.0:1 (<4.5) — div.check-item__num
  ⚠️  low-contrast: '03' 3.0:1 (<4.5) — div.check-item__num
  ⚠️  low-contrast: '04' 3.0:1 (<4.5) — div.check-item__num
  ⚠️  low-contrast: '05' 3.0:1 (<4.5) — div.check-item__num
  ⚠️  low-contrast: '06' 3.0:1 (<4.5) — div.check-item__num
  ⚠️  low-contrast: '07' 3.0:1 (<4.5) — div.check-item__num
  ⚠️  low-contrast: '08' 3.0:1 (<4.5) — div.check-item__num
  ⚠️  low-contrast: '· PULMONOLOGY' 1.0:1 (<4.5) — div.slide__chapter
  ⚠️  low-contrast: 'PATIENT EDUCATION' 1.4:1 (<4.5) — strong
  ⚠️  low-contrast: 'Pulmonary Function Test · COPD ·' 1.0:1 (<4.5) — span.slide__source
  ⚠️  low-contrast: '광교바른내과 호흡기내과' 1.0:1 (<4.5) — span.slide__page
  ⚠️  low-contrast: 'Why objective measurement matter' 3.0:1 (<4.5) — div.pattern-hero-number__detail-label
  ⚠️  low-contrast: '1초간 호기량' 3.0:1 (<4.5) — div.stats3-cell__unit
  ⚠️  low-contrast: 'INDICATION · 01' 3.0:1 (<4.5) — div.tile__index
  ⚠️  low-contrast: 'INDICATION · 02' 3.0:1 (<4.5) — div.tile__index
  ⚠️  low-contrast: 'INDICATION · 03' 3.0:1 (<4.5) — div.tile__index
  ⚠️  low-contrast: 'INDICATION · 04' 3.0:1 (<4.5) — div.tile__index
  ⚠️  low-contrast: 'INDICATION · 05' 3.0:1 (<4.5) — div.tile__index
  ⚠️  low-contrast: 'INDICATION · 06' 3.0:1 (<4.5) — div.tile__index
  ⚠️  low-contrast: '제한성 (Restrictive)' 3.0:1 (<4.5) — div.compare-col__header
  ⚠️  low-contrast: '○' 2.5:1 (<4.5) — span.compare-col__marker
  ⚠️  low-contrast: 'CRITERION · 01' 3.0:1 (<4.5) — div.tile__index
  ⚠️  low-contrast: 'CRITERION · 02' 3.0:1 (<4.5) — div.tile__index
  ⚠️  low-contrast: 'SEVERITY · 03' 3.0:1 (<4.5) — div.tile__index
  ⚠️  low-contrast: 'CAVEAT · 04' 3.0:1 (<4.5) — div.tile__index
  ⚠️  low-contrast: 'GOLD 1 · 경증 (Mild)' 3.0:1 (<4.5) — div.tile__index
  ⚠️  low-contrast: 'GOLD 2 · 중등증 (Moderate)' 3.0:1 (<4.5) — div.tile__index
  ⚠️  low-contrast: 'GOLD 3 · 중증 (Severe)' 3.0:1 (<4.5) — div.tile__index
  ⚠️  low-contrast: 'GOLD 4 · 매우 중증 (Very severe)' 2.8:1 (<4.5) — div.tile__index
  ⚠️  low-contrast: '01' 3.0:1 (<4.5) — div.check-item__num
  ⚠️  low-contrast: '02' 3.0:1 (<4.5) — div.check-item__num
  ⚠️  low-contrast: '03' 3.0:1 (<4.5) — div.check-item__num
  ⚠️  low-contrast: '04' 3.0:1 (<4.5) — div.check-item__num
  ⚠️  low-contrast: '05' 3.0:1 (<4.5) — div.check-item__num
  ⚠️  low-contrast: '06' 3.0:1 (<4.5) — div.check-item__num
  ⚠️  low-contrast: '07' 3.0:1 (<4.5) — div.check-item__num
  ⚠️  low-contrast: '08' 3.0:1 (<4.5) — div.check-item__num
  ⚠️  low-contrast: '· PULMONOLOGY' 1.0:1 (<4.5) — div.slide__chapter
  ⚠️  low-contrast: 'PATIENT EDUCATION' 1.4:1 (<4.5) — strong
  ⚠️  low-contrast: 'PFT · Pulmonary Function Test · ' 1.0:1 (<4.5) — span.slide__source
  ⚠️  low-contrast: '광교바른내과 호흡기내과' 1.0:1 (<4.5) — span.slide__page
  ⚠️  low-contrast: 'Why pattern matters more than ab' 3.0:1 (<4.5) — div.pattern-hero-number__detail-label
  ⚠️  low-contrast: 'METRIC · 01' 3.0:1 (<4.5) — div.tile__index
  ⚠️  low-contrast: 'METRIC · 02' 3.0:1 (<4.5) — div.tile__index
  ⚠️  low-contrast: 'METRIC · 03' 3.0:1 (<4.5) — div.tile__index
  ⚠️  low-contrast: 'METRIC · 04' 3.0:1 (<4.5) — div.tile__index
  ⚠️  low-contrast: 'METRIC · 05' 3.0:1 (<4.5) — div.tile__index
  ⚠️  low-contrast: 'METRIC · 06' 3.0:1 (<4.5) — div.tile__index
  ⚠️  low-contrast: 'CRITERION · 01' 3.0:1 (<4.5) — div.tile__index
  ⚠️  low-contrast: 'CRITERION · 02' 3.0:1 (<4.5) — div.tile__index
  ⚠️  low-contrast: 'CRITERION · 03' 3.0:1 (<4.5) — div.tile__index
  ⚠️  low-contrast: 'SUSPECT · 04' 3.0:1 (<4.5) — div.tile__index
  ⚠️  low-contrast: 'NEXT STEP · 05' 3.0:1 (<4.5) — div.tile__index
  ⚠️  low-contrast: 'SEVERITY · 06' 3.0:1 (<4.5) — div.tile__index
  ⚠️  low-contrast: 'SUSPECT · 05' 3.0:1 (<4.5) — div.tile__index
  ⚠️  low-contrast: 'SUSPECT · 06' 3.0:1 (<4.5) — div.tile__index
  ⚠️  low-contrast: '제한성 (Restrictive)' 3.0:1 (<4.5) — div.compare-col__header
  ⚠️  low-contrast: '↓' 2.5:1 (<4.5) — span.compare-col__marker
  ⚠️  low-contrast: 'QUALITY · 01' 3.0:1 (<4.5) — div.tile__index
  ⚠️  low-contrast: 'QUALITY · 02' 3.0:1 (<4.5) — div.tile__index
  ⚠️  low-contrast: 'QUALITY · 03' 3.0:1 (<4.5) — div.tile__index
  ⚠️  low-contrast: 'QUALITY · 04' 3.0:1 (<4.5) — div.tile__index
  ⚠️  low-contrast: 'QUALITY · 05' 3.0:1 (<4.5) — div.tile__index
  ⚠️  low-contrast: 'QUALITY · 06' 3.0:1 (<4.5) — div.tile__index
  ⚠️  low-contrast: 'ERROR · 03' 3.0:1 (<4.5) — div.tile__index
  ⚠️  low-contrast: 'ERROR · 04' 3.0:1 (<4.5) — div.tile__index
  ⚠️  low-contrast: 'ERROR · 05' 3.0:1 (<4.5) — div.tile__index
  ⚠️  low-contrast: 'ERROR · 06' 3.0:1 (<4.5) — div.tile__index
  ⚠️  low-contrast: '01' 3.0:1 (<4.5) — div.check-item__num
  ⚠️  low-contrast: '02' 3.0:1 (<4.5) — div.check-item__num
  ⚠️  low-contrast: '03' 3.0:1 (<4.5) — div.check-item__num
  ⚠️  low-contrast: '04' 3.0:1 (<4.5) — div.check-item__num
  ⚠️  low-contrast: '05' 3.0:1 (<4.5) — div.check-item__num
  ⚠️  low-contrast: '06' 3.0:1 (<4.5) — div.check-item__num
  ⚠️  low-contrast: '07' 3.0:1 (<4.5) — div.check-item__num
  ⚠️  low-contrast: '· GASTROENTEROLOGY' 1.0:1 (<4.5) — div.slide__chapter
  ⚠️  low-contrast: 'PATIENT EDUCATION' 1.4:1 (<4.5) — strong
  ⚠️  low-contrast: 'IBS · Rome IV · Low-FODMAP · Tar' 1.0:1 (<4.5) — span.slide__source
  ⚠️  low-contrast: '광교바른내과 소화기내과' 1.0:1 (<4.5) — span.slide__page
  ⚠️  low-contrast: 'Why correct understanding matter' 3.0:1 (<4.5) — div.pattern-hero-number__detail-label
  ⚠️  low-contrast: 'SUBTYPE · 01' 3.0:1 (<4.5) — div.tile__index
  ⚠️  low-contrast: 'SUBTYPE · 02' 3.0:1 (<4.5) — div.tile__index
  ⚠️  low-contrast: 'SUBTYPE · 03' 3.0:1 (<4.5) — div.tile__index
  ⚠️  low-contrast: 'SUBTYPE · 04' 3.0:1 (<4.5) — div.tile__index
  ⚠️  low-contrast: 'TRIGGER · 01 · 뇌-장 축' 3.0:1 (<4.5) — div.tile__index
  ⚠️  low-contrast: 'TRIGGER · 02 · 식이' 3.0:1 (<4.5) — div.tile__index
  ⚠️  low-contrast: 'HIGH FODMAP · 주의' 3.0:1 (<4.5) — div.tile__index
  ⚠️  low-contrast: 'LOW FODMAP · 권장' 3.0:1 (<4.5) — div.tile__index
  ⚠️  low-contrast: 'OPTION · A · PREFERRED' 2.8:1 (<4.5) — div.tile__index
  ⚠️  low-contrast: 'Continuous · ACG strong recommen' 2.8:1 (<4.5) — div.tile__duration
  ⚠️  low-contrast: 'OPTION · B' 3.0:1 (<4.5) — div.tile__index
  ⚠️  low-contrast: 'Continuous · second-line option' 3.0:1 (<4.5) — div.tile__duration
  ⚠️  low-contrast: 'OPTION · C · 보조' 3.0:1 (<4.5) — div.tile__index
  ⚠️  low-contrast: 'Adjunct · pain modulation' 3.0:1 (<4.5) — div.tile__duration
  ⚠️  low-contrast: '14 days course · ACG strong reco' 2.8:1 (<4.5) — div.tile__duration
  ⚠️  low-contrast: 'OPTION · B · 조건부' 3.0:1 (<4.5) — div.tile__index
  ⚠️  low-contrast: 'Continuous · pancreatitis risk' 3.0:1 (<4.5) — div.tile__duration
  ⚠️  low-contrast: 'Adjunct · symptomatic relief' 3.0:1 (<4.5) — div.tile__duration
  ⚠️  low-contrast: 'RANGE · 01 · 정상' 3.0:1 (<4.5) — div.tile__index
  ⚠️  low-contrast: 'RANGE · 02 · 경계' 3.0:1 (<4.5) — div.tile__index
  ⚠️  low-contrast: 'RANGE · 03 · 비정상' 3.0:1 (<4.5) — div.tile__index
  ⚠️  low-contrast: 'RANGE · 04 · 고위험' 2.8:1 (<4.5) — div.tile__index
  ⚠️  low-contrast: '01' 3.0:1 (<4.5) — div.check-item__num
  ⚠️  low-contrast: '02' 3.0:1 (<4.5) — div.check-item__num
  ⚠️  low-contrast: '03' 3.0:1 (<4.5) — div.check-item__num
  ⚠️  low-contrast: '04' 3.0:1 (<4.5) — div.check-item__num
  ⚠️  low-contrast: '05' 3.0:1 (<4.5) — div.check-item__num
  ⚠️  low-contrast: '06' 3.0:1 (<4.5) — div.check-item__num
  ⚠️  low-contrast: '07' 3.0:1 (<4.5) — div.check-item__num
  ⚠️  low-contrast: '08' 3.0:1 (<4.5) — div.check-item__num
  ⚠️  low-contrast: '· CARDIOLOGY' 1.0:1 (<4.5) — div.slide__chapter
  ⚠️  low-contrast: 'CLINICAL REFERENCE' 1.4:1 (<4.5) — strong
  ⚠️  low-contrast: 'Antihypertensive Classes · Compa' 1.0:1 (<4.5) — span.slide__source
  ⚠️  low-contrast: '광교바른내과 일반내과' 1.0:1 (<4.5) — span.slide__page
  ⚠️  low-contrast: 'Why class selection matters' 3.0:1 (<4.5) — div.pattern-hero-number__detail-label
  ⚠️  low-contrast: 'CLASS · 01 · ACEi' 3.0:1 (<4.5) — div.tile__index
  ⚠️  low-contrast: 'CLASS · 02 · ARB' 3.0:1 (<4.5) — div.tile__index
  ⚠️  low-contrast: 'CLASS · 03 · CCB-DHP' 3.0:1 (<4.5) — div.tile__index
  ⚠️  low-contrast: 'CLASS · 04 · CCB-Non-DHP' 3.0:1 (<4.5) — div.tile__index
  ⚠️  low-contrast: 'CLASS · 05 · DIURETIC' 3.0:1 (<4.5) — div.tile__index
  ⚠️  low-contrast: 'CLASS · 06 · β-BLOCKER' 3.0:1 (<4.5) — div.tile__index
  ⚠️  low-contrast: 'ARB · 12 – 15 mmHg' 3.0:1 (<4.5) — div.tile__index
  ⚠️  low-contrast: 'ACEi · 10 – 14 mmHg' 3.0:1 (<4.5) — div.tile__index
  ⚠️  low-contrast: 'CCB-DHP · 12 – 15 mmHg' 3.0:1 (<4.5) — div.tile__index
  ⚠️  low-contrast: 'CCB-Non-DHP · 6 – 12 mmHg' 3.0:1 (<4.5) — div.tile__index
  ⚠️  low-contrast: 'DIURETIC · 8 – 18 mmHg' 3.0:1 (<4.5) — div.tile__index
  ⚠️  low-contrast: 'β-BLOCKER · 8 – 15 mmHg' 3.0:1 (<4.5) — div.tile__index
  ⚠️  low-contrast: 'ARB (Angiotensin Receptor Blocke' 3.0:1 (<4.5) — div.compare-col__header
  ⚠️  low-contrast: 'R' 2.5:1 (<4.5) — span.compare-col__marker
  ⚠️  low-contrast: 'Non-DHP' 3.0:1 (<4.5) — div.compare-col__header
  ⚠️  low-contrast: 'N' 2.5:1 (<4.5) — span.compare-col__marker
  ⚠️  low-contrast: 'DIURETIC · 01 · PREFERRED' 2.8:1 (<4.5) — div.tile__index
  ⚠️  low-contrast: 'DIURETIC · 02 · PREFERRED' 2.8:1 (<4.5) — div.tile__index
  ⚠️  low-contrast: 'DIURETIC · 03' 3.0:1 (<4.5) — div.tile__index
  ⚠️  low-contrast: 'DIURETIC · 04' 3.0:1 (<4.5) — div.tile__index
  ⚠️  low-contrast: 'ACEi · 01' 3.0:1 (<4.5) — div.tile__index
  ⚠️  low-contrast: 'ARB · 02' 3.0:1 (<4.5) — div.tile__index
  ⚠️  low-contrast: 'CCB-DHP · 03' 3.0:1 (<4.5) — div.tile__index
  ⚠️  low-contrast: 'CCB-Non-DHP · 04' 3.0:1 (<4.5) — div.tile__index
  ⚠️  low-contrast: 'DIURETIC · 05' 3.0:1 (<4.5) — div.tile__index
  ⚠️  low-contrast: 'β-BLOCKER · 06' 3.0:1 (<4.5) — div.tile__index
  ⚠️  low-contrast: '01' 3.0:1 (<4.5) — div.check-item__num
  ⚠️  low-contrast: '02' 3.0:1 (<4.5) — div.check-item__num
  ⚠️  low-contrast: '03' 3.0:1 (<4.5) — div.check-item__num
  ⚠️  low-contrast: '04' 3.0:1 (<4.5) — div.check-item__num
  ⚠️  low-contrast: '05' 3.0:1 (<4.5) — div.check-item__num
  ⚠️  low-contrast: '06' 3.0:1 (<4.5) — div.check-item__num
  ⚠️  low-contrast: '07' 3.0:1 (<4.5) — div.check-item__num
  ⚠️  low-contrast: '08' 3.0:1 (<4.5) — div.check-item__num
  ⚠️  decks/pneumococcal-comparison: house-style advisory [deck_closing_template] deck: closing 템플릿 권고 요소 누락 ['contact-card']
  ⚠️  low-contrast: '· VACCINATION' 1.0:1 (<4.5) — div.slide__chapter
  ⚠️  low-contrast: 'PATIENT EDUCATION' 1.4:1 (<4.5) — strong
  ⚠️  low-contrast: '정보 기준 — 2026-06-26 · PCV20(Preve' 1.0:1 (<4.5) — span.slide__source
  ⚠️  low-contrast: '광교바른내과 일반내과' 1.0:1 (<4.5) — span.slide__page
  ⚠️  low-contrast: 'Shared decision point' 3.0:1 (<4.5) — div.pattern-hero-number__detail-label
  ⚠️  low-contrast: 'DISEASE · 01' 3.0:1 (<4.5) — div.tile__index
  ⚠️  low-contrast: 'RISK · 02' 3.0:1 (<4.5) — div.tile__index
  ⚠️  low-contrast: 'SHIFT · 03' 3.0:1 (<4.5) — div.tile__index
  ⚠️  low-contrast: 'GOAL · 04' 2.8:1 (<4.5) — div.tile__index
  ⚠️  low-contrast: '캡박시브 · PCV21' 3.0:1 (<4.5) — div.compare-col__header
  ⚠️  low-contrast: '21' 2.5:1 (<4.5) — span.compare-col__marker
  ⚠️  low-contrast: 'KSID 2026 · OPTION 01' 2.8:1 (<4.5) — div.tile__index
  ⚠️  low-contrast: 'KSID 2026 · OPTION 02' 2.8:1 (<4.5) — div.tile__index
  ⚠️  low-contrast: 'KSID 2026 · OPTION 03' 3.0:1 (<4.5) — div.tile__index
  ⚠️  low-contrast: 'KOREA NIP' 3.0:1 (<4.5) — div.tile__index
  ⚠️  low-contrast: 'US ACIP' 3.0:1 (<4.5) — div.tile__index
  ⚠️  low-contrast: 'PCV21을 더 고려' 3.0:1 (<4.5) — div.compare-col__header
  ⚠️  low-contrast: 'COMMON · 01' 3.0:1 (<4.5) — div.tile__index
  ⚠️  low-contrast: 'COMMON · 02' 3.0:1 (<4.5) — div.tile__index
  ⚠️  low-contrast: 'CHECK · 03' 3.0:1 (<4.5) — div.tile__index
  ⚠️  low-contrast: '· DERMATOLOGY' 1.0:1 (<4.5) — div.slide__chapter
  ⚠️  low-contrast: 'PATIENT EDUCATION' 1.4:1 (<4.5) — strong
  ⚠️  low-contrast: 'Chronic Urticaria · CSU vs CIndU' 1.0:1 (<4.5) — span.slide__source
  ⚠️  low-contrast: '광교바른내과 일반내과' 1.0:1 (<4.5) — span.slide__page
  ⚠️  low-contrast: '만성자발성두드러기 (CSU)' 3.0:1 (<4.5) — div.compare-col__header
  ⚠️  low-contrast: 'A' 2.5:1 (<4.5) — span.compare-col__marker
  ⚠️  low-contrast: 'COMORBIDITY · 01 · 10–30%' 3.0:1 (<4.5) — div.tile__index
  ⚠️  low-contrast: 'COMORBIDITY · 02 · 20–50%' 3.0:1 (<4.5) — div.tile__index
  ⚠️  low-contrast: 'COMORBIDITY · 03 · 30–70%' 3.0:1 (<4.5) — div.tile__index
  ⚠️  low-contrast: 'COMORBIDITY · 04 · 5–10%' 3.0:1 (<4.5) — div.tile__index
  ⚠️  low-contrast: '0' 3.0:1 (<4.5) — td.uas7-score
  ⚠️  low-contrast: '1' 2.8:1 (<4.5) — td.uas7-score
  ⚠️  low-contrast: '2' 3.0:1 (<4.5) — td.uas7-score
  ⚠️  low-contrast: '3' 2.8:1 (<4.5) — td.uas7-score
  ⚠️  low-contrast: 'BASIC · 01' 3.0:1 (<4.5) — div.tile__index
  ⚠️  low-contrast: 'BASIC · 02' 3.0:1 (<4.5) — div.tile__index
  ⚠️  low-contrast: 'EXTENDED · 03' 3.0:1 (<4.5) — div.tile__index
  ⚠️  low-contrast: 'CIndU · 04' 3.0:1 (<4.5) — div.tile__index
  ⚠️  low-contrast: '이렇게 하세요 (DO)' 3.0:1 (<4.5) — div.compare-col__header
  ⚠️  low-contrast: '+' 2.5:1 (<4.5) — span.compare-col__marker
  ⚠️  low-contrast: 'PATIENT EDUCATION ·' 1.0:1 (<4.5) — div.slide__chapter
  ⚠️  low-contrast: 'HYPERHIDROSIS' 1.4:1 (<4.5) — strong
  ⚠️  low-contrast: '광교바른내과 · Gwanggyo Barun Internal' 1.0:1 (<4.5) — span.slide__source
  ⚠️  low-contrast: '01 / 12' 1.0:1 (<4.5) — span.slide__page
  ⚠️  low-contrast: 'TYPICAL' 3.0:1 (<4.5) — div.pattern-hero-number__detail-label
  ⚠️  low-contrast: 'CHECK FIRST' 3.0:1 (<4.5) — div.pattern-hero-number__detail-label
  ⚠️  low-contrast: 'GOAL' 3.0:1 (<4.5) — div.pattern-hero-number__detail-label
  ⚠️  low-contrast: 'CRITERIA · 01' 2.8:1 (<4.5) — div.tile__index
  ⚠️  low-contrast: 'CRITERIA · 02' 3.0:1 (<4.5) — div.tile__index
  ⚠️  low-contrast: 'CRITERIA · 03' 3.0:1 (<4.5) — div.tile__index
  ⚠️  low-contrast: 'CRITERIA · 04' 3.0:1 (<4.5) — div.tile__index
  ⚠️  low-contrast: 'PALM' 3.0:1 (<4.5) — div.tile__index
  ⚠️  low-contrast: 'SOLE' 3.0:1 (<4.5) — div.tile__index
  ⚠️  low-contrast: 'AXILLA' 3.0:1 (<4.5) — div.tile__index
  ⚠️  low-contrast: 'FACE' 3.0:1 (<4.5) — div.tile__index
  ⚠️  low-contrast: 'TRIGGER' 3.0:1 (<4.5) — div.tile__index
  ⚠️  low-contrast: 'QUALITY OF LIFE' 2.8:1 (<4.5) — div.tile__index
  ⚠️  low-contrast: 'RESPONSE' 2.8:1 (<4.5) — div.metric-card__label
  ⚠️  low-contrast: 'STRONG RESPONSE' 3.0:1 (<4.5) — div.metric-card__label
  ⚠️  low-contrast: 'RECORD' 3.0:1 (<4.5) — div.metric-card__label
  ⚠️  low-contrast: 'STEP 01' 2.8:1 (<4.5) — div.tile__index
  ⚠️  low-contrast: 'STEP 02' 3.0:1 (<4.5) — div.tile__index
  ⚠️  low-contrast: 'HOW' 3.0:1 (<4.5) — div.tile__index
  ⚠️  low-contrast: 'SAFETY' 3.0:1 (<4.5) — div.tile__index
  ⚠️  low-contrast: 'FOLLOW-UP' 3.0:1 (<4.5) — div.tile__index
  ⚠️  low-contrast: 'TIP' 3.0:1 (<4.5) — div.tile__index
  ⚠️  low-contrast: 'INDUCTION' 2.8:1 (<4.5) — div.tile__index
  ⚠️  low-contrast: 'MAINTENANCE' 3.0:1 (<4.5) — div.tile__index
  ⚠️  low-contrast: 'CAUTION' 3.0:1 (<4.5) — div.tile__index
  ⚠️  low-contrast: 'NEXT' 3.0:1 (<4.5) — div.tile__index
  ⚠️  low-contrast: 'BOTULINUM TOXIN' 2.8:1 (<4.5) — div.tile__index
  ⚠️  low-contrast: 'MAPPING' 3.0:1 (<4.5) — div.tile__index
  ⚠️  low-contrast: 'MIRADRY' 3.0:1 (<4.5) — div.tile__index
  ⚠️  low-contrast: 'EXPECTATION' 3.0:1 (<4.5) — div.tile__index
  ⚠️  low-contrast: 'WORKUP' 3.0:1 (<4.5) — div.tile__index
  ⚠️  low-contrast: 'NOT FIRST' 3.0:1 (<4.5) — div.tile__index
  ⚠️  low-contrast: '01' 3.0:1 (<4.5) — div.check-item__num
  ⚠️  low-contrast: '02' 3.0:1 (<4.5) — div.check-item__num
  ⚠️  low-contrast: '03' 3.0:1 (<4.5) — div.check-item__num
  ⚠️  low-contrast: '04' 3.0:1 (<4.5) — div.check-item__num
  ⚠️  low-contrast: '05' 3.0:1 (<4.5) — div.check-item__num
  ⚠️  low-contrast: '06' 3.0:1 (<4.5) — div.check-item__num
  ⚠️  low-contrast: '07' 3.0:1 (<4.5) — div.check-item__num
  ⚠️  low-contrast: '08' 3.0:1 (<4.5) — div.check-item__num
  ⚠️  low-contrast: '· GASTROENTEROLOGY' 1.0:1 (<4.5) — div.slide__chapter
  ⚠️  low-contrast: 'PATIENT EDUCATION' 1.4:1 (<4.5) — strong
  ⚠️  low-contrast: 'Acute Gastroenteritis (AGE) · OR' 1.0:1 (<4.5) — span.slide__source
  ⚠️  low-contrast: '광교바른내과 일반내과' 1.0:1 (<4.5) — span.slide__page
  ⚠️  low-contrast: 'Why diet matters' 3.0:1 (<4.5) — div.pattern-hero-number__detail-label
  ⚠️  low-contrast: 'PRINCIPLE · 01' 3.0:1 (<4.5) — div.tile__index
  ⚠️  low-contrast: 'PRINCIPLE · 02' 3.0:1 (<4.5) — div.tile__index
  ⚠️  low-contrast: 'PRINCIPLE · 03' 3.0:1 (<4.5) — div.tile__index
  ⚠️  low-contrast: 'PRINCIPLE · 04' 3.0:1 (<4.5) — div.tile__index
  ⚠️  low-contrast: 'PRINCIPLE · 05' 3.0:1 (<4.5) — div.tile__index
  ⚠️  low-contrast: 'EVIDENCE · 06' 2.8:1 (<4.5) — div.tile__index
  ⚠️  low-contrast: '권장 음료 (DO)' 3.0:1 (<4.5) — div.compare-col__header
  ⚠️  low-contrast: '+' 2.5:1 (<4.5) — span.compare-col__marker
  ⚠️  low-contrast: 'AVOID · 01' 3.0:1 (<4.5) — div.tile__index
  ⚠️  low-contrast: 'AVOID · 02' 3.0:1 (<4.5) — div.tile__index
  ⚠️  low-contrast: 'AVOID · 03' 3.0:1 (<4.5) — div.tile__index
  ⚠️  low-contrast: 'AVOID · 04' 3.0:1 (<4.5) — div.tile__index
  ⚠️  low-contrast: 'AVOID · 05' 3.0:1 (<4.5) — div.tile__index
  ⚠️  low-contrast: 'AVOID · 06' 3.0:1 (<4.5) — div.tile__index
  ⚠️  low-contrast: 'FOOD · 01' 3.0:1 (<4.5) — div.tile__index
  ⚠️  low-contrast: 'FOOD · 02' 3.0:1 (<4.5) — div.tile__index
  ⚠️  low-contrast: 'FOOD · 03' 3.0:1 (<4.5) — div.tile__index
  ⚠️  low-contrast: 'FOOD · 04' 3.0:1 (<4.5) — div.tile__index
  ⚠️  low-contrast: 'FOOD · 05' 3.0:1 (<4.5) — div.tile__index
  ⚠️  low-contrast: 'FOOD · 06' 3.0:1 (<4.5) — div.tile__index
  ⚠️  low-contrast: 'METHOD · 01' 3.0:1 (<4.5) — div.tile__index
  ⚠️  low-contrast: 'METHOD · 02' 3.0:1 (<4.5) — div.tile__index
  ⚠️  low-contrast: 'METHOD · 03' 3.0:1 (<4.5) — div.tile__index
  ⚠️  low-contrast: 'METHOD · 04' 3.0:1 (<4.5) — div.tile__index
  ⚠️  low-contrast: '01' 3.0:1 (<4.5) — div.check-item__num
  ⚠️  low-contrast: '02' 3.0:1 (<4.5) — div.check-item__num
  ⚠️  low-contrast: '03' 3.0:1 (<4.5) — div.check-item__num
  ⚠️  low-contrast: '04' 3.0:1 (<4.5) — div.check-item__num
  ⚠️  low-contrast: '05' 3.0:1 (<4.5) — div.check-item__num
  ⚠️  low-contrast: '06' 3.0:1 (<4.5) — div.check-item__num
  ⚠️  low-contrast: '07' 3.0:1 (<4.5) — div.check-item__num
  ⚠️  low-contrast: '08' 3.0:1 (<4.5) — div.check-item__num
  ⚠️  low-contrast: '· PULMONOLOGY' 1.0:1 (<4.5) — div.slide__chapter
  ⚠️  low-contrast: 'PATIENT EDUCATION' 1.4:1 (<4.5) — strong
  ⚠️  low-contrast: 'Asthma · GINA Stepwise Treatment' 1.0:1 (<4.5) — span.slide__source
  ⚠️  low-contrast: '광교바른내과 호흡기내과' 1.0:1 (<4.5) — span.slide__page
  ⚠️  low-contrast: 'Why ICS-formoterol matters' 3.0:1 (<4.5) — div.pattern-hero-number__detail-label
  ⚠️  low-contrast: 'TEST · 01' 3.0:1 (<4.5) — div.tile__index
  ⚠️  low-contrast: 'TEST · 02' 3.0:1 (<4.5) — div.tile__index
  ⚠️  low-contrast: 'TEST · 03' 3.0:1 (<4.5) — div.tile__index
  ⚠️  low-contrast: 'TEST · 04' 3.0:1 (<4.5) — div.tile__index
  ⚠️  low-contrast: 'SCORE · ≥ 20점' 3.0:1 (<4.5) — div.tile__index
  ⚠️  low-contrast: 'SCORE · 16–19점' 3.0:1 (<4.5) — div.tile__index
  ⚠️  low-contrast: 'SCORE · ≤ 15점' 3.0:1 (<4.5) — div.tile__index
  ⚠️  low-contrast: 'ACT 5문항' 3.0:1 (<4.5) — div.tile__index
  ⚠️  low-contrast: 'MCID' 3.0:1 (<4.5) — div.tile__index
  ⚠️  low-contrast: 'USE' 2.8:1 (<4.5) — div.tile__index
  ⚠️  low-contrast: 'STEP · 1–2 · 경증' 3.0:1 (<4.5) — div.tile__index
  ⚠️  low-contrast: '심비코트 80/4.5 · 증상 시만' 3.0:1 (<4.5) — div.tile__duration
  ⚠️  low-contrast: 'STEP · 3 · MART 시작' 3.0:1 (<4.5) — div.tile__index
  ⚠️  low-contrast: '심비코트 160/4.5 · 1일 2회 + PRN' 3.0:1 (<4.5) — div.tile__duration
  ⚠️  low-contrast: 'STEP · 4 · MART' 3.0:1 (<4.5) — div.tile__index
  ⚠️  low-contrast: '심비코트 320/9 · LAMA 추가 고려' 3.0:1 (<4.5) — div.tile__duration
  ⚠️  low-contrast: 'STEP · 5 · 전문의 의뢰' 3.0:1 (<4.5) — div.tile__index
  ⚠️  low-contrast: '완화 · 저용량 ICS-formoterol PRN' 3.0:1 (<4.5) — div.tile__duration
  ⚠️  low-contrast: 'CONCEPT · MART' 3.0:1 (<4.5) — div.tile__index
  ⚠️  low-contrast: 'STEP-UP 전 5체크' 3.0:1 (<4.5) — div.tile__index
  ⚠️  low-contrast: 'PRODUCT · 01 · 국내 MART 1순위' 3.0:1 (<4.5) — div.tile__index
  ⚠️  low-contrast: 'PRODUCT · 02 · 1일 2회 고정' 3.0:1 (<4.5) — div.tile__index
  ⚠️  low-contrast: 'PRODUCT · 03 · 순응도 좋은 환자' 3.0:1 (<4.5) — div.tile__index
  ⚠️  low-contrast: 'PRODUCT · 04 · 흡기력 부족 시' 3.0:1 (<4.5) — div.tile__index
  ⚠️  low-contrast: 'MDI (정량분무흡입기) — 천천히' 3.0:1 (<4.5) — div.compare-col__header
  ⚠️  low-contrast: '+' 2.5:1 (<4.5) — span.compare-col__marker
  ⚠️  low-contrast: '01' 3.0:1 (<4.5) — div.check-item__num
  ⚠️  low-contrast: '02' 3.0:1 (<4.5) — div.check-item__num
  ⚠️  low-contrast: '03' 3.0:1 (<4.5) — div.check-item__num
  ⚠️  low-contrast: '04' 3.0:1 (<4.5) — div.check-item__num
  ⚠️  low-contrast: '05' 3.0:1 (<4.5) — div.check-item__num
  ⚠️  low-contrast: '06' 3.0:1 (<4.5) — div.check-item__num
  ⚠️  low-contrast: '07' 3.0:1 (<4.5) — div.check-item__num
  ⚠️  low-contrast: '08' 3.0:1 (<4.5) — div.check-item__num
  ⚠️  low-contrast: '· CARDIOLOGY' 1.0:1 (<4.5) — div.slide__chapter
  ⚠️  low-contrast: 'PATIENT EDUCATION' 1.4:1 (<4.5) — strong
  ⚠️  low-contrast: 'Eye & Cardiovascular Health · Oc' 1.0:1 (<4.5) — span.slide__source
  ⚠️  low-contrast: '광교바른내과 일반내과' 1.0:1 (<4.5) — span.slide__page
  ⚠️  low-contrast: 'Why a new tool matters' 3.0:1 (<4.5) — div.pattern-hero-number__detail-label
  ⚠️  low-contrast: 'FINDING · 01' 3.0:1 (<4.5) — div.tile__index
  ⚠️  low-contrast: 'FINDING · 02' 3.0:1 (<4.5) — div.tile__index
  ⚠️  low-contrast: 'FINDING · 03' 3.0:1 (<4.5) — div.tile__index
  ⚠️  low-contrast: 'FINDING · 04' 3.0:1 (<4.5) — div.tile__index
  ⚠️  low-contrast: 'FINDING · 05' 3.0:1 (<4.5) — div.tile__index
  ⚠️  low-contrast: 'FINDING · 06' 3.0:1 (<4.5) — div.tile__index
  ⚠️  low-contrast: 'GRADE · I · MILD' 3.0:1 (<4.5) — div.tile__index
  ⚠️  low-contrast: 'GRADE · II · MODERATE' 3.0:1 (<4.5) — div.tile__index
  ⚠️  low-contrast: 'STAGE · 01 · MILD NPDR' 3.0:1 (<4.5) — div.tile__index
  ⚠️  low-contrast: 'STAGE · 02 · MODERATE NPDR' 3.0:1 (<4.5) — div.tile__index
  ⚠️  low-contrast: 'STAGE · 03 · SEVERE NPDR' 3.0:1 (<4.5) — div.tile__index
  ⚠️  low-contrast: 'STAGE · 06 · CV LINK' 3.0:1 (<4.5) — div.tile__index
  ⚠️  low-contrast: '저위험 망막 소견' 3.0:1 (<4.5) — div.compare-col__header
  ⚠️  low-contrast: '+' 2.5:1 (<4.5) — span.compare-col__marker
  ⚠️  low-contrast: 'INDICATION · 01' 3.0:1 (<4.5) — div.tile__index
  ⚠️  low-contrast: 'INDICATION · 02' 3.0:1 (<4.5) — div.tile__index
  ⚠️  low-contrast: 'INDICATION · 03' 3.0:1 (<4.5) — div.tile__index
  ⚠️  low-contrast: 'INDICATION · 04' 3.0:1 (<4.5) — div.tile__index
  ⚠️  low-contrast: '01' 3.0:1 (<4.5) — div.check-item__num
  ⚠️  low-contrast: '02' 3.0:1 (<4.5) — div.check-item__num
  ⚠️  low-contrast: '03' 3.0:1 (<4.5) — div.check-item__num
  ⚠️  low-contrast: '04' 3.0:1 (<4.5) — div.check-item__num
  ⚠️  low-contrast: '05' 3.0:1 (<4.5) — div.check-item__num
  ⚠️  low-contrast: '06' 3.0:1 (<4.5) — div.check-item__num
  ⚠️  low-contrast: '07' 3.0:1 (<4.5) — div.check-item__num
  ⚠️  low-contrast: '08' 3.0:1 (<4.5) — div.check-item__num
      Notion updated: 392b8014-24d6-81cc-83a2-e8d648047b36
  ✓ handouts/crash-cart-checklist  →  QR: https://edu.gwanggyobarun.com/handouts/emergency/crash-cart-checklist/
      Notion updated: 392b8014-24d6-8110-91ff-e6f85e548b47
  ✓ handouts/crash-cart-map  →  QR: https://edu.gwanggyobarun.com/handouts/emergency/crash-cart-map/
      Notion updated: 392b8014-24d6-8113-a16b-faf7f203d97d
  ✓ decks/appendicitis-diverticulitis  →  QR: https://edu.gwanggyobarun.com/decks/gi/appendicitis-diverticulitis/
      Notion updated: 335b8014-24d6-811c-a890-d9c13f590ee7
  ✓ decks/bowel-prep-low-volume  →  QR: https://edu.gwanggyobarun.com/decks/gi/bowel-prep-low-volume/
      Notion updated: 35fb8014-24d6-811e-9842-d80a258f11c8
  ✓ decks/atrophic-gastritis  →  QR: https://edu.gwanggyobarun.com/decks/gi/atrophic-gastritis/
      Notion updated: 335b8014-24d6-81eb-9f2f-d4dddc5368aa
  ✓ decks/hypothyroidism  →  QR: https://edu.gwanggyobarun.com/decks/endocrine/hypothyroidism/
      Notion updated: 336b8014-24d6-8100-ae88-e349ac023241
  ✓ decks/hyperthyroidism  →  QR: https://edu.gwanggyobarun.com/decks/endocrine/hyperthyroidism/
      Notion updated: 336b8014-24d6-8130-abf1-fc7fcae5b836
  ✓ decks/prediabetes-remission  →  QR: https://edu.gwanggyobarun.com/decks/endocrine/prediabetes-remission/
      Notion updated: 35fb8014-24d6-8125-a80c-d8f468b09476
  ✓ decks/body-composition-bia  →  QR: https://edu.gwanggyobarun.com/decks/endocrine/body-composition-bia/
      Notion updated: 391b8014-24d6-8105-82be-d26253b5137a
  ✓ decks/chest-pain  →  QR: https://edu.gwanggyobarun.com/decks/cardio/chest-pain/
      Notion updated: 336b8014-24d6-8140-b964-df3da52f3145
  ✓ decks/blood-circulation-agents  →  QR: https://edu.gwanggyobarun.com/decks/cardio/blood-circulation-agents/
      Notion updated: 386b8014-24d6-815a-8104-f2500481efe9
  ✓ decks/abyss-betablocker-mi  →  QR: https://edu.gwanggyobarun.com/decks/cardio/abyss-betablocker-mi/
      Notion updated: 37db8014-24d6-815f-8f06-ff462750b331
  ✓ decks/ltbi-overview  →  QR: https://edu.gwanggyobarun.com/decks/infectious/ltbi-overview/
      Notion updated: 336b8014-24d6-8176-8777-fa7badeb1393
  ✓ decks/hpylori-overview  →  QR: https://edu.gwanggyobarun.com/decks/gi/hpylori-overview/
      Notion updated: 37eb8014-24d6-81f5-9465-f0bd20f56e21
  ✓ decks/dyslipidemia  →  QR: https://edu.gwanggyobarun.com/decks/endocrine/dyslipidemia/
      Notion updated: 336b8014-24d6-81a1-b538-c6fd20b53a04
  ✓ decks/statin-side-effects  →  QR: https://edu.gwanggyobarun.com/decks/endocrine/statin-side-effects/
      Notion updated: 386b8014-24d6-81b1-82de-e15bb18abf88
  ✓ decks/diabetes-mellitus-type2  →  QR: https://edu.gwanggyobarun.com/decks/endocrine/diabetes-mellitus-type2/
      Notion updated: 35fb8014-24d6-812e-ab57-c368d08fc86e
  ✓ decks/diabetes-first-visit  →  QR: https://edu.gwanggyobarun.com/decks/endocrine/diabetes-first-visit/
      Notion updated: 36eb8014-24d6-81c0-84fe-da0784ee8930
  ✓ decks/glp1-week-01-start  →  QR: https://edu.gwanggyobarun.com/decks/endocrine/glp1-weight-management/week-01-start/
      Notion updated: 36fb8014-24d6-8183-bb21-e064d7285f5a
  ✓ decks/glp1-week-02-aerobic  →  QR: https://edu.gwanggyobarun.com/decks/endocrine/glp1-weight-management/week-02-aerobic/
      Notion updated: 36fb8014-24d6-81fc-8f75-fb1b495ad9a1
  ✓ decks/glp1-week-03-strength  →  QR: https://edu.gwanggyobarun.com/decks/endocrine/glp1-weight-management/week-03-strength/
      Notion updated: 36fb8014-24d6-81c1-9849-f7f376ec9c7e
  ✓ decks/glp1-week-04-nutrition  →  QR: https://edu.gwanggyobarun.com/decks/endocrine/glp1-weight-management/week-04-nutrition/
      Notion updated: 36fb8014-24d6-8166-83e3-f8db112958dc
  ✓ decks/glp1-week-05-gi-effects  →  QR: https://edu.gwanggyobarun.com/decks/endocrine/glp1-weight-management/week-05-gi-effects/
      Notion updated: 36fb8014-24d6-812f-996f-f23b83aa97c1
  ✓ decks/glp1-week-06-injection  →  QR: https://edu.gwanggyobarun.com/decks/endocrine/glp1-weight-management/week-06-injection/
      Notion updated: 36fb8014-24d6-813e-8858-c5146ec87dd3
  ✓ decks/glp1-week-07-safety  →  QR: https://edu.gwanggyobarun.com/decks/endocrine/glp1-weight-management/week-07-safety/
      Notion updated: 36fb8014-24d6-8149-8429-c53a0dc1ba7c
  ✓ decks/glp1-week-08-maintenance  →  QR: https://edu.gwanggyobarun.com/decks/endocrine/glp1-weight-management/week-08-maintenance/
      Notion updated: 36fb8014-24d6-8158-8c2e-d88ea759900f
  ✓ decks/gout  →  QR: https://edu.gwanggyobarun.com/decks/endocrine/gout/
      Notion updated: 35fb8014-24d6-8145-bc5e-f4d9abd90df3
  ✓ decks/iron-deficiency-anemia  →  QR: https://edu.gwanggyobarun.com/decks/heme/iron-deficiency-anemia/
      Notion updated: 35fb8014-24d6-81e2-814a-c09ccdbdc1bd
  ✓ decks/pneumococcal  →  QR: https://edu.gwanggyobarun.com/decks/vaccines/pneumococcal/
      Notion updated: 336b8014-24d6-81c9-accd-dd3b347e7be4
  ✓ decks/vasovagal-syncope  →  QR: https://edu.gwanggyobarun.com/decks/cardio/vasovagal-syncope/
      Notion updated: 336b8014-24d6-81e4-88a6-dace03783f8e
  ✓ decks/microscopic-hematuria  →  QR: https://edu.gwanggyobarun.com/decks/uro/microscopic-hematuria/
      Notion updated: 336b8014-24d6-81f7-ad15-ebcd09c1f799
  ✓ decks/advanced-lipid-biomarkers  →  QR: https://edu.gwanggyobarun.com/decks/endocrine/advanced-lipid-biomarkers/
      Notion updated: 343b8014-24d6-8100-8b61-c4ee4f6ba862
  ✓ decks/chronic-constipation  →  QR: https://edu.gwanggyobarun.com/decks/gi/chronic-constipation/
      Notion updated: 343b8014-24d6-810b-a175-eabc0476c717
  ✓ decks/herpes-zoster  →  QR: https://edu.gwanggyobarun.com/decks/infectious/herpes-zoster/
      Notion updated: 343b8014-24d6-8152-97de-d22db56df5a4
  ✓ decks/post-infectious-cough  →  QR: https://edu.gwanggyobarun.com/decks/pulmo/post-infectious-cough/
      Notion updated: 343b8014-24d6-8156-b8e6-f7c5a938835c
  ✓ decks/osa  →  QR: https://edu.gwanggyobarun.com/decks/pulmo/osa/
      Notion updated: 343b8014-24d6-816b-bab0-ec4164760463
  ✓ decks/post-polypectomy  →  QR: https://edu.gwanggyobarun.com/decks/gi/post-polypectomy/
      Notion updated: 343b8014-24d6-8170-a823-c94ab1db6210
  ✓ decks/osteoporosis  →  QR: https://edu.gwanggyobarun.com/decks/endocrine/osteoporosis/
      Notion updated: 343b8014-24d6-8173-9b39-e46a4a2bd57b
  ✓ decks/influenza-antivirals  →  QR: https://edu.gwanggyobarun.com/decks/infectious/influenza-antivirals/
      Notion updated: 343b8014-24d6-81aa-aa45-c1f4c42d2942
  ✓ decks/pft  →  QR: https://edu.gwanggyobarun.com/decks/pulmo/pft/
      Notion updated: 343b8014-24d6-81b1-a7e1-c1453853c4f5
  ✓ decks/pft-interpretation  →  QR: https://edu.gwanggyobarun.com/decks/pulmo/pft-interpretation/
      Notion updated: 35db8014-24d6-81ec-891e-f681d4b1bbbd
  ✓ decks/ibs  →  QR: https://edu.gwanggyobarun.com/decks/gi/ibs/
      Notion updated: 343b8014-24d6-81b1-beb1-cb31aa9e1ed4
  ✓ decks/antihypertensive-classes  →  QR: https://edu.gwanggyobarun.com/decks/cardio/antihypertensive-classes/
      Notion updated: 343b8014-24d6-81ba-802b-e2c202272dbc
  ✓ decks/pneumococcal-comparison  →  QR: https://edu.gwanggyobarun.com/decks/vaccines/pneumococcal-comparison/
      Notion updated: 38bb8014-24d6-81bc-9c0b-f5f17fa80c54
  ✓ decks/chronic-urticaria  →  QR: https://edu.gwanggyobarun.com/decks/derm/chronic-urticaria/
      Notion updated: 343b8014-24d6-81de-bf56-df50c2d63d2e
  ✓ decks/young-male-hyperhidrosis  →  QR: https://edu.gwanggyobarun.com/decks/derm/young-male-hyperhidrosis/
      Notion updated: 38bb8014-24d6-812e-8d27-cd162158adf0
  ✓ decks/acute-gastroenteritis-diet  →  QR: https://edu.gwanggyobarun.com/decks/gi/acute-gastroenteritis-diet/
      Notion updated: 343b8014-24d6-81e1-ab32-f3fb8262d78a
  ✓ decks/asthma  →  QR: https://edu.gwanggyobarun.com/decks/pulmo/asthma/
      Notion updated: 343b8014-24d6-81f5-8943-dd50fa081a57
  ✓ decks/eye-cardiovascular  →  QR: https://edu.gwanggyobarun.com/decks/cardio/eye-cardiovascular/
  ⚠️  low-contrast: '· INFECTIOUS DISEASE' 1.0:1 (<4.5) — div.slide__chapter
  ⚠️  low-contrast: 'PATIENT EDUCATION' 1.4:1 (<4.5) — strong
  ⚠️  low-contrast: '3HP · 4R · 9H Regimens · Hepatot' 1.0:1 (<4.5) — span.slide__source
  ⚠️  low-contrast: '광교바른내과 일반내과' 1.0:1 (<4.5) — span.slide__page
  ⚠️  low-contrast: '권고 요법' 3.0:1 (<4.5) — div.stats3-cell__unit
  ⚠️  low-contrast: '구분' 3.0:1 (<4.5) — th
  ⚠️  low-contrast: '1차 권고' 3.0:1 (<4.5) — span.regimen-table__primary
  ⚠️  low-contrast: 'DRUG · 01' 3.0:1 (<4.5) — div.tile__index
  ⚠️  low-contrast: 'DRUG · 02' 3.0:1 (<4.5) — div.tile__index
  ⚠️  low-contrast: 'DRUG · 03' 3.0:1 (<4.5) — div.tile__index
  ⚠️  low-contrast: 'BASELINE' 2.8:1 (<4.5) — div.monitor-step__week
  ⚠️  low-contrast: 'WEEK 2–4' 3.0:1 (<4.5) — div.monitor-step__week
  ⚠️  low-contrast: 'MONTH 1–2' 3.0:1 (<4.5) — div.monitor-step__week
  ⚠️  low-contrast: 'MONTH 3+' 3.0:1 (<4.5) — div.monitor-step__week
  ⚠️  low-contrast: 'END' 3.0:1 (<4.5) — div.monitor-step__week
  ⚠️  low-contrast: 'RISK · 01' 3.0:1 (<4.5) — div.tile__index
  ⚠️  low-contrast: 'RISK · 02' 3.0:1 (<4.5) — div.tile__index
  ⚠️  low-contrast: 'RISK · 03' 3.0:1 (<4.5) — div.tile__index
  ⚠️  low-contrast: 'RISK · 04' 3.0:1 (<4.5) — div.tile__index
  ⚠️  low-contrast: 'RISK · 05' 3.0:1 (<4.5) — div.tile__index
  ⚠️  low-contrast: 'RISK · 06' 3.0:1 (<4.5) — div.tile__index
  ⚠️  low-contrast: 'INTERACTION · 01' 3.0:1 (<4.5) — div.tile__index
  ⚠️  low-contrast: 'INTERACTION · 02' 3.0:1 (<4.5) — div.tile__index
  ⚠️  low-contrast: 'INTERACTION · 03' 3.0:1 (<4.5) — div.tile__index
  ⚠️  low-contrast: 'INTERACTION · 04' 3.0:1 (<4.5) — div.tile__index
  ⚠️  low-contrast: 'INTERACTION · 05' 3.0:1 (<4.5) — div.tile__index
  ⚠️  low-contrast: '출산 후로 연기 가능 (Defer)' 3.0:1 (<4.5) — div.compare-col__header
  ⚠️  low-contrast: '+' 2.5:1 (<4.5) — span.compare-col__marker
  ⚠️  low-contrast: 'REFER · 01' 3.0:1 (<4.5) — div.tile__index
  ⚠️  low-contrast: 'REFER · 02' 3.0:1 (<4.5) — div.tile__index
  ⚠️  low-contrast: 'REFER · 03' 3.0:1 (<4.5) — div.tile__index
  ⚠️  low-contrast: 'REFER · 04' 3.0:1 (<4.5) — div.tile__index
  ⚠️  low-contrast: '01' 3.0:1 (<4.5) — div.check-item__num
  ⚠️  low-contrast: '02' 3.0:1 (<4.5) — div.check-item__num
  ⚠️  low-contrast: '03' 3.0:1 (<4.5) — div.check-item__num
  ⚠️  low-contrast: '04' 3.0:1 (<4.5) — div.check-item__num
  ⚠️  low-contrast: '05' 3.0:1 (<4.5) — div.check-item__num
  ⚠️  low-contrast: '06' 3.0:1 (<4.5) — div.check-item__num
  ⚠️  low-contrast: '07' 3.0:1 (<4.5) — div.check-item__num
  ⚠️  low-contrast: '08' 3.0:1 (<4.5) — div.check-item__num
  ⚠️  low-contrast: '· ENDOCRINOLOGY' 1.0:1 (<4.5) — div.slide__chapter
  ⚠️  low-contrast: 'PATIENT EDUCATION' 1.4:1 (<4.5) — strong
  ⚠️  low-contrast: 'Subacute Thyroiditis (de Quervai' 1.0:1 (<4.5) — span.slide__source
  ⚠️  low-contrast: '광교바른내과 일반내과' 1.0:1 (<4.5) — span.slide__page
  ⚠️  low-contrast: 'F : M ratio' 3.0:1 (<4.5) — div.stats3-cell__unit
  ⚠️  low-contrast: 'SYMPTOM · 01 · 96%' 3.0:1 (<4.5) — div.tile__index
  ⚠️  low-contrast: 'SYMPTOM · 02' 3.0:1 (<4.5) — div.tile__index
  ⚠️  low-contrast: 'SYMPTOM · 03 · 50%' 3.0:1 (<4.5) — div.tile__index
  ⚠️  low-contrast: 'SYMPTOM · 04' 3.0:1 (<4.5) — div.tile__index
  ⚠️  low-contrast: 'LAB · 01' 3.0:1 (<4.5) — div.tile__index
  ⚠️  low-contrast: 'LAB · 02' 3.0:1 (<4.5) — div.tile__index
  ⚠️  low-contrast: 'IMAGING · 03' 3.0:1 (<4.5) — div.tile__index
  ⚠️  low-contrast: 'IMAGING · 04' 3.0:1 (<4.5) — div.tile__index
  ⚠️  low-contrast: '그레이브스병 / 하시모토 갑상선염' 3.0:1 (<4.5) — div.compare-col__header
  ⚠️  low-contrast: '+' 2.5:1 (<4.5) — span.compare-col__marker
  ⚠️  low-contrast: 'DRUG · 01 · 1차 선택' 3.0:1 (<4.5) — div.tile__index
  ⚠️  low-contrast: 'DRUG · 02 · 심장 증상' 3.0:1 (<4.5) — div.tile__index
  ⚠️  low-contrast: 'DRUG · 03 · 위장 보호' 3.0:1 (<4.5) — div.tile__index
  ⚠️  low-contrast: 'DRUG · 04 · 효과 평가' 3.0:1 (<4.5) — div.tile__index
  ⚠️  low-contrast: '01' 3.0:1 (<4.5) — div.check-item__num
  ⚠️  low-contrast: '02' 3.0:1 (<4.5) — div.check-item__num
  ⚠️  low-contrast: '03' 3.0:1 (<4.5) — div.check-item__num
  ⚠️  low-contrast: '04' 3.0:1 (<4.5) — div.check-item__num
  ⚠️  low-contrast: '05' 3.0:1 (<4.5) — div.check-item__num
  ⚠️  low-contrast: '06' 3.0:1 (<4.5) — div.check-item__num
  ⚠️  low-contrast: '07' 3.0:1 (<4.5) — div.check-item__num
  ⚠️  low-contrast: '08' 3.0:1 (<4.5) — div.check-item__num
  ⚠️  decks/pediatric-abdominal-pain-diet: house-style advisory [deck_visual_count] deck: ai-visual 3장 < 4
  ⚠️  low-contrast: '· PAEDIATRIC GI' 1.0:1 (<4.5) — div.slide__chapter
  ⚠️  low-contrast: 'PATIENT EDUCATION' 1.4:1 (<4.5) — strong
  ⚠️  low-contrast: 'Functional Abdominal Pain · IBS ' 1.0:1 (<4.5) — span.slide__source
  ⚠️  low-contrast: '광교바른내과 소화기내과 · 보호자 설명 자료' 1.0:1 (<4.5) — span.slide__page
  ⚠️  low-contrast: 'Why reassurance comes first' 3.0:1 (<4.5) — div.pattern-hero-number__detail-label
  ⚠️  low-contrast: 'BURDEN · 01' 3.0:1 (<4.5) — div.tile__index
  ⚠️  low-contrast: 'BURDEN · 02' 3.0:1 (<4.5) — div.tile__index
  ⚠️  low-contrast: 'BURDEN · 03' 3.0:1 (<4.5) — div.tile__index
  ⚠️  low-contrast: 'BURDEN · 04' 3.0:1 (<4.5) — div.tile__index
  ⚠️  low-contrast: 'BURDEN · 05' 3.0:1 (<4.5) — div.tile__index
  ⚠️  low-contrast: 'BURDEN · 06' 3.0:1 (<4.5) — div.tile__index
  ⚠️  low-contrast: 'HABIT · 01' 3.0:1 (<4.5) — div.tile__index
  ⚠️  low-contrast: 'HABIT · 02' 2.8:1 (<4.5) — div.tile__index
  ⚠️  low-contrast: 'HABIT · 03' 3.0:1 (<4.5) — div.tile__index
  ⚠️  low-contrast: 'HABIT · 04' 3.0:1 (<4.5) — div.tile__index
  ⚠️  low-contrast: 'HABIT · 05' 3.0:1 (<4.5) — div.tile__index
  ⚠️  low-contrast: 'HABIT · 06' 3.0:1 (<4.5) — div.tile__index
  ⚠️  low-contrast: 'DIARY · 무엇을 적나' 3.0:1 (<4.5) — div.tile__index
  ⚠️  low-contrast: 'DIARY · 어떻게 활용' 2.8:1 (<4.5) — div.tile__index
  ⚠️  low-contrast: 'LIFESTYLE · 리듬' 3.0:1 (<4.5) — div.tile__index
  ⚠️  low-contrast: 'LIFESTYLE · 배변' 3.0:1 (<4.5) — div.tile__index
  ⚠️  low-contrast: '01' 3.0:1 (<4.5) — div.check-item__num
  ⚠️  low-contrast: '02' 3.0:1 (<4.5) — div.check-item__num
  ⚠️  low-contrast: '03' 3.0:1 (<4.5) — div.check-item__num
  ⚠️  low-contrast: '04' 3.0:1 (<4.5) — div.check-item__num
  ⚠️  low-contrast: '05' 3.0:1 (<4.5) — div.check-item__num
  ⚠️  low-contrast: '06' 3.0:1 (<4.5) — div.check-item__num
  ⚠️  low-contrast: '07' 3.0:1 (<4.5) — div.check-item__num
  ⚠️  low-contrast: '· ENDOCRINOLOGY' 1.0:1 (<4.5) — div.slide__chapter
  ⚠️  low-contrast: 'PATIENT EDUCATION' 1.4:1 (<4.5) — strong
  ⚠️  low-contrast: 'The Lancet 2026 · ACHIEVE-3 (PMI' 1.0:1 (<4.5) — span.slide__source
  ⚠️  low-contrast: '광교바른내과 일반내과' 1.0:1 (<4.5) — span.slide__page
  ⚠️  low-contrast: 'All dose pairs superior' 3.0:1 (<4.5) — div.pattern-hero-number__detail-label
  ⚠️  low-contrast: 'GI · 01' 3.0:1 (<4.5) — div.tile__index
  ⚠️  low-contrast: 'GI · 02' 3.0:1 (<4.5) — div.tile__index
  ⚠️  low-contrast: 'HEART · 04' 3.0:1 (<4.5) — div.tile__index
  ⚠️  low-contrast: 'CHECK · 05' 3.0:1 (<4.5) — div.tile__index
  ⚠️  low-contrast: 'TALK · 06' 3.0:1 (<4.5) — div.tile__index
  ⚠️  low-contrast: 'LIMIT · 01' 3.0:1 (<4.5) — div.tile__index
  ⚠️  low-contrast: 'LIMIT · 02' 3.0:1 (<4.5) — div.tile__index
  ⚠️  low-contrast: 'LIMIT · 03' 3.0:1 (<4.5) — div.tile__index
  ⚠️  low-contrast: 'LIMIT · 04' 3.0:1 (<4.5) — div.tile__index
  ⚠️  low-contrast: '1' 3.0:1 (<4.5) — div.check-item__num
  ⚠️  low-contrast: '2' 3.0:1 (<4.5) — div.check-item__num
  ⚠️  low-contrast: '3' 3.0:1 (<4.5) — div.check-item__num
  ⚠️  low-contrast: '4' 3.0:1 (<4.5) — div.check-item__num
  ⚠️  low-contrast: '5' 3.0:1 (<4.5) — div.check-item__num
  ⚠️  low-contrast: '6' 3.0:1 (<4.5) — div.check-item__num
  ⚠️  low-contrast: '7' 3.0:1 (<4.5) — div.check-item__num
  ⚠️  handouts/dyslipidemia-diet: house-style advisory [handout_table_min_count] handout: 표 0개 < 2
  ⚠️  low-contrast: '포화지방 상한' 4.4:1 (<4.5) — div.stat-cell__label
  ⚠️  low-contrast: '% 총열량 (≈ 13g/일)' 4.4:1 (<4.5) — div.stat-cell__unit
  ⚠️  low-contrast: '권장 · 오메가-3 & 단일불포화' 2.8:1 (<4.5) — div.card-label.card-label--steel
  ⚠️  low-contrast: '매일 실천 (Daily Routine)' 2.8:1 (<4.5) — div.card-label.card-label--steel
  ℹ️  preview dyslipidemia-diet-preview.png: 17347px > 16384px → 2조각 분할 캡처 후 이어붙임
  ⚠️  handouts/iron-deficiency-anemia-diet: house-style advisory [handout_table_min_count] handout: 표 0개 < 2
  ⚠️  low-contrast: '한국 가임기 여성 유병률' 4.4:1 (<4.5) — div.stat-cell__label
  ⚠️  low-contrast: '4명 중 1명 (KNHANES)' 4.4:1 (<4.5) — div.stat-cell__unit
  ⚠️  low-contrast: '진단 기준 (Hb)' 4.5:1 (<4.5) — div.stat-cell__label
  ⚠️  low-contrast: '여성 g/dL · 남성 <13' 4.5:1 (<4.5) — div.stat-cell__unit
  ⚠️  low-contrast: '헴철 (Heme Iron) · 흡수율 15~35%' 2.8:1 (<4.5) — div.card-label.card-label--steel
  ⚠️  low-contrast: '시너지 · 함께 드세요' 2.8:1 (<4.5) — div.card-label.card-label--steel
  ⚠️  low-contrast: '아침 · 7~8시' 2.8:1 (<4.5) — span.card-label.card-label--steel
  ⚠️  low-contrast: '점심 · 12~14시' 2.8:1 (<4.5) — span.card-label.card-label--steel
  ⚠️  low-contrast: '저녁 · 18~19시' 2.8:1 (<4.5) — span.card-label.card-label--steel
  ⚠️  low-contrast: '간식 · 식간' 2.8:1 (<4.5) — span.card-label.card-label--steel
  ℹ️  preview iron-deficiency-anemia-diet-preview.png: 17530px > 16384px → 2조각 분할 캡처 후 이어붙임
  ⚠️  handouts/magnesium-rich-foods: house-style advisory [handout_table_min_count] handout: 표 0개 < 2
  ⚠️  low-contrast: '1' 3.0:1 (<4.5) — div.mg-rank__no
  ⚠️  low-contrast: '2' 3.0:1 (<4.5) — div.mg-rank__no
  ⚠️  low-contrast: '3' 3.0:1 (<4.5) — div.mg-rank__no
  ⚠️  low-contrast: '4' 3.0:1 (<4.5) — div.mg-rank__no
  ⚠️  low-contrast: '5' 3.0:1 (<4.5) — div.mg-rank__no
  ⚠️  low-contrast: 'SEEDS · NUTS' 3.0:1 (<4.5) — small
  ⚠️  low-contrast: '~500' 3.0:1 (<4.5) — i
  ⚠️  low-contrast: '~335' 3.0:1 (<4.5) — i
  ⚠️  low-contrast: '~270' 3.0:1 (<4.5) — i
  ⚠️  low-contrast: '~260' 3.0:1 (<4.5) — i
  ⚠️  low-contrast: '~230' 3.0:1 (<4.5) — i
  ⚠️  low-contrast: '~170' 3.0:1 (<4.5) — i
  ⚠️  low-contrast: 'LEGUMES' 3.0:1 (<4.5) — small
  ⚠️  low-contrast: '~180~280' 3.0:1 (<4.5) — i
  ⚠️  low-contrast: '~60' 3.0:1 (<4.5) — i
  ⚠️  low-contrast: '~50' 3.0:1 (<4.5) — i
  ⚠️  low-contrast: '~35~50' 3.0:1 (<4.5) — i
  ⚠️  low-contrast: 'WHOLE GRAINS' 3.0:1 (<4.5) — small
  ⚠️  low-contrast: '~140~180' 3.0:1 (<4.5) — i
  ⚠️  low-contrast: '~40~45' 3.0:1 (<4.5) — i
  ⚠️  low-contrast: 'GREENS · FISH' 3.0:1 (<4.5) — small
  ⚠️  low-contrast: '~85' 3.0:1 (<4.5) — i
  ⚠️  low-contrast: '~80~95' 3.0:1 (<4.5) — i
  ⚠️  low-contrast: '~27~30' 3.0:1 (<4.5) — i
  ⚠️  low-contrast: '매우 높음' 3.0:1 (<4.5) — i
  ⚠️  low-contrast: '흡수를 높이려면' 2.8:1 (<4.5) — div.card-label.card-label--steel
  ⚠️  handouts/diabetes-diet: house-style advisory [handout_table_min_count] handout: 표 0개 < 2
  ⚠️  low-contrast: '탄수화물 1회분' 4.4:1 (<4.5) — div.stat-cell__label
  ⚠️  low-contrast: 'g / 끼 (밥 ⅔공기 수준)' 4.4:1 (<4.5) — div.stat-cell__unit
  ⚠️  low-contrast: '½ 접시 · 채소' 2.6:1 (<4.5) — div.card-label.card-label--steel
  ⚠️  low-contrast: '¼ 접시 · 단백질' 2.6:1 (<4.5) — div.card-label.card-label--steel
  ⚠️  low-contrast: '¼ 접시 · 탄수화물' 2.6:1 (<4.5) — div.card-label.card-label--steel
  ⚠️  low-contrast: '먹는 순서도 중요 — 순서로 먹으면 식후 혈당 피크가 더 ' 4.2:1 (<4.5) — div
  ⚠️  low-contrast: '권장 식품 · DO' 2.8:1 (<4.5) — div.card-label.card-label--steel
  ⚠️  low-contrast: '설탕 대체 감미료 (Sweeteners)' 2.8:1 (<4.5) — div.card-label.card-label--steel
  ⚠️  low-contrast: '간식·야식 전략 (Snacking)' 2.8:1 (<4.5) — div.card-label.card-label--steel
  ⚠️  low-contrast: '아침 ~45g' 2.8:1 (<4.5) — span.card-label.card-label--steel
  ⚠️  low-contrast: '점심 ~50g' 2.8:1 (<4.5) — span.card-label.card-label--steel
  ⚠️  low-contrast: '저녁 ~45g' 2.8:1 (<4.5) — span.card-label.card-label--steel
  ℹ️  preview diabetes-diet-preview.png: 17192px > 16384px → 2조각 분할 캡처 후 이어붙임
  ⚠️  handouts/diabetes-fruit-guide: house-style advisory [handout_table_min_count] handout: 표 0개 < 2
  ⚠️  low-contrast: '복숭아(백도)' 4.5:1 (<4.5) — div.stat-cell__label
  ⚠️  low-contrast: 'g 포도당 · 혈당 ↑' 4.5:1 (<4.5) — div.stat-cell__unit
  ⚠️  low-contrast: '단감 · 바나나' 4.4:1 (<4.5) — div.stat-cell__label
  ⚠️  low-contrast: 'g 포도당 · 혈당 ↑↑' 4.4:1 (<4.5) — div.stat-cell__unit
  ⚠️  low-contrast: '🟢 권장 — 안심' 2.6:1 (<4.5) — div.card-label.card-label--steel
  ⚠️  low-contrast: '🟡 양 조절 — 반 개·소량' 2.6:1 (<4.5) — div.card-label.card-label--steel
  ⚠️  low-contrast: '같은 과일이라도 결국 가 관건입니다. 이 신호등은 당지수(' 4.2:1 (<4.5) — div
  ⚠️  handouts/ibs-fodmap-diet: house-style advisory [handout_table_min_count] handout: 표 0개 < 2
  ⚠️  low-contrast: '1단계 제한기' 4.4:1 (<4.5) — div.stat-cell__label
  ⚠️  low-contrast: '주 (평생 아님!)' 4.4:1 (<4.5) — div.stat-cell__unit
  ⚠️  low-contrast: '만!' 2.8:1 (<4.5) — small
  ⚠️  low-contrast: '유연하게' 2.8:1 (<4.5) — small
  ⚠️  low-contrast: '매일 실천 수칙 7' 2.8:1 (<4.5) — div.card-label.card-label--steel
  ℹ️  preview ibs-fodmap-diet-preview.png: 16756px > 16384px → 2조각 분할 캡처 후 이어붙임
  ⚠️  handouts/hypertension-intake: house-style advisory [handout_table_min_count] handout: 표 0개 < 2
  ⚠️  handouts/colonoscopy-prep: house-style advisory [handout_table_min_count] handout: 표 0개 < 2
  ⚠️  low-contrast: '내원 시 준비물 & 도착' 2.8:1 (<4.5) — div.card-label.card-label--steel
  ⚠️  handouts/egd-prep: house-style advisory [handout_table_min_count] handout: 표 0개 < 2
  ⚠️  handouts/antithrombotic-pre-endoscopy: house-style advisory [handout_table_min_count] handout: 표 0개 < 2
  ⚠️  low-contrast: '항혈소판제 · 피가 엉기는 것을 막는 약' 2.8:1 (<4.5) — div.card-label.card-label--steel
  ⚠️  low-contrast: '항응고제 · 혈전 생성을 억제하는 약' 2.8:1 (<4.5) — div.card-label.card-label--steel
  ⚠️  low-contrast: '내원 전 준비' 2.8:1 (<4.5) — div.card-label.card-label--steel
  ⚠️  handouts/abdominal-ultrasound-prep: house-style advisory [handout_table_min_count] handout: 표 0개 < 2
  ⚠️  low-contrast: 'FASTING' 4.4:1 (<4.5) — div.stat-cell__label
  ⚠️  low-contrast: '완전 금식' 4.4:1 (<4.5) — div.stat-cell__unit
  ⚠️  low-contrast: 'DRINK' 4.5:1 (<4.5) — div.stat-cell__label
  ⚠️  low-contrast: '물·커피 포함' 4.5:1 (<4.5) — div.stat-cell__unit
  ⚠️  low-contrast: '검사 전날' 2.8:1 (<4.5) — div.card-label.card-label--steel
  ⚠️  low-contrast: '검사 후' 2.8:1 (<4.5) — div.card-label.card-label--steel
  ⚠️  handouts/gallbladder-polyp-followup: house-style advisory [handout_table_min_count] handout: 표 0개 < 2
  ⚠️  low-contrast: '관찰' 4.4:1 (<4.5) — span.pill.ok
  ⚠️  handouts/stomach-supplements-evidence: house-style advisory [handout_table_min_count] handout: 표 0개 < 2
  ⚠️  low-contrast: 'KABAGIN' 3.0:1 (<4.5) — small
  ⚠️  low-contrast: 'OHTA'S ISAN' 3.0:1 (<4.5) — small
  ⚠️  low-contrast: 'SELBELLE' 3.0:1 (<4.5) — small
  ⚠️  low-contrast: 'INOCEA' 3.0:1 (<4.5) — small
  ⚠️  low-contrast: 'URSO' 3.0:1 (<4.5) — small
  ⚠️  low-contrast: 'SEIROGAN' 3.0:1 (<4.5) — small
  ⚠️  low-contrast: '이런 분은 주의' 2.8:1 (<4.5) — div.card-label.card-label--steel
  ⚠️  handouts/bone-density-prep: house-style advisory [handout_table_min_count] handout: 표 0개 < 2
  ⚠️  low-contrast: '칼슘제' 4.4:1 (<4.5) — div.stat-cell__label
  ⚠️  low-contrast: '전부터 중단' 4.4:1 (<4.5) — div.stat-cell__unit
  ⚠️  low-contrast: '방사선량' 4.5:1 (<4.5) — div.stat-cell__label
  ⚠️  low-contrast: '흉부 X-ray의' 4.5:1 (<4.5) — div.stat-cell__unit
  ⚠️  low-contrast: '이런 분께 권고됩니다' 2.8:1 (<4.5) — div.card-label.card-label--steel
  ⚠️  handouts/bone-density-room-guide: house-style advisory [handout_table_min_count] handout: 표 0개 < 2
  ⚠️  low-contrast: '자세' 4.4:1 (<4.5) — div.stat-cell__label
  ⚠️  low-contrast: '천장 보고 눕기' 4.4:1 (<4.5) — div.stat-cell__unit
  ⚠️  low-contrast: '방사선량' 4.5:1 (<4.5) — div.stat-cell__label
  ⚠️  low-contrast: '흉부 X-ray의' 4.5:1 (<4.5) — div.stat-cell__unit
  ⚠️  low-contrast: '약 1분' 3.0:1 (<4.5) — div.stage-card__time
  ⚠️  low-contrast: '2~3분' 3.0:1 (<4.5) — div.stage-card__time
  ⚠️  low-contrast: '3~5분' 3.0:1 (<4.5) — div.stage-card__time
  ⚠️  low-contrast: '즉시 종료' 3.0:1 (<4.5) — div.stage-card__time
  ⚠️  handouts/pulmonary-function-test-prep: house-style advisory [handout_table_min_count] handout: 표 0개 < 2
  ⚠️  low-contrast: '한 번 부는 시간' 4.4:1 (<4.5) — div.stat-cell__label
  ⚠️  low-contrast: '끝까지 부세요' 4.4:1 (<4.5) — div.stat-cell__unit
  ⚠️  low-contrast: '코집게' 4.5:1 (<4.5) — div.stat-cell__label
  ⚠️  low-contrast: '코로 숨 새면 안 돼요' 4.5:1 (<4.5) — div.stat-cell__unit
  ⚠️  low-contrast: 'STEP 01' 2.8:1 (<4.5) — div.step-label__number
  ⚠️  low-contrast: 'STEP 02' 2.8:1 (<4.5) — div.step-label__number
  ⚠️  low-contrast: 'STEP 03' 2.8:1 (<4.5) — div.step-label__number
  ⚠️  low-contrast: 'STEP 04' 2.8:1 (<4.5) — div.step-label__number
  ⚠️  handouts/cold-return-visit: house-style advisory [handout_table_min_count] handout: 표 0개 < 2
  ⚠️  low-contrast: 'FEVER' 4.4:1 (<4.5) — div.alert-tile__kicker
  ⚠️  low-contrast: 'BREATH · CHEST' 4.4:1 (<4.5) — div.alert-tile__kicker
  ⚠️  low-contrast: '진료실 확인 항목 · CLINIC CHECK' 2.8:1 (<4.5) — div.card-label.card-label--steel
  ⚠️  low-contrast: '특히 이런 양상이면 내원 · SINUSITIS CHECK' 2.8:1 (<4.5) — div.card-label.card-label--steel
  ⚠️  handouts/abdominal-pain-appendicitis-red-flags: house-style advisory [handout_table_min_count] handout: 표 0개 < 2
  ⚠️  handouts/blood-draw-prep: house-style advisory [handout_table_min_count] handout: 표 0개 < 2
  ⚠️  low-contrast: '공복 시간' 4.4:1 (<4.5) — div.stat-cell__label
  ⚠️  low-contrast: '시간' 4.4:1 (<4.5) — div.stat-cell__unit
  ⚠️  low-contrast: '도착' 4.5:1 (<4.5) — div.stat-cell__label
  ⚠️  low-contrast: '분 안정 후' 4.5:1 (<4.5) — div.stat-cell__unit
  ⚠️  low-contrast: '검사 전날' 2.8:1 (<4.5) — div.card-label.card-label--steel
  ⚠️  low-contrast: '대체로 유지' 2.8:1 (<4.5) — div.card-label.card-label--steel
  ⚠️  handouts/blood-draw-aftercare: house-style advisory [handout_table_min_count] handout: 표 0개 < 2
  ⚠️  low-contrast: '압박 시간' 4.4:1 (<4.5) — div.stat-cell__label
  ⚠️  low-contrast: '이상 꾹 누르기' 4.4:1 (<4.5) — div.stat-cell__unit
  ⚠️  low-contrast: '금지' 4.5:1 (<4.5) — div.stat-cell__label
  ⚠️  low-contrast: '팔 굽히기 X' 4.5:1 (<4.5) — div.stat-cell__unit
  ⚠️  handouts/urine-collection: house-style advisory [handout_table_min_count] handout: 표 0개 < 2
  ⚠️  low-contrast: '제출' 4.5:1 (<4.5) — div.stat-cell__label
  ⚠️  low-contrast: '접수대 제출' 4.5:1 (<4.5) — div.stat-cell__unit
  ⚠️  low-contrast: '주의' 4.4:1 (<4.5) — div.stat-cell__label
  ⚠️  low-contrast: '뚜껑 안쪽 만지지 않기' 4.4:1 (<4.5) — div.stat-cell__unit
  ⚠️  low-contrast: '요로감염 의심 시' 2.8:1 (<4.5) — div.card-label.card-label--steel
  ⚠️  handouts/urine-collection-restroom: house-style advisory [handout_table_min_count] handout: 표 0개 < 2
  ⚠️  low-contrast: '컵 안쪽' 4.5:1 (<4.5) — div.stat-cell__label
  ⚠️  low-contrast: '손·피부 닿지 X' 4.5:1 (<4.5) — div.stat-cell__unit
  ⚠️  low-contrast: '두는 곳' 4.4:1 (<4.5) — div.stat-cell__label
  ⚠️  low-contrast: '표시된 자리' 4.4:1 (<4.5) — div.stat-cell__unit
  ⚠️  low-contrast: '받는 자세' 3.0:1 (<4.5) — div.image-caption.image-caption--accent
  ⚠️  low-contrast: '도움이 필요하시면' 2.6:1 (<4.5) — div.card-label.card-label--steel
  ⚠️  low-contrast: '↓' 3.0:1 (<4.5) — div.place-strip__icon
  ⚠️  low-contrast: '표시된 선반 위에 컵을 올려두신 뒤' 2.4:1 (<4.5) — strong
  ⚠️  low-contrast: '"소변 검사 끝났습니다"' 2.4:1 (<4.5) — strong
  ⚠️  handouts/fit-collection: house-style advisory [handout_table_min_count] handout: 표 0개 < 2
  ⚠️  low-contrast: '제출' 4.5:1 (<4.5) — div.stat-cell__label
  ⚠️  low-contrast: '가능하면 당일' 4.5:1 (<4.5) — div.stat-cell__unit
  ⚠️  low-contrast: '금지' 4.4:1 (<4.5) — div.stat-cell__label
  ⚠️  low-contrast: '물·소변 섞임' 4.4:1 (<4.5) — div.stat-cell__unit
  ⚠️  low-contrast: '자주 하는 실수' 2.8:1 (<4.5) — div.card-label.card-label--steel
  ⚠️  handouts/checkup-prep: house-style advisory [handout_table_min_count] handout: 표 0개 < 2
  ⚠️  low-contrast: '위내시경 (EGD)' 4.4:1 (<4.5) — div.stat-cell__label
  ⚠️  low-contrast: '시간 절대 금식 (물 X)' 4.4:1 (<4.5) — div.stat-cell__unit
  ⚠️  low-contrast: '3일 전 ~ 전날 · 3 Days Before' 2.8:1 (<4.5) — div.card-label.card-label--steel
  ⚠️  low-contrast: '내시경 추가 준비 · ENDOSCOPY PREP' 2.8:1 (<4.5) — div.card-label.card-label--steel
  ⚠️  handouts/post-egd: house-style advisory [handout_table_min_count] handout: 표 0개 < 2
  ⚠️  low-contrast: '복약 재개 (Medication Resumption)' 2.8:1 (<4.5) — div.card-label.card-label--steel
  ⚠️  handouts/hypertension-low-salt: house-style advisory [handout_table_min_count] handout: 표 0개 < 2
  ⚠️  low-contrast: '한국인 평균 섭취' 4.4:1 (<4.5) — div.stat-cell__label
  ⚠️  low-contrast: 'mg / 일 (목표의 1.6배)' 4.4:1 (<4.5) — div.stat-cell__unit
  ⚠️  low-contrast: '이렇게 하세요 · DO' 2.8:1 (<4.5) — div.card-label.card-label--steel
  ⚠️  low-contrast: '1주일 점진 감량 플랜' 2.8:1 (<4.5) — div.card-label.card-label--steel
  ⚠️  low-contrast: '아침 · ~400mg' 2.8:1 (<4.5) — span.card-label.card-label--steel
  ⚠️  low-contrast: '점심 · ~700mg' 2.8:1 (<4.5) — span.card-label.card-label--steel
  ⚠️  low-contrast: '저녁 · ~700mg' 2.8:1 (<4.5) — span.card-label.card-label--steel
  ⚠️  handouts/dyslipidemia-diet-exercise: house-style advisory [handout_table_min_count] handout: 표 0개 < 2
  ⚠️  low-contrast: '허리둘레 목표' 4.4:1 (<4.5) — div.stat-cell__label
  ⚠️  low-contrast: 'cm (남/여)' 4.4:1 (<4.5) — div.stat-cell__unit
  ⚠️  low-contrast: '유산소 운동 (Aerobic) · 주 5회 30분' 2.8:1 (<4.5) — div.card-label.card-label--steel
  ⚠️  low-contrast: '운동 전 자가 체크 · BEFORE' 2.8:1 (<4.5) — div.card-label.card-label--steel
  ℹ️  preview dyslipidemia-diet-exercise-preview.png: 18368px > 16384px → 2조각 분할 캡처 후 이어붙임
  ⚠️  handouts/post-colonoscopy: house-style advisory [handout_table_min_count] handout: 표 0개 < 2
  ⚠️  low-contrast: '결과 확인 · 복약 재개' 2.8:1 (<4.5) — div.card-label.card-label--steel
  ⚠️  handouts/post-polypectomy: house-style advisory [handout_table_min_count] handout: 표 0개 < 2
  ⚠️  low-contrast: '약물 재개 — 의사 지시 우선' 2.8:1 (<4.5) — div.card-label.card-label--steel
  ⚠️  handouts/post-polypectomy-clinic: house-style advisory [handout_table_min_count] handout: 표 0개 < 2
  ⚠️  handouts/post-colonoscopy-clean: house-style advisory [handout_table_min_count] handout: 표 0개 < 2
  ⚠️  low-contrast: '약물 재개 · 다음 검사' 2.8:1 (<4.5) — div.card-label.card-label--steel
  ⚠️  handouts/post-egd-clean: house-style advisory [handout_table_min_count] handout: 표 0개 < 2
  ⚠️  low-contrast: '약물 재개 · 다음 검사' 2.8:1 (<4.5) — div.card-label.card-label--steel
  ⚠️  handouts/post-egd-biopsy: house-style advisory [handout_table_min_count] handout: 표 0개 < 2
  ⚠️  low-contrast: '약물 재개 — 의사 지시 우선' 2.8:1 (<4.5) — div.card-label.card-label--steel
  ⚠️  handouts/glp1ra-pre-procedure: house-style advisory [handout_table_min_count] handout: 표 0개 < 2
  ⚠️  low-contrast: '매일 제제 · 리벨서스 / 빅토자 / 삭센다' 2.8:1 (<4.5) — div.card-label.card-label--steel
  ⚠️  low-contrast: '전날 24시간 음료 가이드' 2.8:1 (<4.5) — div.card-label.card-label--steel
  ⚠️  low-contrast: '검사 종류별 추가 안내' 2.8:1 (<4.5) — div.card-label.card-label--steel
  ⚠️  handouts/liver-enzyme-fatty-liver: house-style advisory [handout_table_min_count] handout: 표 0개 < 2
  ⚠️  low-contrast: 'GGT' 4.5:1 (<4.5) — div.stat-cell__label
  ⚠️  low-contrast: '술·약물 영향' 4.5:1 (<4.5) — div.stat-cell__unit
  ⚠️  low-contrast: '흔한 원인' 2.8:1 (<4.5) — div.card-label.card-label--steel
  ⚠️  low-contrast: '늘릴 것' 2.8:1 (<4.5) — div.card-label.card-label--steel
  ⚠️  handouts/egfr-proteinuria: house-style advisory [handout_table_min_count] handout: 표 0개 < 2
  ⚠️  low-contrast: 'eGFR' 4.5:1 (<4.5) — div.stat-cell__label
  ⚠️  low-contrast: '3개월 이상이면 CKD' 4.5:1 (<4.5) — div.stat-cell__unit
  ⚠️  low-contrast: 'uACR' 4.4:1 (<4.5) — div.stat-cell__label
  ⚠️  low-contrast: 'mg/g 추적' 4.4:1 (<4.5) — div.stat-cell__unit
  ⚠️  low-contrast: '일시적으로 나빠질 수 있는 경우' 2.8:1 (<4.5) — div.card-label.card-label--steel
  ⚠️  low-contrast: '관리할 것' 2.8:1 (<4.5) — div.card-label.card-label--steel
  ⚠️  handouts/thyroid-function: house-style advisory [handout_table_min_count] handout: 표 0개 < 2
  ⚠️  low-contrast: '항체' 4.5:1 (<4.5) — div.stat-cell__label
  ⚠️  low-contrast: '자가면역 확인' 4.5:1 (<4.5) — div.stat-cell__unit
  ⚠️  low-contrast: '기능저하 쪽 패턴' 2.8:1 (<4.5) — div.card-label.card-label--steel
  ⚠️  low-contrast: '다음 단계' 2.8:1 (<4.5) — div.card-label.card-label--steel
  ⚠️  handouts/allergy-mast: house-style advisory [handout_table_min_count] handout: 표 0개 < 2
  ⚠️  low-contrast: '무증상 양성' 4.5:1 (<4.5) — div.stat-cell__label
  ⚠️  low-contrast: '정상인 약 8~30%도 양성' 4.5:1 (<4.5) — div.stat-cell__unit
  ⚠️  low-contrast: '없음' 3.9:1 (<4.5) — div.lab-row__badge.lab-row__badge--none
  ⚠️  low-contrast: '결과 숫자에 대해' 2.8:1 (<4.5) — div.card-label.card-label--steel
  ⚠️  low-contrast: '증상이 있는 항목이라면' 2.8:1 (<4.5) — div.card-label.card-label--steel
  ⚠️  handouts/diabetes-intake: house-style advisory [handout_table_min_count] handout: 표 0개 < 2
  ⚠️  handouts/fit-positive: house-style advisory [handout_table_min_count] handout: 표 0개 < 2
  ⚠️  low-contrast: '권장 대장내시경 시점' 4.4:1 (<4.5) — div.stat-cell__label
  ⚠️  low-contrast: '개월 이내 (지연 금지)' 4.4:1 (<4.5) — div.stat-cell__unit
  ⚠️  low-contrast: '흔한 양성 원인 · COMMON CAUSES' 2.8:1 (<4.5) — div.card-label.card-label--steel
  ⚠️  low-contrast: '대장내시경 준비 체크리스트 · PREP' 2.8:1 (<4.5) — div.card-label.card-label--steel
  ⚠️  handouts/cvd-retinal-screening: house-style advisory [handout_table_min_count] handout: 표 0개 < 2
  ⚠️  low-contrast: '검사 정확도 비교 (Method Comparison)' 2.8:1 (<4.5) — div.card-label.card-label--steel
  ⚠️  low-contrast: '90%+' 1.3:1 (<4.5) — span.bar-row__value
  ℹ️  preview cvd-retinal-screening-preview.png: 17401px > 16384px → 2조각 분할 캡처 후 이어붙임
  ⚠️  handouts/glp1-intake: house-style advisory [handout_table_min_count] handout: 표 1개 < 2
  ⚠️  handouts/chronic-disease-intake: house-style advisory [handout_table_min_count] handout: 표 0개 < 2
  ⚠️  handouts/sglt2-precautions: house-style advisory [handout_table_min_count] handout: 표 0개 < 2
  ⚠️  low-contrast: '수술·시술 전 중단' 4.4:1 (<4.5) — div.stat-cell__label
  ⚠️  low-contrast: '일 전 (SSTOP rule)' 4.4:1 (<4.5) — div.stat-cell__unit
  ⚠️  low-contrast: '생식기 진균 감염 위험' 4.5:1 (<4.5) — div.stat-cell__label
  ⚠️  low-contrast: '배 ↑ (위생 관리 필수)' 4.5:1 (<4.5) — div.stat-cell__unit
  ⚠️  low-contrast: '신장에서 당 배출' 2.6:1 (<4.5) — div.card-label.card-label--steel
  ⚠️  low-contrast: '혈당·체중·혈압 동시 ↓' 2.6:1 (<4.5) — div.card-label.card-label--steel
  ⚠️  low-contrast: '심부전·신장 보호' 2.6:1 (<4.5) — div.card-label.card-label--steel
  ⚠️  low-contrast: '권장 행동 · DO' 2.8:1 (<4.5) — div.card-label.card-label--steel
  ⚠️  handouts/iron-supplement: house-style advisory [handout_table_min_count] handout: 표 0개 < 2
  ⚠️  low-contrast: '차·우유·제산제와 동시' 4.4:1 (<4.5) — div.stat-cell__label
  ⚠️  low-contrast: '최소 2시간 분리 권고' 4.4:1 (<4.5) — div.stat-cell__unit
  ⚠️  low-contrast: '흡수 부스터 · 함께 드세요' 2.8:1 (<4.5) — div.card-label.card-label--steel
      Notion updated: 343b8014-24d6-81fc-a56c-d477bc47ee01
  ✓ decks/ltbi-treatment  →  QR: https://edu.gwanggyobarun.com/decks/infectious/ltbi-treatment/
      Notion updated: 344b8014-24d6-8197-9eda-ce728da95b98
  ✓ decks/subacute-thyroiditis  →  QR: https://edu.gwanggyobarun.com/decks/endocrine/subacute-thyroiditis/
      Notion updated: 344b8014-24d6-81c6-9111-ce9f6bb755a1
  ✓ decks/pediatric-abdominal-pain-diet  →  QR: https://edu.gwanggyobarun.com/decks/gi/pediatric-abdominal-pain-diet/
      Notion updated: 3b6b8014-24d6-81fc-94ee-f6c5edaf429a
  ✓ decks/achieve3-oral-glp1  →  QR: https://edu.gwanggyobarun.com/decks/endocrine/achieve3-oral-glp1/
      Notion updated: 377b8014-24d6-8137-8aa4-e471bb1a90ce
  ✓ handouts/dyslipidemia-diet  →  QR: https://edu.gwanggyobarun.com/handouts/lifestyle/dyslipidemia-diet/
      Notion updated: 35bb8014-24d6-81ba-9e20-c31cee1ed426
  ✓ handouts/iron-deficiency-anemia-diet  →  QR: https://edu.gwanggyobarun.com/handouts/lifestyle/iron-deficiency-anemia-diet/
      Notion updated: 35bb8014-24d6-813c-98eb-e54c4118b19f
  ✓ handouts/magnesium-rich-foods  →  QR: https://edu.gwanggyobarun.com/handouts/lifestyle/magnesium-rich-foods/
      Notion updated: 390b8014-24d6-8108-93e9-df8f0f377223
  ✓ handouts/diabetes-diet  →  QR: https://edu.gwanggyobarun.com/handouts/lifestyle/diabetes-diet/
      Notion updated: 341b8014-24d6-8115-86c9-c488dd001a93
  ✓ handouts/diabetes-fruit-guide  →  QR: https://edu.gwanggyobarun.com/handouts/lifestyle/diabetes-fruit-guide/
      Notion updated: 399b8014-24d6-81a3-9192-c7538ef7b6c8
  ✓ handouts/ibs-fodmap-diet  →  QR: https://edu.gwanggyobarun.com/handouts/lifestyle/ibs-fodmap-diet/
      Notion updated: 377b8014-24d6-81d6-8229-f9e0d3d34932
  ✓ handouts/hypertension-intake  →  QR: https://edu.gwanggyobarun.com/handouts/forms/hypertension-intake/
  ✓ handouts/colonoscopy-prep  →  QR: https://edu.gwanggyobarun.com/handouts/endoscopy/colonoscopy-prep/
      Notion updated: 341b8014-24d6-8171-a015-fcedcf4f5b5d
  ✓ handouts/egd-prep  →  QR: https://edu.gwanggyobarun.com/handouts/endoscopy/egd-prep/
      Notion updated: 35eb8014-24d6-8106-be6b-e2cb4cfd3dc1
  ✓ handouts/antithrombotic-pre-endoscopy  →  QR: https://edu.gwanggyobarun.com/handouts/endoscopy/antithrombotic-pre-endoscopy/
      Notion updated: 35bb8014-24d6-8188-aa36-e5eeda8a1d79
  ✓ handouts/abdominal-ultrasound-prep  →  QR: https://edu.gwanggyobarun.com/handouts/imaging/abdominal-ultrasound-prep/
      Notion updated: 35bb8014-24d6-8187-ad22-f75697992c82
  ✓ handouts/gallbladder-polyp-followup  →  QR: https://edu.gwanggyobarun.com/handouts/gi/gallbladder-polyp-followup/
      Notion updated: 35eb8014-24d6-81d5-99f3-e5890e9d3f0c
  ✓ handouts/stomach-supplements-evidence  →  QR: https://edu.gwanggyobarun.com/handouts/gi/stomach-supplements-evidence/
      Notion updated: 398b8014-24d6-8177-8569-f8ba8cf103d8
  ✓ handouts/bone-density-prep  →  QR: https://edu.gwanggyobarun.com/handouts/imaging/bone-density-prep/
      Notion updated: 35bb8014-24d6-8194-a00f-c2630af3a55b
  ✓ handouts/bone-density-room-guide  →  QR: https://edu.gwanggyobarun.com/handouts/imaging/bone-density-room-guide/
      Notion updated: 35db8014-24d6-8118-87e3-f772f2efbc3a
  ✓ handouts/pulmonary-function-test-prep  →  QR: https://edu.gwanggyobarun.com/handouts/respiratory/pulmonary-function-test-prep/
      Notion updated: 35cb8014-24d6-8143-b11a-f171cebee4a5
  ✓ handouts/cold-return-visit  →  QR: https://edu.gwanggyobarun.com/handouts/respiratory/cold-return-visit/
      Notion updated: 35db8014-24d6-819c-bb67-c47fe7696303
  ✓ handouts/abdominal-pain-appendicitis-red-flags  →  QR: https://edu.gwanggyobarun.com/handouts/gi/abdominal-pain-appendicitis-red-flags/
      Notion updated: 35db8014-24d6-8128-a0db-fa205e3f3b90
  ✓ handouts/blood-draw-prep  →  QR: https://edu.gwanggyobarun.com/handouts/screening/blood-draw-prep/
      Notion updated: 35bb8014-24d6-81b9-8d84-fcd2f2ba9a7e
  ✓ handouts/blood-draw-aftercare  →  QR: https://edu.gwanggyobarun.com/handouts/screening/blood-draw-aftercare/
      Notion updated: 360b8014-24d6-81b5-8e81-d3cb33750e67
  ✓ handouts/urine-collection  →  QR: https://edu.gwanggyobarun.com/handouts/screening/urine-collection/
      Notion updated: 35bb8014-24d6-814a-8f7d-f653209841b0
  ✓ handouts/urine-collection-restroom  →  QR: https://edu.gwanggyobarun.com/handouts/screening/urine-collection-restroom/
      Notion updated: 360b8014-24d6-819c-b9a1-f93d5f25683f
  ✓ handouts/fit-collection  →  QR: https://edu.gwanggyobarun.com/handouts/screening/fit-collection/
      Notion updated: 35bb8014-24d6-81a0-be28-c0d9906c24d1
  ✓ handouts/checkup-prep  →  QR: https://edu.gwanggyobarun.com/handouts/screening/checkup-prep/
      Notion updated: 341b8014-24d6-8183-8a2d-c64a65b4d2f9
  ✓ handouts/post-egd  →  QR: https://edu.gwanggyobarun.com/handouts/endoscopy/post-egd/
  ✓ handouts/hypertension-low-salt  →  QR: https://edu.gwanggyobarun.com/handouts/lifestyle/hypertension-low-salt/
      Notion updated: 341b8014-24d6-818f-9cf0-c8e7fce9b1fe
  ✓ handouts/dyslipidemia-diet-exercise  →  QR: https://edu.gwanggyobarun.com/handouts/lifestyle/dyslipidemia-diet-exercise/
      Notion updated: 341b8014-24d6-8194-98d4-fe13ee29cdc1
  ✓ handouts/post-colonoscopy  →  QR: https://edu.gwanggyobarun.com/handouts/endoscopy/post-colonoscopy/
  ✓ handouts/post-polypectomy  →  QR: https://edu.gwanggyobarun.com/handouts/endoscopy/post-polypectomy/
      Notion updated: 361b8014-24d6-8185-86a8-cda46201a07a
  ✓ handouts/post-polypectomy-clinic  →  QR: https://edu.gwanggyobarun.com/handouts/endoscopy/post-polypectomy-clinic/
      Notion updated: 396b8014-24d6-81ca-b268-cb73c2288100
  ✓ handouts/post-colonoscopy-clean  →  QR: https://edu.gwanggyobarun.com/handouts/endoscopy/post-colonoscopy-clean/
      Notion updated: 361b8014-24d6-8139-a1de-c8a25b686cb2
  ✓ handouts/post-egd-clean  →  QR: https://edu.gwanggyobarun.com/handouts/endoscopy/post-egd-clean/
      Notion updated: 361b8014-24d6-8180-8837-e5f213dfd2e3
  ✓ handouts/post-egd-biopsy  →  QR: https://edu.gwanggyobarun.com/handouts/endoscopy/post-egd-biopsy/
      Notion updated: 361b8014-24d6-8137-9a04-cbb36e6ea70e
  ✓ handouts/glp1ra-pre-procedure  →  QR: https://edu.gwanggyobarun.com/handouts/endoscopy/glp1ra-pre-procedure/
      Notion updated: 35bb8014-24d6-81e0-984f-d3fe3dedd526
  ✓ handouts/liver-enzyme-fatty-liver  →  QR: https://edu.gwanggyobarun.com/handouts/results/liver-enzyme-fatty-liver/
      Notion updated: 35bb8014-24d6-811e-a423-dd7465b55a87
  ✓ handouts/egfr-proteinuria  →  QR: https://edu.gwanggyobarun.com/handouts/results/egfr-proteinuria/
      Notion updated: 35bb8014-24d6-8168-a39a-e991104c16a6
  ✓ handouts/thyroid-function  →  QR: https://edu.gwanggyobarun.com/handouts/results/thyroid-function/
      Notion updated: 35bb8014-24d6-81be-b66d-cdd9e5807920
  ✓ handouts/allergy-mast  →  QR: https://edu.gwanggyobarun.com/handouts/results/allergy-mast/
      Notion updated: 399b8014-24d6-8157-9b20-c0337c6cfdee
  ✓ handouts/diabetes-intake  →  QR: https://edu.gwanggyobarun.com/handouts/forms/diabetes-intake/
  ✓ handouts/fit-positive  →  QR: https://edu.gwanggyobarun.com/handouts/screening/fit-positive/
      Notion updated: 342b8014-24d6-819b-8a77-e408629962d7
  ✓ handouts/cvd-retinal-screening  →  QR: https://edu.gwanggyobarun.com/handouts/screening/cvd-retinal-screening/
      Notion updated: 368b8014-24d6-81d4-92ed-d8e90e5f4fee
  ✓ handouts/glp1-intake  →  QR: https://edu.gwanggyobarun.com/handouts/forms/glp1-intake/
  ✓ handouts/chronic-disease-intake  →  QR: https://edu.gwanggyobarun.com/handouts/forms/chronic-disease-intake/
      Notion updated: 34ab8014-24d6-8105-ad10-e0b09bff9013
  ✓ handouts/sglt2-precautions  →  QR: https://edu.gwanggyobarun.com/handouts/medication/sglt2-precautions/
      Notion updated: 35bb8014-24d6-8151-8339-e965e24dafe9
  ✓ handouts/iron-supplement  →  QR: https://edu.gwanggyobarun.com/handouts/medication/iron-supplement/
  ⚠️  handouts/creatine-guide: house-style advisory [handout_table_min_count] handout: 표 0개 < 2
  ⚠️  low-contrast: '초기 체중 증가' 4.5:1 (<4.5) — div.stat-cell__label
  ⚠️  low-contrast: '근육 내 저장 증가' 4.5:1 (<4.5) — div.stat-cell__unit
  ⚠️  low-contrast: '효과가 큰 경우' 2.8:1 (<4.5) — div.card-label.card-label--steel
  ⚠️  low-contrast: '흔한 변화와 오해' 2.8:1 (<4.5) — div.card-label.card-label--steel
  ⚠️  low-contrast: '검사 해석 팁' 2.8:1 (<4.5) — div.card-label.card-label--steel
  ⚠️  handouts/thyroid-hormone-taking: house-style advisory [handout_table_min_count] handout: 표 0개 < 2
  ⚠️  low-contrast: 'After Pill' 4.5:1 (<4.5) — div.rule-tile__label
  ⚠️  low-contrast: 'Separate' 4.5:1 (<4.5) — div.rule-tile__label
  ⚠️  low-contrast: '권장 행동 · DO' 2.8:1 (<4.5) — div.card-label.card-label--steel
  ⚠️  handouts/thyroid-nodule-followup: house-style advisory [handout_table_min_count] handout: 표 1개 < 2
  ⚠️  low-contrast: 'Core Message' 1.4:1 (<4.5) — div.label
  ⚠️  low-contrast: '좋은 모양은 지켜보고, 의심 모양은 기준 크기에서 확인합니' 1.0:1 (<4.5) — span
  ⚠️  low-contrast: 'Step 1' 2.8:1 (<4.5) — div.step
  ⚠️  low-contrast: 'Step 2' 2.8:1 (<4.5) — div.step
  ⚠️  low-contrast: 'Step 3' 2.8:1 (<4.5) — div.step
  ⚠️  low-contrast: '본 자료는 환자 설명용 안내문이며, 정확한 판단은 담당 진' 2.6:1 (<4.5) — div.disclaimer
  ⚠️  handouts/hyperprolactinemia-protocol: house-style advisory [handout_table_min_count] handout: 표 0개 < 2
  ⚠️  low-contrast: 'STEP 01' 2.8:1 (<4.5) — div.protocol-step__num
  ⚠️  low-contrast: 'STEP 02' 2.8:1 (<4.5) — div.protocol-step__num
  ⚠️  low-contrast: 'STEP 03' 2.8:1 (<4.5) — div.protocol-step__num
  ⚠️  low-contrast: 'STEP 04' 2.8:1 (<4.5) — div.protocol-step__num
  ⚠️  low-contrast: '재검 조건' 2.8:1 (<4.5) — div.card-label.card-label--steel
  ⚠️  low-contrast: '진료 때 준비하면 좋습니다' 2.8:1 (<4.5) — div.card-label.card-label--steel
  ⚠️  handouts/cgm-caresens365: house-style advisory [handout_table_min_count] handout: 표 0개 < 2
  ⚠️  low-contrast: '① 패턴' 2.8:1 (<4.5) — div.card-label
  ⚠️  low-contrast: '② 음식' 2.8:1 (<4.5) — div.card-label
  ⚠️  low-contrast: '③ 야간' 2.8:1 (<4.5) — div.card-label
  ⚠️  low-contrast: '④ 목표 범위 (TIR)' 2.8:1 (<4.5) — div.card-label
  ⚠️  low-contrast: '가리고' 2.8:1 (<4.5) — em
  ⚠️  low-contrast: 'CGM 14-DAY · 비급여' 1.4:1 (<4.5) — div.cta-label
  ⚠️  low-contrast: '85,000' 1.0:1 (<4.5) — div.cta-price
  ⚠️  low-contrast: '원' 1.0:1 (<4.5) — span.cta-unit
  ⚠️  low-contrast: '14일 센서 1회 · 결과 상담 포함' 1.0:1 (<4.5) — div.cta-meta
  ⚠️  low-contrast: '다음 진료 때 라고 말씀해 주세요.' 1.0:1 (<4.5) — div.cta-script
  ⚠️  low-contrast: '“케어센스 365 한 번 해보고 싶어요”' 1.0:1 (<4.5) — strong
  ⚠️  handouts/fasting-glucose: house-style advisory [handout_table_min_count] handout: 표 0개 < 2
  ⚠️  low-contrast: '흔한 오해' 2.8:1 (<4.5) — div.card-label.card-label--steel
  ⚠️  handouts/joint-supplements: house-style advisory [handout_table_min_count] handout: 표 0개 < 2
  ⚠️  low-contrast: '안전하게 드시는 4가지 수칙' 2.8:1 (<4.5) — div.card-label.card-label--steel
  ⚠️  handouts/mbp-bone-joint-evidence: house-style advisory [handout_table_min_count] handout: 표 0개 < 2
  ⚠️  handouts/mbp-bone-joint-evidence: house-style advisory [handout_body_image_min_count] handout: 본문 사진 0장 < 1
  ⚠️  low-contrast: '성분 정체' 2.8:1 (<4.5) — div.card-label.card-label--steel
  ⚠️  low-contrast: '근거 없음' 4.2:1 (<4.5) — span.badge.badge--none
  ⚠️  low-contrast: '알레르기 · 유당불내증' 2.8:1 (<4.5) — div.card-label.card-label--steel
  ⚠️  low-contrast: '임상 접근: 뼈 건강 목적 단기 시도는 허용 가능. 단 관' 4.2:1 (<4.5) — p.src-note
  ⚠️  handouts/nasal-spray-allergic-rhinitis: house-style advisory [handout_table_min_count] handout: 표 0개 < 2
  ⚠️  low-contrast: '✓ 올바른 자세 · 턱 살짝 당기기' 2.6:1 (<4.5) — div.card-label.card-label--steel
  ⚠️  low-contrast: 'STEP 2 · 같은 쪽 눈 방향으로' 2.8:1 (<4.5) — div.card-label.card-label--steel
  ⚠️  low-contrast: 'STEP 3 · 분사 후 살짝 흡입' 2.8:1 (<4.5) — div.card-label.card-label--steel
  ⚠️  low-contrast: 'STEP 4 · 매일 같은 시간에' 2.8:1 (<4.5) — div.card-label.card-label--steel
  ⚠️  low-contrast: '뿌리기 전에 · Preparation' 2.6:1 (<4.5) — div.card-label.card-label--steel
  ⚠️  low-contrast: '알아두세요 · FAQ' 2.8:1 (<4.5) — div.card-label.card-label--steel
  ⚠️  handouts/symbicort-inhaler-technique: house-style advisory [handout_table_min_count] handout: 표 0개 < 2
  ⚠️  low-contrast: 'Shake' 2.8:1 (<4.5) — span.en
  ⚠️  low-contrast: 'Breathe Out' 2.8:1 (<4.5) — span.en
  ⚠️  low-contrast: 'Inhale & Actuate' 2.8:1 (<4.5) — span.en
  ⚠️  low-contrast: 'Hold Breath' 2.8:1 (<4.5) — span.en
  ⚠️  low-contrast: 'Rinse' 2.6:1 (<4.5) — span.en
  ⚠️  low-contrast: 'Clean' 2.8:1 (<4.5) — span.en
  ℹ️  preview symbicort-inhaler-technique-preview.png: 18727px > 16384px → 2조각 분할 캡처 후 이어붙임
  ⚠️  handouts/htn-why-start: house-style advisory [handout_table_min_count] handout: 표 0개 < 2
  ⚠️  low-contrast: '미치료 5년 시 뇌졸중 위험' 4.4:1 (<4.5) — div.stat-cell__label
  ⚠️  low-contrast: '배 ↑ (정상혈압 대비)' 4.4:1 (<4.5) — div.stat-cell__unit
  ⚠️  low-contrast: '근거 있는 접근 · FACT' 2.8:1 (<4.5) — div.card-label.card-label--steel
  ⚠️  low-contrast: 'STEP 1 · 0~3개월' 3.0:1 (<4.5) — div.roadmap__phase
  ⚠️  low-contrast: 'STEP 2 · 3~12개월' 3.0:1 (<4.5) — div.roadmap__phase
  ⚠️  low-contrast: 'STEP 3 · 1년 이상' 3.0:1 (<4.5) — div.roadmap__phase
  ⚠️  handouts/insulin-start: house-style advisory [handout_table_min_count] handout: 표 0개 < 2
  ⚠️  low-contrast: '증량 기준' 4.4:1 (<4.5) — div.stat-cell__label
  ⚠️  low-contrast: 'mg/dL × 3~4일 연속 시 +2단위' 4.4:1 (<4.5) — div.stat-cell__unit
  ⚠️  low-contrast: '1. 냉장 → 상온 (30분 전)' 2.6:1 (<4.5) — div.card-label.card-label--steel
  ⚠️  low-contrast: '2. 알코올 소독 + 완전 건조' 2.6:1 (<4.5) — div.card-label.card-label--steel
  ⚠️  low-contrast: '3. 피부 집고 90° 직각' 2.6:1 (<4.5) — div.card-label.card-label--steel
  ⚠️  low-contrast: '권장 부위 · DO (피하 지방이 두꺼운 곳)' 2.8:1 (<4.5) — div.card-label.card-label--steel
  ⚠️  handouts/hand-eczema-steroid-potency: house-style advisory [handout_table_min_count] handout: 표 0개 < 2
  ⚠️  low-contrast: '두꺼운 손바닥' 4.4:1 (<4.5) — div.stat-cell__label
  ⚠️  low-contrast: '급성·각화 병변' 4.4:1 (<4.5) — div.stat-cell__unit
  ⚠️  low-contrast: '손등·굴측' 4.5:1 (<4.5) — div.stat-cell__label
  ⚠️  low-contrast: '중등도부터' 4.5:1 (<4.5) — div.stat-cell__unit
  ⚠️  low-contrast: '4중등도' 3.0:1 (<4.5) — div.tier.tier--mid
  ⚠️  low-contrast: '장벽 회복' 2.6:1 (<4.5) — div.card-label.card-label--steel
  ⚠️  low-contrast: '자극 차단' 2.8:1 (<4.5) — div.card-label.card-label--steel
  ⚠️  handouts/antihypertensive-strength: house-style advisory [handout_table_min_count] handout: 표 0개 < 2
  ⚠️  handouts/antihypertensive-strength: house-style advisory [handout_body_image_min_count] handout: 본문 사진 0장 < 1
  ⚠️  low-contrast: '가장 강한 ARB' 4.4:1 (<4.5) — div.stat-cell__label
  ⚠️  low-contrast: '이달비 · 직접비교 최강' 4.4:1 (<4.5) — div.stat-cell__unit
  ⚠️  low-contrast: '통풍·고요산이면' 4.5:1 (<4.5) — div.stat-cell__label
  ⚠️  low-contrast: '요산도 함께 ↓' 4.5:1 (<4.5) — div.stat-cell__unit
  ⚠️  low-contrast: '임신 중에는' 4.4:1 (<4.5) — div.stat-cell__label
  ⚠️  low-contrast: 'ACEi·ARB는 금기' 4.4:1 (<4.5) — div.stat-cell__unit
  ⚠️  low-contrast: '~11' 3.0:1 (<4.5) — span.br-val
  ⚠️  low-contrast: '~10' 3.0:1 (<4.5) — span.br-val
  ⚠️  low-contrast: '~8' 3.0:1 (<4.5) — span.br-val
  ⚠️  low-contrast: '6~8' 3.0:1 (<4.5) — span.br-val
  ⚠️  low-contrast: '~6' 3.0:1 (<4.5) — span.br-val
  ⚠️  low-contrast: '→' 3.0:1 (<4.5) — span.arrow
  ℹ️  preview antihypertensive-strength-preview.png: 16691px > 16384px → 2조각 분할 캡처 후 이어붙임
  ⚠️  handouts/diabetes-drug-strength: house-style advisory [handout_table_min_count] handout: 표 0개 < 2
  ⚠️  handouts/diabetes-drug-strength: house-style advisory [handout_body_image_min_count] handout: 본문 사진 0장 < 1
  ⚠️  low-contrast: '가장 강력 (혈당↓)' 4.4:1 (<4.5) — div.stat-cell__label
  ⚠️  low-contrast: 'A1C 최대 ~2% ↓ + 체중감소' 4.4:1 (<4.5) — div.stat-cell__unit
  ⚠️  low-contrast: '기저 A1C 높을수록' 4.5:1 (<4.5) — div.stat-cell__label
  ⚠️  low-contrast: '9%대는 표보다 크게 감소' 4.5:1 (<4.5) — div.stat-cell__unit
  ⚠️  low-contrast: '1.0~1.5% ↓' 3.0:1 (<4.5) — span.eff-val
  ⚠️  low-contrast: '1.0~1.4% ↓' 3.0:1 (<4.5) — span.eff-val
  ⚠️  low-contrast: '0.6~0.9% ↓' 3.0:1 (<4.5) — span.eff-val
  ⚠️  low-contrast: '0.5~0.8% ↓' 3.0:1 (<4.5) — span.eff-val
  ⚠️  low-contrast: '~0.7%' 3.0:1 (<4.5) — span.br-val
  ⚠️  low-contrast: '~0.65%' 3.0:1 (<4.5) — span.br-val
  ⚠️  low-contrast: '~0.6%' 3.0:1 (<4.5) — span.br-val
  ⚠️  handouts/statin-ldl-strength: house-style advisory [handout_table_min_count] handout: 표 0개 < 2
  ⚠️  handouts/statin-ldl-strength: house-style advisory [handout_body_image_min_count] handout: 본문 사진 0장 < 1
  ⚠️  low-contrast: '고강도 (강한 약)' 4.4:1 (<4.5) — div.stat-cell__label
  ⚠️  low-contrast: 'LDL 감소 — 로수바·아토르바 고용량' 4.4:1 (<4.5) — div.stat-cell__unit
  ⚠️  low-contrast: '중강도' 4.5:1 (<4.5) — div.stat-cell__label
  ⚠️  low-contrast: '대부분의 표준 용량' 4.5:1 (<4.5) — div.stat-cell__unit
  ⚠️  low-contrast: '46% ↓' 3.0:1 (<4.5) — span.eff-val
  ⚠️  low-contrast: '43% ↓' 3.0:1 (<4.5) — span.eff-val
  ⚠️  low-contrast: '~41% ↓' 3.0:1 (<4.5) — span.eff-val
  ⚠️  low-contrast: '39% ↓' 3.0:1 (<4.5) — span.eff-val
  ⚠️  low-contrast: '37% ↓' 3.0:1 (<4.5) — span.eff-val
  ⚠️  low-contrast: '30% ↓' 3.0:1 (<4.5) — span.eff-val
  ⚠️  low-contrast: '(IMPROVE-IT 2015)' 4.2:1 (<4.5) — span
  ⚠️  handouts/cyclosporine-statin-ezetimibe-safety: house-style advisory [handout_table_min_count] handout: 표 0개 < 2
  ⚠️  low-contrast: '· NEUROLOGY' 1.0:1 (<4.5) — div.slide__chapter
  ⚠️  low-contrast: 'PATIENT EDUCATION' 1.4:1 (<4.5) — strong
  ⚠️  low-contrast: 'Migraine · ICHD-3 · 국제두통학회 진단기준 ' 1.0:1 (<4.5) — span.slide__source
  ⚠️  low-contrast: '광교바른내과 일반내과' 1.0:1 (<4.5) — span.slide__page
  ⚠️  low-contrast: 'Why it matters' 3.0:1 (<4.5) — div.pattern-hero-number__detail-label
  ⚠️  low-contrast: 'PATTERN · 01' 2.8:1 (<4.5) — div.tile__index
  ⚠️  low-contrast: 'PATTERN · 02' 2.8:1 (<4.5) — div.tile__index
  ⚠️  low-contrast: 'PATTERN · 03' 3.0:1 (<4.5) — div.tile__index
  ⚠️  low-contrast: 'PATTERN · 04' 3.0:1 (<4.5) — div.tile__index
  ⚠️  low-contrast: 'CLUE · 01' 3.0:1 (<4.5) — div.tile__index
  ⚠️  low-contrast: 'CLUE · 02' 3.0:1 (<4.5) — div.tile__index
  ⚠️  low-contrast: 'CLUE · 03' 2.8:1 (<4.5) — div.tile__index
  ⚠️  low-contrast: 'CLUE · 04' 3.0:1 (<4.5) — div.tile__index
  ⚠️  low-contrast: 'CLUE · 05' 3.0:1 (<4.5) — div.tile__index
  ⚠️  low-contrast: 'CLUE · 06' 3.0:1 (<4.5) — div.tile__index
  ⚠️  low-contrast: 'TRIGGER · 01' 3.0:1 (<4.5) — div.tile__index
  ⚠️  low-contrast: 'TRIGGER · 02' 3.0:1 (<4.5) — div.tile__index
  ⚠️  low-contrast: 'TRIGGER · 03' 3.0:1 (<4.5) — div.tile__index
  ⚠️  low-contrast: 'TRIGGER · 04' 2.8:1 (<4.5) — div.tile__index
  ⚠️  low-contrast: 'TRIGGER · 05' 3.0:1 (<4.5) — div.tile__index
  ⚠️  low-contrast: 'TRIGGER · 06' 3.0:1 (<4.5) — div.tile__index
  ⚠️  low-contrast: 'ACUTE · 01' 3.0:1 (<4.5) — div.tile__index
  ⚠️  low-contrast: 'ACUTE · 02' 2.8:1 (<4.5) — div.tile__index
  ⚠️  low-contrast: 'ACUTE · 03' 3.0:1 (<4.5) — div.tile__index
  ⚠️  low-contrast: 'PREVENT' 3.0:1 (<4.5) — div.tile__index
  ⚠️  low-contrast: '01' 3.0:1 (<4.5) — div.check-item__num
  ⚠️  low-contrast: '02' 3.0:1 (<4.5) — div.check-item__num
  ⚠️  low-contrast: '03' 3.0:1 (<4.5) — div.check-item__num
  ⚠️  low-contrast: '04' 3.0:1 (<4.5) — div.check-item__num
  ⚠️  low-contrast: '05' 3.0:1 (<4.5) — div.check-item__num
  ⚠️  low-contrast: '06' 3.0:1 (<4.5) — div.check-item__num
  ⚠️  low-contrast: '07' 3.0:1 (<4.5) — div.check-item__num
  ⚠️  low-contrast: 'CLINICIAN BRIEF · NOCTURNAL LEG ' 1.0:1 (<4.5) — div.slide__chapter
  ⚠️  low-contrast: '광교바른내과 · 의료진 학습자료 · ⚠️ 교육·참고용 — ' 1.0:1 (<4.5) — span.slide__source
  ⚠️  low-contrast: '01 / 14' 1.0:1 (<4.5) — span.slide__page
  ⚠️  low-contrast: 'CHAPTER 01 · DEFINITION' 2.6:1 (<4.5) — div.v2-chapter
  ⚠️  low-contrast: '광교바른내과 · 의료진 학습자료 · ⚠️ 교육·참고용 — ' 2.6:1 (<4.5) — div.v2-foot.v2-foot--l
  ⚠️  low-contrast: '02 / 14' 2.6:1 (<4.5) — div.v2-foot.v2-foot--r
  ⚠️  low-contrast: 'CHAPTER 02 · PATHOPHYSIOLOGY' 2.6:1 (<4.5) — div.v2-chapter
  ⚠️  low-contrast: '03 / 14' 2.6:1 (<4.5) — div.v2-foot.v2-foot--r
  ⚠️  low-contrast: 'CHAPTER 03 · RED FLAGS' 2.6:1 (<4.5) — div.v2-chapter
  ⚠️  low-contrast: '04 / 14' 2.6:1 (<4.5) — div.v2-foot.v2-foot--r
  ⚠️  low-contrast: 'CHAPTER 04 · SECONDARY' 2.6:1 (<4.5) — div.v2-chapter
  ⚠️  low-contrast: '05 / 14' 2.6:1 (<4.5) — div.v2-foot.v2-foot--r
  ⚠️  low-contrast: 'CHAPTER 05 · WORKUP' 2.6:1 (<4.5) — div.v2-chapter
  ⚠️  low-contrast: '06 / 14' 2.6:1 (<4.5) — div.v2-foot.v2-foot--r
  ⚠️  low-contrast: 'CHAPTER 06 · FIRST LINE' 2.6:1 (<4.5) — div.v2-chapter
  ⚠️  low-contrast: '07 / 14' 2.6:1 (<4.5) — div.v2-foot.v2-foot--r
  ⚠️  low-contrast: 'CHAPTER 07 · POSTURE' 2.6:1 (<4.5) — div.v2-chapter
  ⚠️  low-contrast: '08 / 14' 2.6:1 (<4.5) — div.v2-foot.v2-foot--r
  ⚠️  low-contrast: 'CHAPTER 08 · MAGNESIUM' 2.6:1 (<4.5) — div.v2-chapter
  ⚠️  low-contrast: '09 / 14' 2.6:1 (<4.5) — div.v2-foot.v2-foot--r
  ⚠️  low-contrast: 'CHAPTER 09 · PHARMACOLOGY' 2.6:1 (<4.5) — div.v2-chapter
  ⚠️  low-contrast: '10 / 14' 2.6:1 (<4.5) — div.v2-foot.v2-foot--r
  ⚠️  low-contrast: 'CHAPTER 10 · ACUTE' 2.6:1 (<4.5) — div.v2-chapter
  ⚠️  low-contrast: '11 / 14' 2.6:1 (<4.5) — div.v2-foot.v2-foot--r
  ⚠️  low-contrast: 'CHAPTER 11 · SPECIAL' 2.6:1 (<4.5) — div.v2-chapter
  ⚠️  low-contrast: '권고' 4.4:1 (<4.5) — b
  ⚠️  low-contrast: '12 / 14' 2.6:1 (<4.5) — div.v2-foot.v2-foot--r
  ⚠️  low-contrast: 'CHAPTER 12 · SUMMARY' 2.6:1 (<4.5) — div.v2-chapter
  ⚠️  low-contrast: '13 / 14' 2.6:1 (<4.5) — div.v2-foot.v2-foot--r
  ⚠️  low-contrast: 'CLOSING' 2.6:1 (<4.5) — div.v2-chapter
  ⚠️  low-contrast: '14 / 14' 2.6:1 (<4.5) — div.v2-foot.v2-foot--r
  ⚠️  decks/glp1-blood-pressure-clinician: house-style advisory [v2_visual_count] deck v2: v2-fig__img 0개 < 4
  ⚠️  decks/glp1-blood-pressure-clinician: house-style advisory [v2_thin_body] deck v2: thin .v2-body 슬라이드 #2(0자)
  ⚠️  decks/glp1-blood-pressure-clinician: house-style advisory [v2_thin_body] deck v2: thin .v2-body 슬라이드 #4(0자)
  ⚠️  decks/glp1-blood-pressure-clinician: house-style advisory [v2_thin_body] deck v2: thin .v2-body 슬라이드 #6(0자)
  ⚠️  decks/glp1-blood-pressure-clinician: house-style advisory [v2_thin_body] deck v2: thin .v2-body 슬라이드 #11(77자)
  ⚠️  decks/glp1-blood-pressure-clinician: house-style advisory [v2_thin_body] deck v2: thin .v2-body 슬라이드 #13(0자)
  ⚠️  low-contrast: 'CLINICIAN BRIEF · GLP-1 RA & BLO' 1.0:1 (<4.5) — div.slide__chapter
  ⚠️  low-contrast: '광교바른내과 · 의료진 학습자료 · ⚠️ 교육·참고용 — ' 1.0:1 (<4.5) — span.slide__source
  ⚠️  low-contrast: '01 / 15' 1.0:1 (<4.5) — span.slide__page
  ⚠️  low-contrast: 'CLINICIAN BRIEF · GLP-1 RA & BLO' 2.6:1 (<4.5) — div.v2-chapter
  ⚠️  low-contrast: '광교바른내과 · 의료진 학습자료 · ⚠️ 교육·참고용 — ' 2.6:1 (<4.5) — div.v2-foot.v2-foot--l
  ⚠️  low-contrast: '02 / 15' 2.6:1 (<4.5) — div.v2-foot.v2-foot--r
  ⚠️  low-contrast: 'CHAPTER 01 · CONCLUSION' 2.6:1 (<4.5) — div.v2-chapter
  ⚠️  low-contrast: '03 / 15' 2.6:1 (<4.5) — div.v2-foot.v2-foot--r
  ⚠️  low-contrast: 'CHAPTER 02 · EVIDENCE' 2.6:1 (<4.5) — div.v2-chapter
  ⚠️  low-contrast: '04 / 15' 2.6:1 (<4.5) — div.v2-foot.v2-foot--r
  ⚠️  low-contrast: 'CHAPTER 03 · MISREADING' 2.6:1 (<4.5) — div.v2-chapter
  ⚠️  low-contrast: '05 / 15' 2.6:1 (<4.5) — div.v2-foot.v2-foot--r
  ⚠️  low-contrast: 'CHAPTER 04 · GRADE · Cochrane 20' 2.6:1 (<4.5) — div.v2-chapter
  ⚠️  low-contrast: '06 / 15' 2.6:1 (<4.5) — div.v2-foot.v2-foot--r
  ⚠️  low-contrast: '07 / 15' 2.6:1 (<4.5) — div.v2-foot.v2-foot--r
  ⚠️  low-contrast: 'CHAPTER 05 · RED FLAG' 2.6:1 (<4.5) — div.v2-chapter
  ⚠️  low-contrast: '08 / 15' 2.6:1 (<4.5) — div.v2-foot.v2-foot--r
  ⚠️  low-contrast: '09 / 15' 2.6:1 (<4.5) — div.v2-foot.v2-foot--r
  ⚠️  low-contrast: 'CHAPTER 06 · PEARL' 2.6:1 (<4.5) — div.v2-chapter
  ⚠️  low-contrast: '10 / 15' 2.6:1 (<4.5) — div.v2-foot.v2-foot--r
  ⚠️  low-contrast: '11 / 15' 2.6:1 (<4.5) — div.v2-foot.v2-foot--r
  ⚠️  low-contrast: 'CHAPTER 07 · CASE' 2.6:1 (<4.5) — div.v2-chapter
  ⚠️  low-contrast: '12 / 15' 2.6:1 (<4.5) — div.v2-foot.v2-foot--r
  ⚠️  low-contrast: 'CHAPTER 08 · LIMITS' 2.6:1 (<4.5) — div.v2-chapter
  ⚠️  low-contrast: '13 / 15' 2.6:1 (<4.5) — div.v2-foot.v2-foot--r
  ⚠️  low-contrast: 'CHAPTER 09 · REFERENCES' 2.6:1 (<4.5) — div.v2-chapter
  ⚠️  low-contrast: '14 / 15' 2.6:1 (<4.5) — div.v2-foot.v2-foot--r
  ⚠️  low-contrast: 'CHAPTER 10 · REVISIT' 2.6:1 (<4.5) — div.v2-chapter
  ⚠️  low-contrast: '15 / 15' 2.6:1 (<4.5) — div.v2-foot.v2-foot--r
  ⚠️  decks/mronj-clinician: house-style advisory [v2_thin_body] deck v2: thin .v2-body 슬라이드 #2(0자)
  ⚠️  decks/mronj-clinician: house-style advisory [v2_thin_body] deck v2: thin .v2-body 슬라이드 #6(0자)
  ⚠️  decks/mronj-clinician: house-style advisory [v2_thin_body] deck v2: thin .v2-body 슬라이드 #9(0자)
  ⚠️  decks/mronj-clinician: house-style advisory [v2_thin_body] deck v2: thin .v2-body 슬라이드 #12(0자)
  ⚠️  decks/mronj-clinician: house-style advisory [v2_thin_body] deck v2: thin .v2-body 슬라이드 #19(0자)
  ⚠️  decks/mronj-clinician: house-style advisory [v2_thin_body] deck v2: thin .v2-body 슬라이드 #21(0자)
  ⚠️  decks/mronj-clinician: house-style advisory [v2_thin_body] deck v2: thin .v2-body 슬라이드 #24(0자)
  ⚠️  decks/mronj-clinician: house-style advisory [v2_thin_body] deck v2: thin .v2-body 슬라이드 #32(98자)
  ⚠️  decks/mronj-clinician: house-style advisory [v2_thin_body] deck v2: thin .v2-body 슬라이드 #33(0자)
  ⚠️  decks/mronj-clinician: house-style advisory [v2_thin_body] deck v2: thin .v2-body 슬라이드 #35(0자)
  ⚠️  decks/mronj-clinician: house-style advisory [v2_thin_body] deck v2: thin .v2-body 슬라이드 #36(0자)
  ⚠️  decks/mronj-clinician: house-style advisory [v2_thin_body] deck v2: thin .v2-body 슬라이드 #39(0자)
  ⚠️  decks/mronj-clinician: house-style advisory [v2_thin_body] deck v2: thin .v2-body 슬라이드 #40(0자)
  ⚠️  low-contrast: 'CLINICIAN BRIEF · MRONJ' 1.0:1 (<4.5) — div.slide__chapter
  ⚠️  low-contrast: '광교바른내과 · 의료진 학습자료 · ⚠️ 교육·참고용 — ' 1.0:1 (<4.5) — span.slide__source
  ⚠️  low-contrast: '01 / 43' 1.0:1 (<4.5) — span.slide__page
  ⚠️  low-contrast: 'CLINICIAN BRIEF · MRONJ' 2.6:1 (<4.5) — div.v2-chapter
  ⚠️  low-contrast: '광교바른내과 · 의료진 학습자료 · ⚠️ 교육·참고용 — ' 2.6:1 (<4.5) — div.v2-foot.v2-foot--l
  ⚠️  low-contrast: '02 / 43' 2.6:1 (<4.5) — div.v2-foot.v2-foot--r
  ⚠️  low-contrast: 'CHAPTER 01 · CONCLUSION' 2.6:1 (<4.5) — div.v2-chapter
  ⚠️  low-contrast: '03 / 43' 2.6:1 (<4.5) — div.v2-foot.v2-foot--r
  ⚠️  low-contrast: 'CHAPTER 02 · DEFINITION' 2.6:1 (<4.5) — div.v2-chapter
  ⚠️  low-contrast: '04 / 43' 2.6:1 (<4.5) — div.v2-foot.v2-foot--r
  ⚠️  low-contrast: 'CHAPTER 03 · STAGING' 2.6:1 (<4.5) — div.v2-chapter
  ⚠️  low-contrast: '05 / 43' 2.6:1 (<4.5) — div.v2-foot.v2-foot--r
  ⚠️  low-contrast: '06 / 43' 2.6:1 (<4.5) — div.v2-foot.v2-foot--r
  ⚠️  low-contrast: 'CHAPTER 04 · SCAN' 2.6:1 (<4.5) — div.v2-chapter
  ⚠️  low-contrast: '07 / 43' 2.6:1 (<4.5) — div.v2-foot.v2-foot--r
  ⚠️  low-contrast: 'CHAPTER 05 · RISK SIZE' 2.6:1 (<4.5) — div.v2-chapter
  ⚠️  low-contrast: '08 / 43' 2.6:1 (<4.5) — div.v2-foot.v2-foot--r
  ⚠️  low-contrast: '09 / 43' 2.6:1 (<4.5) — div.v2-foot.v2-foot--r
  ⚠️  low-contrast: 'CHAPTER 06 · SAME DRUG' 2.6:1 (<4.5) — div.v2-chapter
  ⚠️  low-contrast: '10 / 43' 2.6:1 (<4.5) — div.v2-foot.v2-foot--r
  ⚠️  low-contrast: 'CHAPTER 07 · COMPARISON' 2.6:1 (<4.5) — div.v2-chapter
  ⚠️  low-contrast: '11 / 43' 2.6:1 (<4.5) — div.v2-foot.v2-foot--r
  ⚠️  low-contrast: 'CHAPTER 08 · ORAL' 2.6:1 (<4.5) — div.v2-chapter
  ⚠️  low-contrast: '12 / 43' 2.6:1 (<4.5) — div.v2-foot.v2-foot--r
  ⚠️  low-contrast: 'CHAPTER 09 · HOLIDAY' 2.6:1 (<4.5) — div.v2-chapter
  ⚠️  low-contrast: '13 / 43' 2.6:1 (<4.5) — div.v2-foot.v2-foot--r
  ⚠️  low-contrast: 'CHAPTER 10 · 4-YEAR' 2.6:1 (<4.5) — div.v2-chapter
  ⚠️  low-contrast: '14 / 43' 2.6:1 (<4.5) — div.v2-foot.v2-foot--r
  ⚠️  low-contrast: 'CHAPTER 11 · KOREA' 2.6:1 (<4.5) — div.v2-chapter
  ⚠️  low-contrast: '15 / 43' 2.6:1 (<4.5) — div.v2-foot.v2-foot--r
  ⚠️  low-contrast: 'CHAPTER 12 · RANKL' 2.6:1 (<4.5) — div.v2-chapter
  ⚠️  low-contrast: '16 / 43' 2.6:1 (<4.5) — div.v2-foot.v2-foot--r
  ⚠️  low-contrast: 'CHAPTER 13 · REBOUND' 2.6:1 (<4.5) — div.v2-chapter
  ⚠️  low-contrast: '17 / 43' 2.6:1 (<4.5) — div.v2-foot.v2-foot--r
  ⚠️  low-contrast: 'CHAPTER 14 · DELAY' 2.6:1 (<4.5) — div.v2-chapter
  ⚠️  low-contrast: '18 / 43' 2.6:1 (<4.5) — div.v2-foot.v2-foot--r
  ⚠️  low-contrast: 'CHAPTER 14 · TIMING' 2.6:1 (<4.5) — div.v2-chapter
  ⚠️  low-contrast: '19 / 43' 2.6:1 (<4.5) — div.v2-foot.v2-foot--r
  ⚠️  low-contrast: 'CHAPTER 15 · THRESHOLD' 2.6:1 (<4.5) — div.v2-chapter
  ⚠️  low-contrast: '20 / 43' 2.6:1 (<4.5) — div.v2-foot.v2-foot--r
  ⚠️  low-contrast: 'CHAPTER 16 · TIMING' 2.6:1 (<4.5) — div.v2-chapter
  ⚠️  low-contrast: '21 / 43' 2.6:1 (<4.5) — div.v2-foot.v2-foot--r
  ⚠️  low-contrast: 'CHAPTER 17 · DOSE' 2.6:1 (<4.5) — div.v2-chapter
  ⚠️  low-contrast: '22 / 43' 2.6:1 (<4.5) — div.v2-foot.v2-foot--r
  ⚠️  low-contrast: 'CHAPTER 18 · BRIDGE' 2.6:1 (<4.5) — div.v2-chapter
  ⚠️  low-contrast: '23 / 43' 2.6:1 (<4.5) — div.v2-foot.v2-foot--r
  ⚠️  low-contrast: '24 / 43' 2.6:1 (<4.5) — div.v2-foot.v2-foot--r
  ⚠️  low-contrast: 'CHAPTER 19 · LIMITS' 2.6:1 (<4.5) — div.v2-chapter
  ⚠️  low-contrast: '25 / 43' 2.6:1 (<4.5) — div.v2-foot.v2-foot--r
  ⚠️  low-contrast: 'CHAPTER 20 · NO RISK' 2.6:1 (<4.5) — div.v2-chapter
  ⚠️  low-contrast: '26 / 43' 2.6:1 (<4.5) — div.v2-foot.v2-foot--r
  ⚠️  low-contrast: 'CHAPTER 21 · DENTAL' 2.6:1 (<4.5) — div.v2-chapter
  ⚠️  low-contrast: '27 / 43' 2.6:1 (<4.5) — div.v2-foot.v2-foot--r
  ⚠️  low-contrast: 'CHAPTER 22 · CTX' 2.6:1 (<4.5) — div.v2-chapter
  ⚠️  low-contrast: '28 / 43' 2.6:1 (<4.5) — div.v2-foot.v2-foot--r
  ⚠️  low-contrast: 'CHAPTER 23 · RISK' 2.6:1 (<4.5) — div.v2-chapter
  ⚠️  low-contrast: '29 / 43' 2.6:1 (<4.5) — div.v2-foot.v2-foot--r
  ⚠️  low-contrast: 'CHAPTER 24 · GUARD' 2.6:1 (<4.5) — div.v2-chapter
  ⚠️  low-contrast: '30 / 43' 2.6:1 (<4.5) — div.v2-foot.v2-foot--r
  ⚠️  low-contrast: 'CHAPTER 25 · ABX·CHX' 2.6:1 (<4.5) — div.v2-chapter
  ⚠️  low-contrast: '31 / 43' 2.6:1 (<4.5) — div.v2-foot.v2-foot--r
  ⚠️  low-contrast: 'CHAPTER 26 · STAGING' 2.6:1 (<4.5) — div.v2-chapter
  ⚠️  low-contrast: '32 / 43' 2.6:1 (<4.5) — div.v2-foot.v2-foot--r
  ⚠️  low-contrast: 'CHAPTER 26 · TREATMENT' 2.6:1 (<4.5) — div.v2-chapter
  ⚠️  low-contrast: '33 / 43' 2.6:1 (<4.5) — div.v2-foot.v2-foot--r
  ⚠️  low-contrast: 'CHAPTER 27 · ADJUNCT' 2.6:1 (<4.5) — div.v2-chapter
  ⚠️  low-contrast: '34 / 43' 2.6:1 (<4.5) — div.v2-foot.v2-foot--r
  ⚠️  low-contrast: 'CHAPTER 28 · GUIDES' 2.6:1 (<4.5) — div.v2-chapter
  ⚠️  low-contrast: '35 / 43' 2.6:1 (<4.5) — div.v2-foot.v2-foot--r
  ⚠️  low-contrast: 'CHAPTER 29 · THRESHOLD' 2.6:1 (<4.5) — div.v2-chapter
  ⚠️  low-contrast: '내분비는 이렇게 본다' 3.0:1 (<4.5) — div.v2-vs__head
  ⚠️  low-contrast: '36 / 43' 2.6:1 (<4.5) — div.v2-foot.v2-foot--r
  ⚠️  low-contrast: 'CHAPTER 30 · INSURANCE' 2.6:1 (<4.5) — div.v2-chapter
  ⚠️  low-contrast: '37 / 43' 2.6:1 (<4.5) — div.v2-foot.v2-foot--r
  ⚠️  low-contrast: 'CHAPTER 31 · NOTES' 2.6:1 (<4.5) — div.v2-chapter
  ⚠️  low-contrast: '38 / 43' 2.6:1 (<4.5) — div.v2-foot.v2-foot--r
  ⚠️  low-contrast: 'CHAPTER 32 · VERDICT' 2.6:1 (<4.5) — div.v2-chapter
  ⚠️  low-contrast: '내과의 판정' 3.0:1 (<4.5) — div.v2-vs__head
  ⚠️  low-contrast: '39 / 43' 2.6:1 (<4.5) — div.v2-foot.v2-foot--r
  ⚠️  low-contrast: 'CHAPTER 33 · CASES' 2.6:1 (<4.5) — div.v2-chapter
  ⚠️  low-contrast: '40 / 43' 2.6:1 (<4.5) — div.v2-foot.v2-foot--r
  ⚠️  low-contrast: 'CHAPTER 34 · ALGORITHM' 2.6:1 (<4.5) — div.v2-chapter
  ⚠️  low-contrast: '41 / 43' 2.6:1 (<4.5) — div.v2-foot.v2-foot--r
  ⚠️  low-contrast: 'CHAPTER 35 · LIMITS' 2.6:1 (<4.5) — div.v2-chapter
  ⚠️  low-contrast: '42 / 43' 2.6:1 (<4.5) — div.v2-foot.v2-foot--r
  ⚠️  low-contrast: 'CLOSING' 2.6:1 (<4.5) — div.v2-chapter
  ⚠️  low-contrast: '43 / 43' 2.6:1 (<4.5) — div.v2-foot.v2-foot--r
  ℹ️  preview mronj-clinician-preview.png: 32164px > 16384px → 2조각 분할 캡처 후 이어붙임
  ⚠️  decks/mronj-patient: house-style advisory [v2_visual_count] deck v2: v2-fig__img 3개 < 4
  ⚠️  decks/mronj-patient: house-style advisory [v2_thin_body] deck v2: thin .v2-body 슬라이드 #2(0자)
  ⚠️  decks/mronj-patient: house-style advisory [v2_thin_body] deck v2: thin .v2-body 슬라이드 #5(0자)
  ⚠️  decks/mronj-patient: house-style advisory [v2_thin_body] deck v2: thin .v2-body 슬라이드 #13(0자)
  ⚠️  low-contrast: 'PATIENT EDUCATION · 치과 치료' 1.0:1 (<4.5) — div.slide__chapter
  ⚠️  low-contrast: '광교바른내과 · 환자 안내자료 · ⚠️ 교육·참고용 — 치' 1.0:1 (<4.5) — span.slide__source
  ⚠️  low-contrast: '01 / 18' 1.0:1 (<4.5) — span.slide__page
  ⚠️  low-contrast: 'PATIENT EDUCATION · 치과 치료' 2.6:1 (<4.5) — div.v2-chapter
  ⚠️  low-contrast: '광교바른내과 · 환자 안내자료 · ⚠️ 교육·참고용 — 치' 2.6:1 (<4.5) — div.v2-foot.v2-foot--l
  ⚠️  low-contrast: '02 / 18' 2.6:1 (<4.5) — div.v2-foot.v2-foot--r
  ⚠️  low-contrast: 'CHAPTER 01 · START HERE' 2.6:1 (<4.5) — div.v2-chapter
  ⚠️  low-contrast: '03 / 18' 2.6:1 (<4.5) — div.v2-foot.v2-foot--r
  ⚠️  low-contrast: 'CHAPTER 02 · WHICH DRUG' 2.6:1 (<4.5) — div.v2-chapter
  ⚠️  low-contrast: '04 / 18' 2.6:1 (<4.5) — div.v2-foot.v2-foot--r
  ⚠️  low-contrast: '05 / 18' 2.6:1 (<4.5) — div.v2-foot.v2-foot--r
  ⚠️  low-contrast: 'CHAPTER 03 · MRONJ' 2.6:1 (<4.5) — div.v2-chapter
  ⚠️  low-contrast: '06 / 18' 2.6:1 (<4.5) — div.v2-foot.v2-foot--r
  ⚠️  low-contrast: 'CHAPTER 04 · RISK' 2.6:1 (<4.5) — div.v2-chapter
  ⚠️  low-contrast: '07 / 18' 2.6:1 (<4.5) — div.v2-foot.v2-foot--r
  ⚠️  low-contrast: 'CHAPTER 05 · ONCOLOGY' 2.6:1 (<4.5) — div.v2-chapter
  ⚠️  low-contrast: '08 / 18' 2.6:1 (<4.5) — div.v2-foot.v2-foot--r
  ⚠️  low-contrast: 'CHAPTER 06 · TRIGGERS' 2.6:1 (<4.5) — div.v2-chapter
  ⚠️  low-contrast: '09 / 18' 2.6:1 (<4.5) — div.v2-foot.v2-foot--r
  ⚠️  low-contrast: 'CHAPTER 07 · ORAL DRUGS' 2.6:1 (<4.5) — div.v2-chapter
  ⚠️  low-contrast: '10 / 18' 2.6:1 (<4.5) — div.v2-foot.v2-foot--r
  ⚠️  low-contrast: 'CHAPTER 08 · PROLIA' 2.6:1 (<4.5) — div.v2-chapter
  ⚠️  low-contrast: '11 / 18' 2.6:1 (<4.5) — div.v2-foot.v2-foot--r
  ⚠️  low-contrast: 'CHAPTER 09 · TIMING' 2.6:1 (<4.5) — div.v2-chapter
  ⚠️  low-contrast: '12 / 18' 2.6:1 (<4.5) — div.v2-foot.v2-foot--r
  ⚠️  low-contrast: '13 / 18' 2.6:1 (<4.5) — div.v2-foot.v2-foot--r
  ⚠️  low-contrast: 'CHAPTER 10 · AFTER' 2.6:1 (<4.5) — div.v2-chapter
  ⚠️  low-contrast: '14 / 18' 2.6:1 (<4.5) — div.v2-foot.v2-foot--r
  ⚠️  low-contrast: 'CHAPTER 11 · IMPLANT' 2.6:1 (<4.5) — div.v2-chapter
  ⚠️  low-contrast: '15 / 18' 2.6:1 (<4.5) — div.v2-foot.v2-foot--r
  ⚠️  low-contrast: 'CHAPTER 12 · CTX' 2.6:1 (<4.5) — div.v2-chapter
  ⚠️  low-contrast: '16 / 18' 2.6:1 (<4.5) — div.v2-foot.v2-foot--r
  ⚠️  low-contrast: 'CHAPTER 13 · CHECKLIST' 2.6:1 (<4.5) — div.v2-chapter
  ⚠️  low-contrast: '17 / 18' 2.6:1 (<4.5) — div.v2-foot.v2-foot--r
  ⚠️  low-contrast: 'CLOSING' 2.6:1 (<4.5) — div.v2-chapter
  ⚠️  low-contrast: '18 / 18' 2.6:1 (<4.5) — div.v2-foot.v2-foot--r
  ⚠️  handouts/migraine: house-style advisory [handout_table_min_count] handout: 표 0개 < 2
  ⚠️  low-contrast: '1' 3.0:1 (<4.5) — div.clue-item__num
  ⚠️  low-contrast: '2' 3.0:1 (<4.5) — div.clue-item__num
  ⚠️  low-contrast: '3' 3.0:1 (<4.5) — div.clue-item__num
  ⚠️  low-contrast: '4' 3.0:1 (<4.5) — div.clue-item__num
  ⚠️  low-contrast: '5' 3.0:1 (<4.5) — div.clue-item__num
  ⚠️  low-contrast: '6' 3.0:1 (<4.5) — div.clue-item__num
  ⚠️  decks/dm-intensive-bp-mace: house-style advisory [deck_closing_template] deck: closing 템플릿 권고 요소 누락 ['contact-card']
  ⚠️  low-contrast: '· CARDIOLOGY · DIABETES' 1.0:1 (<4.5) — div.slide__chapter
  ⚠️  low-contrast: 'PAPER REVIEW' 1.4:1 (<4.5) — strong
  ⚠️  low-contrast: 'Front Endocrinol 2026;17:1850865' 1.0:1 (<4.5) — span.slide__source
  ⚠️  low-contrast: 'RR · MACE' 1.0:1 (<4.5) — small
  ⚠️  low-contrast: 'RR · 저혈압' 3.0:1 (<4.5) — small
  ⚠️  low-contrast: '← 강압 유리 · RR 1.0 · 강압 불리 →' 1.1:1 (<4.5) — div.forest__bar-wrap
  ⚠️  low-contrast: 'MECHANISM · 01' 4.3:1 (<4.5) — div.tile__index
  ⚠️  low-contrast: 'MECHANISM · 02' 2.6:1 (<4.5) — div.tile__index
  ⚠️  low-contrast: '💧 강압의 직접 효과' 4.4:1 (<4.5) — h3.tile__title
  ⚠️  low-contrast: 'MECHANISM · 03' 2.6:1 (<4.5) — div.tile__index
  ⚠️  low-contrast: '🩸 뇌졸중 우선 반응' 4.4:1 (<4.5) — h3.tile__title
  ⚠️  low-contrast: 'MECHANISM · 04' 3.0:1 (<4.5) — div.tile__index
  ⚠️  low-contrast: 'SUBGROUP · 01 · 목표' 2.6:1 (<4.5) — div.tile__index
  ⚠️  low-contrast: '🎯 SBP<130 목표' 4.4:1 (<4.5) — h3.tile__title
  ⚠️  low-contrast: 'SUBGROUP · 02 · 비교' 3.0:1 (<4.5) — div.tile__index
  ⚠️  low-contrast: 'SUBGROUP · 03 · DBP' 2.6:1 (<4.5) — div.tile__index
  ⚠️  low-contrast: '📉 명시적 이완기 목표' 4.4:1 (<4.5) — h3.tile__title
  ⚠️  low-contrast: 'SUBGROUP · 04 · 혈당' 3.0:1 (<4.5) — div.tile__index
  ⚠️  low-contrast: 'SUBGROUP · 05 · 지질' 3.0:1 (<4.5) — div.tile__index
  ⚠️  low-contrast: 'SUBGROUP · 06 · 해석' 4.3:1 (<4.5) — div.tile__index
  ⚠️  low-contrast: '차이 없음' 3.0:1 (<4.5) — div.tbl__num
  ⚠️  low-contrast: '유의차 없음' 3.0:1 (<4.5) — div.tbl__num
  ⚠️  low-contrast: '차이 없음' 4.4:1 (<4.5) — div.tbl__num
  ⚠️  low-contrast: '유의차 없음' 4.4:1 (<4.5) — div.tbl__num
  ⚠️  low-contrast: 'GUIDELINE · 01' 4.3:1 (<4.5) — div.tile__index
  ⚠️  low-contrast: 'GUIDELINE · 02' 2.6:1 (<4.5) — div.tile__index
  ⚠️  low-contrast: '🔗 2026 CKM 프레임워크' 4.4:1 (<4.5) — h3.tile__title
  ⚠️  low-contrast: 'GUIDELINE · 03' 3.0:1 (<4.5) — div.tile__index
  ⚠️  low-contrast: 'GUIDELINE · 04' 3.0:1 (<4.5) — div.tile__index
  ⚠️  low-contrast: 'GUIDELINE · 05' 3.0:1 (<4.5) — div.tile__index
  ⚠️  low-contrast: 'GUIDELINE · 06' 4.3:1 (<4.5) — div.tile__index
  ⚠️  low-contrast: 'MACE RR 0.80(↓20%)·뇌졸중 RR 0.73(↓' 4.3:1 (<4.5) — strong
  ⚠️  low-contrast: 'SBP<130 목표 + 명시적 이완기 목표' 4.3:1 (<4.5) — strong
  ⚠️  low-contrast: '저혈압 신호 RR 4.61(경계)' 4.3:1 (<4.5) — strong
  ⚠️  low-contrast: '가정·기립혈압을 보며 단계적으로 SBP<130 도달' 4.3:1 (<4.5) — strong
  ⚠️  low-contrast: 'CONTACT · 광교바른내과' 2.8:1 (<4.5) — div.closing-grid__contact-label
  ⚠️  decks/older-adults-resistance-intensity: house-style advisory [deck_visual_count] deck: ai-visual 3장 < 4
  ⚠️  decks/older-adults-resistance-intensity: house-style advisory [deck_closing_template] deck: closing 템플릿 권고 요소 누락 ['contact-card']
  ⚠️  low-contrast: '· GERIATRICS · EXERCISE' 1.0:1 (<4.5) — div.slide__chapter
  ⚠️  low-contrast: 'PAPER REVIEW' 1.4:1 (<4.5) — strong
  ⚠️  low-contrast: 'Geriatr Gerontol Int 2026;26(7):' 1.0:1 (<4.5) — span.slide__source
  ⚠️  low-contrast: 'SMD 레그프레스' 1.0:1 (<4.5) — small
  ⚠️  low-contrast: '골밀도(BMD)' 3.0:1 (<4.5) — small
  ⚠️  low-contrast: '← 중저강도 유리 · 0 · 고강도 유리 →' 1.1:1 (<4.5) — div.forest__bar-wrap
  ⚠️  low-contrast: 'STRENGTH · 01' 2.6:1 (<4.5) — div.tile__index
  ⚠️  low-contrast: '🦵 레그프레스' 4.4:1 (<4.5) — h3.tile__title
  ⚠️  low-contrast: 'STRENGTH · 02' 2.6:1 (<4.5) — div.tile__index
  ⚠️  low-contrast: '🦿 레그익스텐션' 4.4:1 (<4.5) — h3.tile__title
  ⚠️  low-contrast: 'STRENGTH · 03' 3.0:1 (<4.5) — div.tile__index
  ⚠️  low-contrast: 'STRENGTH · 04' 3.0:1 (<4.5) — div.tile__index
  ⚠️  low-contrast: 'HIGH-INTENSITY' 4.3:1 (<4.5) — div.tile__index
  ⚠️  low-contrast: '1RM' 1.2:1 (<4.5) — small
  ⚠️  low-contrast: 'LOW-TO-MODERATE' 3.0:1 (<4.5) — div.tile__index
  ⚠️  low-contrast: 'PROGRESSION' 2.6:1 (<4.5) — div.tile__index
  ⚠️  low-contrast: '📈 점진적 부하' 4.4:1 (<4.5) — h3.tile__title
  ⚠️  low-contrast: '1RM 이해' 3.0:1 (<4.5) — div.tile__index
  ⚠️  low-contrast: '유의차 없음' 4.4:1 (<4.5) — div.tbl__num
  ⚠️  low-contrast: 'RR 2.68 (0.65–11.11)' 4.4:1 (<4.5) — div.tbl__num
  ⚠️  low-contrast: 'RR 2.42 (0.66–8.88)' 4.4:1 (<4.5) — div.tbl__num
  ⚠️  low-contrast: '누구에게 · 고강도' 2.6:1 (<4.5) — div.tile__index
  ⚠️  low-contrast: '🏋️ 근력 향상이 목표' 4.4:1 (<4.5) — h3.tile__title
  ⚠️  low-contrast: '누구에게 · 중저강도' 4.3:1 (<4.5) — div.tile__index
  ⚠️  low-contrast: '1RM 충분' 1.2:1 (<4.5) — small
  ⚠️  low-contrast: '주의 대상' 2.8:1 (<4.5) — div.tile__index
  ⚠️  low-contrast: '통념 교정' 3.0:1 (<4.5) — div.tile__index
  ⚠️  low-contrast: '고강도가 우위' 4.3:1 (<4.5) — strong
  ⚠️  low-contrast: '강도 무관' 4.3:1 (<4.5) — strong
  ⚠️  low-contrast: '중저강도로도 충분' 4.3:1 (<4.5) — strong
  ⚠️  low-contrast: '유사' 4.3:1 (<4.5) — strong
  ⚠️  low-contrast: '고강도 적극 권장' 4.3:1 (<4.5) — strong
  ⚠️  low-contrast: '광교바른내과' 2.8:1 (<4.5) — div.closing-grid__contact-label
  ⚠️  decks/masld-ckd-coexistence: house-style advisory [deck_closing_template] deck: closing 템플릿 권고 요소 누락 ['contact-card']
  ⚠️  low-contrast: '· HEPATOLOGY · NEPHROLOGY' 1.0:1 (<4.5) — div.slide__chapter
  ⚠️  low-contrast: 'PAPER REVIEW' 1.4:1 (<4.5) — strong
  ⚠️  low-contrast: 'Liver Int 2026;46(7):e70747 · PM' 1.0:1 (<4.5) — span.slide__source
  ⚠️  low-contrast: '전체사망 위험' 1.0:1 (<4.5) — small
  ⚠️  low-contrast: '당뇨 OR' 3.0:1 (<4.5) — small
  ⚠️  low-contrast: 'CKD 유병률' 4.3:1 (<4.5) — div.tile__index
  ⚠️  low-contrast: '%' 1.2:1 (<4.5) — small
  ⚠️  low-contrast: 'CKD 신규 발생률' 3.0:1 (<4.5) — div.tile__index
  ⚠️  low-contrast: '← 낮음 · 사망률 · 높음 →' 1.1:1 (<4.5) — div.forest__bar-wrap
  ⚠️  low-contrast: '단독' 4.3:1 (<4.5) — div.tile__index
  ⚠️  low-contrast: '/1,000 인년' 1.2:1 (<4.5) — small
  ⚠️  low-contrast: '동반' 2.8:1 (<4.5) — div.tile__index
  ⚠️  low-contrast: '상대 위험' 2.8:1 (<4.5) — div.tile__index
  ⚠️  low-contrast: '← 위험 낮음 · OR 1 · 위험 높음 →' 1.1:1 (<4.5) — div.forest__bar-wrap
  ⚠️  low-contrast: '공유 경로 · 01' 3.0:1 (<4.5) — div.tile__index
  ⚠️  low-contrast: '공유 경로 · 02' 3.0:1 (<4.5) — div.tile__index
  ⚠️  low-contrast: '공유 경로 · 03' 3.0:1 (<4.5) — div.tile__index
  ⚠️  low-contrast: '종합' 4.3:1 (<4.5) — div.tile__index
  ⚠️  low-contrast: '혈액 · GFR' 4.3:1 (<4.5) — div.tile__index
  ⚠️  low-contrast: '소변 · 알부민뇨' 4.3:1 (<4.5) — div.tile__index
  ⚠️  low-contrast: '함께 보는 이유' 3.0:1 (<4.5) — div.tile__index
  ⚠️  low-contrast: '언제' 2.6:1 (<4.5) — div.tile__index
  ⚠️  low-contrast: '📅 정기 확인' 4.4:1 (<4.5) — h3.tile__title
  ⚠️  low-contrast: '간만의 병이 아니라 다장기 심대사 질환' 4.3:1 (<4.5) — strong
  ⚠️  low-contrast: '7명 중 1명이 CKD 동반' 4.3:1 (<4.5) — strong
  ⚠️  low-contrast: '전체사망 2배 이상' 4.3:1 (<4.5) — strong
  ⚠️  low-contrast: 'eGFR + uACR로 신장 함께 평가' 4.3:1 (<4.5) — strong
  ⚠️  low-contrast: '광교바른내과의원' 2.8:1 (<4.5) — div.closing-grid__contact-label
  ⚠️  decks/atrial-fibrillation: house-style advisory [deck_tile_min_count] deck: tile 블록 0개 < 6
  ⚠️  decks/atrial-fibrillation: house-style advisory [deck_visual_count] deck: ai-visual 0장 < 4
  ⚠️  decks/atrial-fibrillation: house-style advisory [deck_closing_template] deck: closing 템플릿 권고 요소 누락 ['contact-card']
  ⚠️  low-contrast: '· CARDIOLOGY · PRIMARY CARE' 1.0:1 (<4.5) — div.slide__chapter
  ⚠️  low-contrast: 'GUIDELINE REVIEW' 1.4:1 (<4.5) — strong
  ⚠️  low-contrast: '2024 ESC AF Guideline (AF-CARE) ' 1.0:1 (<4.5) — span.slide__source
  ⚠️  low-contrast: '조기 리듬조절' 2.8:1 (<4.5) — div.stat-card__label
  ⚠️  low-contrast: 'AF-CARE 프레임' 2.8:1 (<4.5) — div.stat-card__label
  ⚠️  low-contrast: '01 · SCREENING' 4.3:1 (<4.5) — div.review-card__kicker
  ⚠️  low-contrast: '02 · CONFIRM' 2.8:1 (<4.5) — div.review-card__kicker
  ⚠️  low-contrast: '03 · WORKUP' 2.8:1 (<4.5) — div.review-card__kicker
  ⚠️  low-contrast: '04 · CAUSE' 2.6:1 (<4.5) — div.review-card__kicker
  ⚠️  low-contrast: '가역·이차 원인' 4.4:1 (<4.5) — div.review-card__title
  ⚠️  low-contrast: '01 · 위험층화' 4.3:1 (<4.5) — div.review-card__kicker
  ⚠️  low-contrast: '02 · DOAC 우선' 2.6:1 (<4.5) — div.review-card__kicker
  ⚠️  low-contrast: 'DOAC > 와파린' 4.4:1 (<4.5) — div.review-card__title
  ⚠️  low-contrast: '03 · HAS-BLED' 2.8:1 (<4.5) — div.review-card__kicker
  ⚠️  low-contrast: '04 · 용량·아스피린' 2.7:1 (<4.5) — div.review-card__kicker
  ⚠️  low-contrast: '01 · ABLATION' 4.3:1 (<4.5) — div.review-card__kicker
  ⚠️  low-contrast: '02 · CASTLE-AF' 2.6:1 (<4.5) — div.review-card__kicker
  ⚠️  low-contrast: 'AF + HFrEF' 4.4:1 (<4.5) — div.review-card__title
  ⚠️  low-contrast: '03 · EMERGENCY' 2.7:1 (<4.5) — div.review-card__kicker
  ⚠️  low-contrast: '04 · WPW' 2.8:1 (<4.5) — div.review-card__kicker
  ⚠️  low-contrast: '01' 2.6:1 (<4.5) — div.review-card__kicker
  ⚠️  low-contrast: '체중 ≥10% 감량' 4.4:1 (<4.5) — div.review-card__title
  ⚠️  low-contrast: '02' 2.6:1 (<4.5) — div.review-card__kicker
  ⚠️  low-contrast: '음주 ≤3잔/주·절주' 4.4:1 (<4.5) — div.review-card__title
  ⚠️  low-contrast: '03' 2.8:1 (<4.5) — div.review-card__kicker
  ⚠️  low-contrast: '04' 2.8:1 (<4.5) — div.review-card__kicker
  ⚠️  low-contrast: '05' 2.8:1 (<4.5) — div.review-card__kicker
  ⚠️  low-contrast: '06' 4.3:1 (<4.5) — div.review-card__kicker
  ⚠️  low-contrast: 'NHIS 급여' 2.8:1 (<4.5) — div.stat-card__label
  ⚠️  low-contrast: '미충족 과제' 2.8:1 (<4.5) — div.stat-card__label
  ⚠️  low-contrast: '01' 2.8:1 (<4.5) — div.review-card__kicker
  ⚠️  low-contrast: '02' 2.8:1 (<4.5) — div.review-card__kicker
  ⚠️  low-contrast: '03' 2.7:1 (<4.5) — div.review-card__kicker
  ⚠️  low-contrast: '05' 2.7:1 (<4.5) — div.review-card__kicker
  ⚠️  low-contrast: '근거 (According to PubMed)' 2.8:1 (<4.5) — div.closing-src__label
  ⚠️  decks/pneumococcal-selection: house-style advisory [deck_tile_min_count] deck: tile 블록 0개 < 6
  ⚠️  decks/pneumococcal-selection: house-style advisory [deck_visual_count] deck: ai-visual 0장 < 4
  ⚠️  decks/pneumococcal-selection: house-style advisory [deck_closing_template] deck: closing 템플릿 권고 요소 누락 ['contact-card']
  ⚠️  low-contrast: '· VACCINES · PRIMARY CARE' 1.0:1 (<4.5) — div.slide__chapter
  ⚠️  low-contrast: 'GUIDELINE REVIEW' 1.4:1 (<4.5) — strong
  ⚠️  low-contrast: 'ACIP 2024 (MMWR 2025;74(1)) · KS' 1.0:1 (<4.5) — span.slide__source
  ⚠️  low-contrast: '1회 완결' 2.6:1 (<4.5) — div.stat-card__label
  ⚠️  low-contrast: 'PCV21 커버리지' 2.8:1 (<4.5) — div.stat-card__label
  ⚠️  low-contrast: 'STEP 1 · 대상?' 4.3:1 (<4.5) — div.review-card__kicker
  ⚠️  low-contrast: 'STEP 2 · 선택' 2.6:1 (<4.5) — div.review-card__kicker
  ⚠️  low-contrast: '세 갈래 동급' 4.4:1 (<4.5) — div.review-card__title
  ⚠️  low-contrast: 'STEP 3 · 간격(면역정상)' 2.8:1 (<4.5) — div.review-card__kicker
  ⚠️  low-contrast: 'STEP 3 · 간격(고위험)' 2.8:1 (<4.5) — div.review-card__kicker
  ⚠️  low-contrast: '01 · 커버리지' 4.3:1 (<4.5) — div.review-card__kicker
  ⚠️  low-contrast: '02 · 혈청형 4 함정' 2.8:1 (<4.5) — div.review-card__kicker
  ⚠️  low-contrast: '03 · 근거' 2.8:1 (<4.5) — div.review-card__kicker
  ⚠️  low-contrast: '04 · 정리' 2.6:1 (<4.5) — div.review-card__kicker
  ⚠️  low-contrast: '국내 일반 성인' 4.4:1 (<4.5) — div.review-card__title
  ⚠️  low-contrast: 'KSID 2025→2026' 2.6:1 (<4.5) — div.stat-card__label
  ⚠️  low-contrast: '국내 출시' 2.8:1 (<4.5) — div.stat-card__label
  ⚠️  low-contrast: '01' 2.8:1 (<4.5) — div.review-card__kicker
  ⚠️  low-contrast: '02' 2.7:1 (<4.5) — div.review-card__kicker
  ⚠️  low-contrast: '03' 2.8:1 (<4.5) — div.review-card__kicker
  ⚠️  low-contrast: '04' 2.8:1 (<4.5) — div.review-card__kicker
  ⚠️  low-contrast: '05' 4.3:1 (<4.5) — div.review-card__kicker
  ⚠️  low-contrast: '06' 2.6:1 (<4.5) — div.review-card__kicker
  ⚠️  low-contrast: '권고 vs 지원 분리' 4.4:1 (<4.5) — div.review-card__title
  ⚠️  low-contrast: '근거 (According to PubMed)' 2.8:1 (<4.5) — div.closing-src__label
      Notion updated: 35db8014-24d6-8116-b90f-c2437ba82c17
  ✓ handouts/creatine-guide  →  QR: https://edu.gwanggyobarun.com/handouts/lifestyle/creatine-guide/
      Notion updated: 36eb8014-24d6-8186-a097-d2cf2a0014f8
  ✓ handouts/thyroid-hormone-taking  →  QR: https://edu.gwanggyobarun.com/handouts/medication/thyroid-hormone-taking/
      Notion updated: 35fb8014-24d6-81b8-b7f8-fa82eebc8167
  ✓ handouts/thyroid-nodule-followup  →  QR: https://edu.gwanggyobarun.com/handouts/endocrine/thyroid-nodule-followup/
      Notion updated: 35fb8014-24d6-81b1-9222-d788a687cad7
  ✓ handouts/hyperprolactinemia-protocol  →  QR: https://edu.gwanggyobarun.com/handouts/endocrine/hyperprolactinemia-protocol/
      Notion updated: 375b8014-24d6-81d3-b5f5-c89c461b98d7
  ✓ handouts/cgm-caresens365  →  QR: https://edu.gwanggyobarun.com/handouts/endocrine/cgm-caresens365/
      Notion updated: 368b8014-24d6-8112-a55b-daa1d744eed3
  ✓ handouts/fasting-glucose  →  QR: https://edu.gwanggyobarun.com/handouts/endocrine/fasting-glucose/
      Notion updated: 37fb8014-24d6-81e9-88b2-e7d19393232e
  ✓ handouts/joint-supplements  →  QR: https://edu.gwanggyobarun.com/handouts/musculoskeletal/joint-supplements/
      Notion updated: 37fb8014-24d6-8160-9d76-e3005b7f914e
  ✓ handouts/mbp-bone-joint-evidence  →  QR: https://edu.gwanggyobarun.com/handouts/musculoskeletal/mbp-bone-joint-evidence/
      Notion updated: 399b8014-24d6-8154-9c4d-eab37fd72e88
  ✓ handouts/nasal-spray-allergic-rhinitis  →  QR: https://edu.gwanggyobarun.com/handouts/medication/nasal-spray-allergic-rhinitis/
      Notion updated: 35fb8014-24d6-81f5-97d8-d8398ba82b4e
  ✓ handouts/symbicort-inhaler-technique  →  QR: https://edu.gwanggyobarun.com/handouts/respiratory/symbicort-inhaler-technique/
      Notion updated: 395b8014-24d6-816a-bc53-f03cb68322b0
  ✓ handouts/htn-why-start  →  QR: https://edu.gwanggyobarun.com/handouts/medication/htn-why-start/
      Notion updated: 35db8014-24d6-8147-8d80-f7f845a5eb67
  ✓ handouts/insulin-start  →  QR: https://edu.gwanggyobarun.com/handouts/medication/insulin-start/
      Notion updated: 35fb8014-24d6-8189-81f7-ff0f0322f513
  ✓ handouts/hand-eczema-steroid-potency  →  QR: https://edu.gwanggyobarun.com/handouts/medication/hand-eczema-steroid-potency/
      Notion updated: 3b6b8014-24d6-81f6-8f0d-e8d52ecbcb7b
  ✓ handouts/antihypertensive-strength  →  QR: https://edu.gwanggyobarun.com/handouts/medication/antihypertensive-strength/
      Notion updated: 397b8014-24d6-81d8-8f4c-d6ea7b7f43a4
  ✓ handouts/diabetes-drug-strength  →  QR: https://edu.gwanggyobarun.com/handouts/medication/diabetes-drug-strength/
      Notion updated: 397b8014-24d6-81cc-a3d5-ef4cc2e66674
  ✓ handouts/statin-ldl-strength  →  QR: https://edu.gwanggyobarun.com/handouts/medication/statin-ldl-strength/
      Notion updated: 397b8014-24d6-814f-9224-fc4b4995bebb
  ✓ handouts/cyclosporine-statin-ezetimibe-safety  →  QR: https://edu.gwanggyobarun.com/handouts/medication/cyclosporine-statin-ezetimibe-safety/
      Notion updated: 397b8014-24d6-8164-8eba-e8cf5706edd6
  ✓ decks/migraine-diagnosis  →  QR: https://edu.gwanggyobarun.com/decks/neurology/migraine/diagnosis/
      Notion updated: 366b8014-24d6-8164-9484-f06975cdc649
  ✓ decks/nocturnal-leg-cramps  →  QR: https://edu.gwanggyobarun.com/decks/neurology/nocturnal-leg-cramps/
      Notion updated: 3bab8014-24d6-81a0-aec9-ed0dbcf502e2
  ✓ decks/glp1-blood-pressure-clinician  →  QR: https://edu.gwanggyobarun.com/decks/endocrine/glp1-blood-pressure-clinician/
      Notion updated: 3c0b8014-24d6-8166-a6c1-d88342320bea
  ✓ decks/mronj-clinician  →  QR: https://edu.gwanggyobarun.com/decks/endocrine/mronj-clinician/
      Notion updated: 3beb8014-24d6-8149-9371-fdd1eafbd6b2
  ✓ decks/mronj-patient  →  QR: https://edu.gwanggyobarun.com/decks/endocrine/mronj-patient/
      Notion updated: 3beb8014-24d6-818e-b8c3-dd5abdafc9d3
  ✓ handouts/migraine  →  QR: https://edu.gwanggyobarun.com/handouts/neurology/migraine/
      Notion updated: 366b8014-24d6-81a3-869b-feb53d44252f
  ✓ decks/dm-intensive-bp-mace  →  QR: https://edu.gwanggyobarun.com/decks/general/papers-20260701/dm-intensive-bp-mace/
      Notion updated: 392b8014-24d6-8156-a0d2-c2ed16795f96
  ✓ decks/older-adults-resistance-intensity  →  QR: https://edu.gwanggyobarun.com/decks/general/papers-20260701/older-adults-resistance-intensity/
      Notion updated: 392b8014-24d6-81d3-a29d-d4a96e35e00a
  ✓ decks/masld-ckd-coexistence  →  QR: https://edu.gwanggyobarun.com/decks/general/papers-20260701/masld-ckd-coexistence/
      Notion updated: 392b8014-24d6-8105-b7e1-ebccb9e9c653
  ✓ decks/atrial-fibrillation  →  QR: https://edu.gwanggyobarun.com/decks/cardio/atrial-fibrillation/
  ✓ decks/pneumococcal-selection  →  QR: https://edu.gwanggyobarun.com/decks/vaccines/pneumococcal-selection/

=== Build artifacts ===
  decks/abyss-betablocker-mi-preview.png: 2083.7 KB
  decks/abyss-betablocker-mi.pdf: 3287.0 KB
  decks/achieve3-oral-glp1-preview.png: 2372.5 KB
  decks/achieve3-oral-glp1.pdf: 5824.9 KB
  decks/acs-crc-screening-blood-test-2026-preview.png: 2646.5 KB
  decks/acs-crc-screening-blood-test-2026.pdf: 8705.8 KB
  decks/acute-gastroenteritis-diet-preview.png: 2196.5 KB
  decks/acute-gastroenteritis-diet.pdf: 6951.3 KB
  decks/advanced-lipid-biomarkers-preview.png: 2203.0 KB
  decks/advanced-lipid-biomarkers.pdf: 5527.3 KB
  decks/antihypertensive-classes-preview.png: 2376.1 KB
  decks/antihypertensive-classes.pdf: 4959.4 KB
  decks/antithrombotic-therapy-preview.png: 3290.7 KB
  decks/antithrombotic-therapy.pdf: 7538.4 KB
  decks/appendicitis-diverticulitis-preview.png: 2385.6 KB
  decks/appendicitis-diverticulitis.pdf: 5755.0 KB
  decks/asthma-preview.png: 2477.0 KB
  decks/asthma.pdf: 5760.1 KB
  decks/atrial-fibrillation-preview.png: 1744.1 KB
  decks/atrial-fibrillation.pdf: 2616.7 KB
  decks/atrophic-gastritis-preview.png: 2337.1 KB
  decks/atrophic-gastritis.pdf: 5448.2 KB
  decks/baxdrostat-baxhtn-preview.png: 2686.5 KB
  decks/baxdrostat-baxhtn.pdf: 6916.1 KB
  decks/bepirovirsen-hbv-phase3-preview.png: 2741.6 KB
  decks/bepirovirsen-hbv-phase3.pdf: 11792.8 KB
  decks/blood-circulation-agents-preview.png: 2451.9 KB
  decks/blood-circulation-agents.pdf: 7340.4 KB
  decks/body-composition-bia-preview.png: 2603.4 KB
  decks/body-composition-bia.pdf: 6824.4 KB
  decks/bowel-prep-low-volume-preview.png: 2152.1 KB
  decks/bowel-prep-low-volume.pdf: 3602.0 KB
  decks/calcium-vitamin-d-fracture-falls-bmj-preview.png: 2240.6 KB
  decks/calcium-vitamin-d-fracture-falls-bmj.pdf: 9211.2 KB
  decks/chest-pain-preview.png: 2433.1 KB
  decks/chest-pain.pdf: 6304.8 KB
  decks/chronic-constipation-preview.png: 2274.3 KB
  decks/chronic-constipation.pdf: 8543.4 KB
  decks/chronic-hepatitis-b-preview.png: 2720.6 KB
  decks/chronic-hepatitis-b.pdf: 8555.9 KB
  decks/chronic-urticaria-preview.png: 2338.0 KB
  decks/chronic-urticaria.pdf: 3787.5 KB
  decks/cpap-personalized-cv-preview.png: 2606.7 KB
  decks/cpap-personalized-cv.pdf: 5819.6 KB
  decks/diabetes-first-visit-preview.png: 1646.3 KB
  decks/diabetes-first-visit.pdf: 4594.3 KB
  decks/diabetes-mellitus-type2-preview.png: 2337.0 KB
  decks/diabetes-mellitus-type2.pdf: 5321.2 KB
  decks/digitalis-heart-failure-meta-rhd-rct-preview.png: 1854.6 KB
  decks/digitalis-heart-failure-meta-rhd-rct.pdf: 6361.7 KB
  decks/dm-intensive-bp-mace-preview.png: 2815.1 KB
  decks/dm-intensive-bp-mace.pdf: 8257.1 KB
  decks/dyslipidemia-preview.png: 2371.2 KB
  decks/dyslipidemia.pdf: 7766.7 KB
  decks/easo-obesity-pharmacotherapy-2026-preview.png: 2435.8 KB
  decks/easo-obesity-pharmacotherapy-2026.pdf: 11222.7 KB
  decks/endoscopy-cpr-training-preview.png: 2218.0 KB
  decks/endoscopy-cpr-training.pdf: 8114.8 KB
  decks/eye-cardiovascular-preview.png: 2281.5 KB
  decks/eye-cardiovascular.pdf: 7066.8 KB
  decks/finerenone-t1d-ckd-fine-one-preview.png: 2287.7 KB
  decks/finerenone-t1d-ckd-fine-one.pdf: 7933.7 KB
  decks/gerd-lifestyle-2026-preview.png: 2255.8 KB
  decks/gerd-lifestyle-2026.pdf: 9427.0 KB
  decks/gerd-preview.png: 2128.1 KB
  decks/gerd.pdf: 7949.5 KB
  decks/glp1-blood-pressure-clinician-preview.png: 1834.0 KB
  decks/glp1-blood-pressure-clinician.pdf: 2793.0 KB
  decks/glp1-week-01-start-preview.png: 1562.4 KB
  decks/glp1-week-01-start.pdf: 6619.4 KB
  decks/glp1-week-02-aerobic-preview.png: 1765.8 KB
  decks/glp1-week-02-aerobic.pdf: 4674.0 KB
  decks/glp1-week-03-strength-preview.png: 1757.5 KB
  decks/glp1-week-03-strength.pdf: 5340.3 KB
  decks/glp1-week-04-nutrition-preview.png: 1823.2 KB
  decks/glp1-week-04-nutrition.pdf: 4646.3 KB
  decks/glp1-week-05-gi-effects-preview.png: 1724.5 KB
  decks/glp1-week-05-gi-effects.pdf: 4514.8 KB
  decks/glp1-week-06-injection-preview.png: 1665.2 KB
  decks/glp1-week-06-injection.pdf: 5877.9 KB
  decks/glp1-week-07-safety-preview.png: 1672.6 KB
  decks/glp1-week-07-safety.pdf: 4987.8 KB
  decks/glp1-week-08-maintenance-preview.png: 1717.5 KB
  decks/glp1-week-08-maintenance.pdf: 5456.3 KB
  decks/gout-preview.png: 2601.5 KB
  decks/gout.pdf: 12775.6 KB
  decks/graves-disease-preview.png: 2640.0 KB
  decks/graves-disease.pdf: 10598.3 KB
  decks/herpes-zoster-preview.png: 2545.8 KB
  decks/herpes-zoster.pdf: 4050.0 KB
  decks/hiit-hepatitis-b-steatosis-preview.png: 1604.8 KB
  decks/hiit-hepatitis-b-steatosis.pdf: 3727.3 KB
  decks/hpylori-overview-preview.png: 2484.0 KB
  decks/hpylori-overview.pdf: 7274.1 KB
  decks/hpylori-preview.png: 2087.0 KB
  decks/hpylori.pdf: 5299.2 KB
  decks/htd1801-metformin-t2d-phase3-preview.png: 1824.0 KB
  decks/htd1801-metformin-t2d-phase3.pdf: 6426.8 KB
  decks/htn-2025-aha-acc-preview.png: 2226.8 KB
  decks/htn-2025-aha-acc.pdf: 6113.5 KB
  decks/hyperthyroidism-preview.png: 2511.7 KB
  decks/hyperthyroidism.pdf: 5901.8 KB
  decks/hypothyroidism-preview.png: 2349.3 KB
  decks/hypothyroidism.pdf: 3715.5 KB
  decks/ibs-preview.png: 2488.6 KB
  decks/ibs.pdf: 5461.7 KB
  decks/influenza-antivirals-preview.png: 2467.8 KB
  decks/influenza-antivirals.pdf: 4038.7 KB
  decks/iron-deficiency-anemia-preview.png: 2079.0 KB
  decks/iron-deficiency-anemia.pdf: 8159.4 KB
  decks/lp-a-cardiovascular-risk-preview.png: 1738.3 KB
  decks/lp-a-cardiovascular-risk.pdf: 2396.7 KB
  decks/lp-a-cv-risk-preview.png: 1518.8 KB
  decks/lp-a-cv-risk.pdf: 5180.8 KB
  decks/ltbi-overview-preview.png: 2507.9 KB
  decks/ltbi-overview.pdf: 5913.8 KB
  decks/ltbi-treatment-preview.png: 2192.5 KB
  decks/ltbi-treatment.pdf: 9037.5 KB
  decks/masld-ckd-coexistence-preview.png: 2864.4 KB
  decks/masld-ckd-coexistence.pdf: 8303.3 KB
  decks/masld-fatty-liver-preview.png: 2366.9 KB
  decks/masld-fatty-liver.pdf: 7548.2 KB
  decks/microscopic-hematuria-preview.png: 2392.1 KB
  decks/microscopic-hematuria.pdf: 6551.5 KB
  decks/migraine-diagnosis-preview.png: 2213.3 KB
  decks/migraine-diagnosis.pdf: 6037.2 KB
  decks/morning-htn-preview.png: 2744.3 KB
  decks/morning-htn.pdf: 4022.4 KB
  decks/mronj-clinician-preview.png: 6243.6 KB
  decks/mronj-clinician.pdf: 15941.5 KB
  decks/mronj-patient-preview.png: 2695.0 KB
  decks/mronj-patient.pdf: 8344.1 KB
  decks/nocturnal-leg-cramps-preview.png: 2304.9 KB
  decks/nocturnal-leg-cramps.pdf: 3308.4 KB
  decks/oh-management-2026-preview.png: 2377.4 KB
  decks/oh-management-2026.pdf: 3836.9 KB
  decks/older-adults-resistance-intensity-preview.png: 2495.8 KB
  decks/older-adults-resistance-intensity.pdf: 6812.2 KB
  decks/once-weekly-insulin-preview.png: 2579.5 KB
  decks/once-weekly-insulin.pdf: 10272.6 KB
  decks/osa-preview.png: 2509.3 KB
  decks/osa.pdf: 7214.4 KB
  decks/osteoporosis-preview.png: 2520.5 KB
  decks/osteoporosis.pdf: 7182.9 KB
  decks/pcsk9-oral-inhibitor-preview.png: 1495.0 KB
  decks/pcsk9-oral-inhibitor.pdf: 6664.6 KB
  decks/pediatric-abdominal-pain-diet-preview.png: 2311.0 KB
  decks/pediatric-abdominal-pain-diet.pdf: 5372.0 KB
  decks/pediatric-abdominal-pain-hypnotherapy-preview.png: 2321.5 KB
  decks/pft-interpretation-preview.png: 2231.4 KB
  decks/pft-interpretation.pdf: 5377.4 KB
  decks/pft-preview.png: 2494.6 KB
  decks/pft.pdf: 4136.8 KB
  decks/pm-fitline-ebm-preview.png: 3562.2 KB
  decks/pm-fitline-ebm.pdf: 9253.6 KB
  decks/pneumococcal-comparison-preview.png: 2545.9 KB
  decks/pneumococcal-comparison.pdf: 6084.7 KB
  decks/pneumococcal-preview.png: 2484.1 KB
  decks/pneumococcal-selection-preview.png: 1445.8 KB
  decks/pneumococcal-selection.pdf: 2251.7 KB
  decks/pneumococcal.pdf: 5892.3 KB
  decks/post-infectious-cough-preview.png: 2281.4 KB
  decks/post-infectious-cough.pdf: 4958.7 KB
  decks/post-polypectomy-preview.png: 2384.1 KB
  decks/post-polypectomy.pdf: 3798.7 KB
  decks/prediabetes-remission-preview.png: 2260.0 KB
  decks/prediabetes-remission.pdf: 8507.3 KB
  decks/prenatal-acetaminophen-autism-adhd-sibling-preview.png: 1852.4 KB
  decks/prenatal-acetaminophen-autism-adhd-sibling.pdf: 6811.9 KB
  decks/refractory-dyspepsia-preview.png: 2550.7 KB
  decks/refractory-dyspepsia.pdf: 7748.7 KB
  decks/roma-ovarian-risk-preview.png: 2698.0 KB
  decks/roma-ovarian-risk.pdf: 5500.4 KB
  decks/rsv-realworld-preview.png: 2580.3 KB
  decks/rsv-realworld.pdf: 7055.5 KB
  decks/sglt2-glp1-combo-preview.png: 2556.5 KB
  decks/sglt2-glp1-combo.pdf: 6711.2 KB
  decks/soy-legumes-htn-preview.png: 2435.1 KB
  decks/soy-legumes-htn.pdf: 6556.5 KB
  decks/statin-side-effects-preview.png: 2195.6 KB
  decks/statin-side-effects.pdf: 5728.7 KB
  decks/subacute-thyroiditis-preview.png: 2399.6 KB
  decks/subacute-thyroiditis.pdf: 7777.9 KB
  decks/surmount5-tirzepatide-vs-semaglutide-preview.png: 1612.1 KB
  decks/surmount5-tirzepatide-vs-semaglutide.pdf: 2782.6 KB
  decks/t1d-glp1-cardiorenal-preview.png: 1563.7 KB
  decks/t1d-glp1-cardiorenal.pdf: 2540.9 KB
  decks/teen-height-growth-preview.png: 3079.4 KB
  decks/teen-height-growth.pdf: 8263.1 KB
  decks/tirzepatide-dulaglutide-kidney-surpass-cvot-preview.png: 2005.4 KB
  decks/tirzepatide-dulaglutide-kidney-surpass-cvot.pdf: 6469.5 KB
  decks/tramadol-bmj-preview.png: 2637.3 KB
  decks/tramadol-bmj.pdf: 5424.6 KB
  decks/vasovagal-syncope-preview.png: 2516.4 KB
  decks/vasovagal-syncope.pdf: 5429.4 KB
  decks/vutrisiran-attr-cm-helios-b-preview.png: 1552.4 KB
  decks/vutrisiran-attr-cm-helios-b.pdf: 2531.3 KB
  decks/young-male-hyperhidrosis-preview.png: 2367.3 KB
  decks/young-male-hyperhidrosis.pdf: 7041.4 KB
  handouts/abdominal-pain-appendicitis-red-flags-preview.png: 1218.3 KB
  handouts/abdominal-pain-appendicitis-red-flags.pdf: 2903.0 KB
  handouts/abdominal-ultrasound-prep-preview.png: 824.1 KB
  handouts/abdominal-ultrasound-prep.pdf: 2045.7 KB
  handouts/allergy-mast-preview.png: 1348.9 KB
  handouts/allergy-mast.pdf: 3115.4 KB
  handouts/antihypertensive-strength-preview.png: 1208.2 KB
  handouts/antihypertensive-strength.pdf: 2162.5 KB
  handouts/antithrombotic-pre-endoscopy-preview.png: 744.7 KB
  handouts/antithrombotic-pre-endoscopy.pdf: 1998.7 KB
  handouts/blood-draw-aftercare-preview.png: 910.7 KB
  handouts/blood-draw-aftercare.pdf: 2859.1 KB
  handouts/blood-draw-prep-preview.png: 640.1 KB
  handouts/blood-draw-prep.pdf: 1765.4 KB
  handouts/bone-density-prep-preview.png: 864.1 KB
  handouts/bone-density-prep.pdf: 3354.4 KB
  handouts/bone-density-room-guide-preview.png: 955.5 KB
  handouts/bone-density-room-guide.pdf: 2598.7 KB
  handouts/cgm-caresens365-preview.png: 1226.9 KB
  handouts/cgm-caresens365.pdf: 2919.6 KB
  handouts/checkup-prep-preview.png: 828.6 KB
  handouts/checkup-prep.pdf: 2044.2 KB
  handouts/chronic-disease-intake-preview.png: 616.6 KB
  handouts/chronic-disease-intake.pdf: 1512.1 KB
  handouts/cold-return-visit-preview.png: 958.1 KB
  handouts/cold-return-visit.pdf: 2697.2 KB
  handouts/colonoscopy-prep-preview.png: 1675.7 KB
  handouts/colonoscopy-prep.pdf: 5581.7 KB
  handouts/cpr-flowchart-preview.png: 738.6 KB
  handouts/cpr-flowchart.pdf: 2262.7 KB
  handouts/crash-cart-checklist-preview.png: 717.0 KB
  handouts/crash-cart-checklist.pdf: 2005.9 KB
  handouts/crash-cart-map-preview.png: 683.7 KB
  handouts/crash-cart-map.pdf: 1890.9 KB
  handouts/creatine-guide-preview.png: 1673.1 KB
  handouts/creatine-guide.pdf: 4705.6 KB
  handouts/cvd-retinal-screening-preview.png: 1709.8 KB
  handouts/cvd-retinal-screening.pdf: 6649.4 KB
  handouts/cyclosporine-statin-ezetimibe-safety-preview.png: 638.9 KB
  handouts/cyclosporine-statin-ezetimibe-safety.pdf: 1423.6 KB
  handouts/diabetes-diet-preview.png: 1281.7 KB
  handouts/diabetes-diet.pdf: 3001.5 KB
  handouts/diabetes-drug-strength-preview.png: 903.7 KB
  handouts/diabetes-drug-strength.pdf: 1891.7 KB
  handouts/diabetes-fruit-guide-preview.png: 822.0 KB
  handouts/diabetes-fruit-guide.pdf: 1832.9 KB
  handouts/diabetes-intake-preview.png: 689.8 KB
  handouts/diabetes-intake.pdf: 1857.2 KB
  handouts/dyslipidemia-diet-exercise-preview.png: 1342.0 KB
  handouts/dyslipidemia-diet-exercise.pdf: 2943.2 KB
  handouts/dyslipidemia-diet-preview.png: 1805.5 KB
  handouts/dyslipidemia-diet.pdf: 4902.7 KB
  handouts/egd-prep-preview.png: 1006.7 KB
  handouts/egd-prep.pdf: 4878.7 KB
  handouts/egfr-proteinuria-preview.png: 672.4 KB
  handouts/egfr-proteinuria.pdf: 2005.0 KB
  handouts/fasting-glucose-preview.png: 870.8 KB
  handouts/fasting-glucose.pdf: 1144.2 KB
  handouts/fit-collection-preview.png: 587.4 KB
  handouts/fit-collection.pdf: 1749.2 KB
  handouts/fit-positive-preview.png: 924.4 KB
  handouts/fit-positive.pdf: 2178.5 KB
  handouts/gallbladder-polyp-followup-preview.png: 780.0 KB
  handouts/gallbladder-polyp-followup.pdf: 2460.1 KB
  handouts/gerd-lifestyle-2026-preview.png: 1223.1 KB
  handouts/gerd-lifestyle-2026.pdf: 3312.4 KB
  handouts/glp1-intake-preview.png: 765.0 KB
  handouts/glp1-intake.pdf: 2131.3 KB
  handouts/glp1ra-pre-procedure-preview.png: 877.1 KB
  handouts/glp1ra-pre-procedure.pdf: 3676.1 KB
  handouts/gout-core-preview.png: 1515.2 KB
  handouts/gout-core.pdf: 2846.3 KB
  handouts/h-pylori-eradication-preview.png: 892.8 KB
  handouts/h-pylori-eradication.pdf: 2518.3 KB
  handouts/hand-eczema-steroid-potency-preview.png: 949.6 KB
  handouts/hand-eczema-steroid-potency.pdf: 2215.5 KB
  handouts/home-bp-measurement-preview.png: 876.4 KB
  handouts/home-bp-measurement.pdf: 1339.4 KB
  handouts/htn-why-start-preview.png: 684.8 KB
  handouts/htn-why-start.pdf: 2781.2 KB
  handouts/hyperprolactinemia-protocol-preview.png: 667.1 KB
  handouts/hyperprolactinemia-protocol.pdf: 2084.2 KB
  handouts/hypertension-intake-preview.png: 616.2 KB
  handouts/hypertension-intake.pdf: 1712.8 KB
  handouts/hypertension-low-salt-preview.png: 1084.9 KB
  handouts/hypertension-low-salt.pdf: 2557.5 KB
  handouts/ibs-fodmap-diet-preview.png: 2254.1 KB
  handouts/ibs-fodmap-diet.pdf: 15300.5 KB
  handouts/insulin-start-preview.png: 826.5 KB
  handouts/insulin-start.pdf: 6007.2 KB
  handouts/iron-deficiency-anemia-diet-preview.png: 1280.1 KB
  handouts/iron-deficiency-anemia-diet.pdf: 2912.4 KB
  handouts/iron-supplement-preview.png: 1005.6 KB
  handouts/iron-supplement.pdf: 4558.3 KB
  handouts/joint-supplements-preview.png: 893.6 KB
  handouts/joint-supplements.pdf: 1318.7 KB
  handouts/liver-enzyme-fatty-liver-preview.png: 627.2 KB
  handouts/liver-enzyme-fatty-liver.pdf: 1897.6 KB
  handouts/magnesium-rich-foods-preview.png: 1623.1 KB
  handouts/magnesium-rich-foods.pdf: 2587.9 KB
  handouts/mbp-bone-joint-evidence-preview.png: 1128.3 KB
  handouts/mbp-bone-joint-evidence.pdf: 1485.3 KB
  handouts/migraine-preview.png: 736.4 KB
  handouts/migraine.pdf: 2225.1 KB
  handouts/nasal-spray-allergic-rhinitis-preview.png: 1478.2 KB
  handouts/nasal-spray-allergic-rhinitis.pdf: 5796.7 KB
  handouts/pneumococcal-adult-2026-preview.png: 1118.2 KB
  handouts/pneumococcal-adult-2026.pdf: 1835.2 KB
  handouts/post-colonoscopy-clean-preview.png: 830.8 KB
  handouts/post-colonoscopy-clean.pdf: 1482.9 KB
  handouts/post-colonoscopy-preview.png: 827.5 KB
  handouts/post-colonoscopy.pdf: 2072.0 KB
  handouts/post-egd-biopsy-preview.png: 867.5 KB
  handouts/post-egd-biopsy.pdf: 1418.6 KB
  handouts/post-egd-clean-preview.png: 811.1 KB
  handouts/post-egd-clean.pdf: 1396.4 KB
  handouts/post-egd-preview.png: 832.1 KB
  handouts/post-egd.pdf: 2071.1 KB
  handouts/post-polypectomy-clinic-preview.png: 695.5 KB
  handouts/post-polypectomy-clinic.pdf: 2298.0 KB
  handouts/post-polypectomy-pdf-render.png: 676.2 KB
  handouts/post-polypectomy-preview.png: 903.2 KB
  handouts/post-polypectomy-qa-report.md: 3.7 KB
  handouts/post-polypectomy-screenshot.png: 388.7 KB
  handouts/post-polypectomy.pdf: 1396.5 KB
  handouts/post-vaccination-precautions-preview.png: 1249.8 KB
  handouts/post-vaccination-precautions.pdf: 1722.4 KB
  handouts/pulmonary-function-test-prep-preview.png: 763.6 KB
  handouts/pulmonary-function-test-prep.pdf: 1858.7 KB
  handouts/sglt2-precautions-preview.png: 887.0 KB
  handouts/sglt2-precautions.pdf: 2127.1 KB
  handouts/shingles-adult-2026-preview.png: 1309.2 KB
  handouts/shingles-adult-2026.pdf: 1908.2 KB
  handouts/statin-ldl-strength-preview.png: 566.6 KB
  handouts/statin-ldl-strength.pdf: 1141.1 KB
  handouts/stomach-supplements-evidence-preview.png: 1069.2 KB
  handouts/stomach-supplements-evidence.pdf: 3322.8 KB
  handouts/symbicort-inhaler-technique-preview.png: 7138.3 KB
  handouts/symbicort-inhaler-technique.pdf: 5686.4 KB
  handouts/thyroid-function-preview.png: 650.5 KB
  handouts/thyroid-function.pdf: 1895.7 KB
  handouts/thyroid-hormone-taking-preview.png: 930.0 KB
  handouts/thyroid-hormone-taking.pdf: 2291.5 KB
  handouts/thyroid-nodule-followup-preview.png: 951.0 KB
  handouts/thyroid-nodule-followup.pdf: 1685.3 KB
  handouts/urine-collection-preview.png: 580.6 KB
  handouts/urine-collection-restroom-preview.png: 739.7 KB
  handouts/urine-collection-restroom.pdf: 3198.5 KB
  handouts/urine-collection.pdf: 1890.0 KB

=== Notion sync: 172/172 ok (token: secrets-file/keychain) ===
